step,target,strong_1,strong_2,strong_3,medium_1,medium_2,medium_3,medium_4,weak_1,weak_2,weak_3,weak_4,noise_1,noise_2,noise_3,noise_4
0,0.3645879226,-0.5791568853,-1.2821943914,-1.7719503322,-0.2826413272,-0.6728136847,0.0673822452,0.3942684416,-0.6858034422,-0.5527395227,-1.4871236918,1.3305451629,0.6983920032,1.5485483320,-0.1985537086,0.1163826478
1,-0.7746854389,-0.8131256932,-0.2135859594,-0.1045265370,-0.8336399497,-0.6964129251,-0.0778402907,-0.5948517800,-0.7727796812,1.0673547697,-0.4300442671,0.2666362471,-0.8240407379,1.8984326112,0.3202843620,0.3722310131
2,-0.8717347307,-0.1035138274,-0.7387085284,-0.5601573886,0.4557313971,-1.3434151674,-0.1438269710,0.0006306787,-0.0532604012,0.4463270333,-0.5420591095,-0.9667001514,1.2481916127,0.7116206539,0.3164731598,-0.5426747516
3,0.0234522596,2.1249425690,-2.0330108446,1.0005518868,0.4234726280,1.3077539057,-0.2976241704,0.8467210169,0.4006891052,-0.9317900008,0.8396405065,-1.0506954463,1.4654481213,0.1003452321,-0.4643430054,0.5679678802
4,3.1638495453,1.4605247214,0.6783570853,1.2822618284,1.2590598312,-0.1393221660,-0.3203981167,-0.3187456170,1.1009488776,-0.8264947180,-0.4055113348,-0.7257824148,0.1377402946,-0.2652552102,-1.7362218044,-0.1845203602
5,2.7179972345,0.5201855910,0.3093089906,-0.9524984742,-0.9941393242,-0.3224470166,-0.7926451259,0.0001440261,0.7751457663,0.8881178971,-0.7496992276,0.4809613498,-2.9534462037,-1.3522048770,0.2795056575,2.6531324293
6,0.1315019849,-0.3899961664,-0.7759266847,-0.4164982218,-2.0020764568,-0.6204667128,-2.4628616937,-0.1242875384,0.6962220799,-2.1053278463,-2.1042317275,-0.8047685798,-1.2300982242,-0.9213471228,0.4414521418,1.7794453010
7,-0.3712883562,1.2161289634,0.6692593094,1.2506935602,-1.2489946478,-0.9849147969,-1.0847483455,0.2121991209,1.1842638264,-2.7327037315,-1.1506732908,-0.1543147888,-0.5845462851,0.3901470612,0.5705105863,0.5876495899
8,1.1384216562,2.4244235123,2.1245688021,1.3065684100,-0.7554279643,0.4565452695,-0.3395446912,-1.5704865987,0.8855593049,-2.5102882794,0.0092121947,-0.3555206941,0.3625398024,1.5952811915,0.0469894621,2.4403392339
9,1.8388328697,0.4057217737,2.0091706930,-0.7254881751,1.2090240061,-0.2231568753,-0.2759302864,-1.6505349181,0.7647534467,-0.6726866018,0.2360101385,-1.2432938542,1.5560876207,0.8060379434,-1.1632990650,1.4561647761
10,0.7749607068,1.2565194863,-0.2585769860,-1.9934914009,0.9231804562,0.7018710772,0.2010252054,-0.5546756022,-1.1025000976,-2.7306176432,1.0412429180,0.7936499326,3.9737463374,1.6911491031,0.6188902138,-0.0612812581
11,0.9699878065,1.5660183818,-3.5794239876,-1.9227474659,-0.8821043296,-0.5068933490,-1.4441610984,-0.4630236579,-0.3147820198,0.1853294464,0.6698581200,0.1997054105,1.9223024538,-1.0463120803,1.3723556974,0.0763844310
12,2.3607766405,1.3331552420,-2.8387811052,-0.8765801805,-0.8826032920,-1.2693985283,0.4925411771,-1.1529105406,-1.1031275656,0.3695243262,-0.7601563249,-0.1112055174,1.0797238621,-1.8999622182,-1.4206388510,1.4710966594
13,2.7559123954,0.4081797239,-1.2233039828,-1.4877718094,-0.1817611768,-1.4064561075,0.7793325065,0.4232342218,-0.1909259191,-0.9639659011,-1.5854505522,-0.1358873896,1.1400073077,-1.4142762155,0.3145937350,-1.5438105409
14,1.9871571081,-0.3790929793,1.0725681569,-0.3390636505,0.4310518432,-0.1164451512,1.0986703443,0.8477592403,-0.4331507479,0.1487061141,-0.1141238107,-1.5751741545,-1.3304031473,1.0614859302,0.1386227996,-1.5427651362
15,-0.0127546874,-0.2394876806,1.2106340138,-0.8193817233,-1.9583574177,0.6833688598,0.4873214177,1.0402072367,1.3243112593,-0.2602675066,-1.4119374490,-1.2891471043,0.3458792386,1.5358443299,-1.1154491728,-1.9042171940
16,-2.4459513010,-0.7327311815,2.5261718609,-0.3085462249,-2.6215733110,-0.1093369063,-1.0802967572,-0.3701151909,1.0467011054,1.3004798915,-0.1798443919,-1.1063840356,-1.3529761961,1.5735161552,-0.0524746087,0.6639108072
17,-5.0142286215,-0.2756736663,1.3342309353,-1.1235380430,-0.3555189859,2.1134130381,-1.1779151523,-0.9076788736,-0.4254832624,-1.0265723493,-1.0906676364,-1.1051284560,0.1124602538,-0.4087407888,-0.6583097274,0.3062816956
18,-4.5165447628,2.5350357356,-0.1702722184,0.2688776414,-2.6404092388,-2.5109603739,-0.8880903000,-0.6541085356,-1.0738025820,-0.5628750032,-0.3145383106,-1.7535934790,-1.4819655347,0.3077807848,-0.1890784048,0.8213352929
19,1.2619974911,1.5980217715,0.0413114550,0.0783192712,-0.8682159057,0.5286393268,1.0392175060,1.7788995111,-2.1780491915,0.9592279097,-0.7131958938,0.3986139965,-1.2207098370,-0.6623615757,1.0661109990,-0.2195763764
20,0.4232811018,2.0164719332,1.4889313809,0.5438653023,0.3450009169,-0.2678912618,-1.1436225323,0.1581830997,-1.5960786500,-0.3108478394,0.0577329211,1.7766612043,-1.2736796431,-1.5537815676,0.9209906881,-0.5619000139
21,0.3084444154,1.2714927552,-0.2479940013,-0.6031545438,-0.2281568658,0.1944304840,-0.4604279371,-0.0177222261,-1.3732503580,0.1635270814,0.1320984935,-0.8575434460,-0.0643436860,-1.8941924040,-0.1532463101,-0.9963178948
22,0.1093922295,-0.9646656737,1.4958508528,-0.3831523413,-0.2856331849,0.1997862470,-0.0034385576,-0.2967974305,-2.1587543751,0.3530083445,-0.4777098224,-0.0413151401,0.2892798231,-1.2810222081,0.3464630660,-1.4178940868
23,-3.5813399916,-1.4797372972,0.2593900021,-1.8574268280,1.8328886284,-0.0939651103,1.3311070280,-0.6612377008,-1.5128472777,-0.4152300082,-2.1978124946,-2.3159728171,1.7437203459,-1.5161935642,0.9319455418,0.9960106616
24,-2.6516926525,2.2856552810,0.5181105168,-0.2191164913,-0.5372181110,0.4862275117,0.1961881169,-0.2673399986,0.2518913731,-0.2099978288,-0.5470901921,-1.9397389264,0.6180732812,-0.9907332834,-0.9803304816,0.2409918829
25,0.4444583851,0.6105113870,1.4467301427,1.3240423865,-0.3695145027,-0.0296921091,-0.9504258586,0.4015058701,0.7182908123,1.2362185694,0.1068152351,-0.1055132308,-0.1029987812,-0.2957768193,-1.2554060865,0.0843245818
26,-1.1449254132,1.2437979377,1.1394873177,0.9699286767,1.1026272508,-1.8654956895,-0.9284696061,0.4896538570,0.7826974767,-0.4419763036,0.3464256613,-0.6889805830,1.5110789701,-1.7418213002,1.2614121863,-0.1284973938
27,2.3193913652,-0.9354988710,0.4701021858,0.8287680396,1.3445197117,-0.5295493672,1.9035265887,-1.7296404830,-0.5996461025,-0.3887739732,-1.1261918497,-1.1000741615,1.1041542062,1.0425011491,-0.0027260990,-0.1403107329
28,2.5727105141,-0.7941689673,-0.5272023063,-1.8920196783,0.7028951382,-0.2359744673,0.4535836061,0.6550689368,-2.5714555229,-0.5118966767,-0.7181286235,-0.1069140468,0.4099625835,-0.6480827130,-0.4786966870,0.1109178174
29,-0.4654345020,-0.4291545595,-1.7022896297,-1.5417474365,0.4791488689,-0.8006228616,0.1249328680,-0.4580115769,-0.2447079146,0.0372138505,-1.0499887630,0.5617222652,0.3666752446,0.1338262234,-1.1398201000,-0.1559626167
30,0.5797097346,-0.0372477286,0.6068763122,-0.3470098474,0.4705086431,-0.2327155410,-0.1300104600,0.8609589256,0.4243059954,0.3524947105,-1.4503807765,1.1537426815,-0.6239384212,-0.5599281392,0.1929929521,0.0905297548
31,-0.7338631237,1.0778550589,0.3357299878,1.2756779866,-0.8183039962,0.7879314254,-0.6496233139,0.6289452893,-2.2548856601,-1.1806014343,-0.8295944139,-0.2338259698,0.0893909598,-1.6892918697,-0.5383834617,0.4868524418
32,-0.3651303806,1.0379202610,1.8168168947,-0.2044192381,-0.6180350190,1.1469554391,-1.7084010880,1.2991767015,0.2233895455,0.2408108302,-0.7211338504,-1.9794194115,-0.0083820196,0.1492209836,-2.0594149093,-1.7823828382
33,-2.6378528245,0.7490208097,-0.0766475583,-1.3155440203,0.2859033901,1.1199029922,-1.3769967532,-0.9156052760,0.5986031329,0.7706563092,-0.8954215854,0.7520435179,0.2378706986,0.3608852291,0.7326846650,-1.7025434385
34,-2.6619626106,-0.7347875116,0.2818996251,0.9914979277,1.0510048267,0.1802822543,0.0191086924,0.6342239281,1.1821838162,-1.4216656706,0.3192749252,0.8150527809,0.0245841783,-0.3414453009,0.5710223163,-0.2057542252
35,-0.0265009922,1.0922756065,1.2499230200,0.7374705659,-0.9168274944,-0.2010437118,0.9728815694,-0.6983962300,-0.0234677778,0.9487964616,-1.8444708544,-0.1328169115,1.1219888762,-1.2807002610,0.2714009006,0.3455888502
36,-0.1210761522,2.2260057495,-0.5233970533,-1.7138047731,0.3762478957,0.3394467086,0.5483651890,0.2684252908,0.4422905705,-0.8347596629,0.7151718189,0.6185809104,-0.1663866859,-2.4975935782,-0.2265415743,1.2420023101
37,1.3251511163,1.4630637475,-0.4816344149,-1.1218363596,1.5853783830,0.3943752469,0.3218229875,-0.1033684543,-0.5688453160,-1.5731354490,0.1173687495,0.1245477122,-0.9514657988,0.5877314443,-1.3085782992,1.0634730359
38,1.1495667102,0.0356089757,-0.3744889338,-2.5389774575,2.3067802336,0.8549598066,1.1627570777,-1.4364873334,-1.9614910404,-0.7185186672,-0.5372280067,-0.7878263983,-0.5277098201,-1.6368278680,0.6158576406,-1.2603230035
39,0.2274430868,-0.7669908489,0.5775545463,0.7992748262,0.7765783040,1.1345384951,0.1525240958,-0.3975142367,-1.2161329951,-0.6220862595,-1.1293080812,-0.3398462936,0.6334777133,-0.5459980182,0.6487716003,1.1343932982
40,-0.6195582139,-0.5785806061,0.8698953663,-0.0192083350,0.6906250040,-0.5875209543,1.3514250036,-0.4514022395,3.0591204135,0.4172581648,-1.7811848829,-0.4176983137,-0.7376981009,-0.0244654793,0.5190001609,-1.0476576132
41,0.7921159009,-1.0079627063,2.2254056572,-1.3456096522,1.6666620950,-0.1166304015,0.6478569667,0.3618831780,2.2201872462,0.3713925131,-0.8177501698,-1.6842074192,-0.8516620188,0.1987814217,0.8579994507,0.1044800752
42,-0.6188535579,-0.9239487120,1.2049338225,0.3052586654,0.1040654396,3.0502564547,1.0387860698,-1.0911401341,0.7655789617,1.9047175007,-2.2095376633,-1.9712200877,0.5947669765,-0.5881929516,-0.0275301192,0.6019907182
43,-2.5061906301,0.0856727533,-1.2127951495,0.2871785294,0.7687195712,-0.7856877898,-0.2464740902,-1.7514108726,1.5189956415,-0.1600350679,-2.2272498489,0.4823190176,-0.2831674230,1.9997300678,-0.0729765592,-0.5941947968
44,1.5880637151,-0.5111103285,-0.5965731208,-0.4584851932,0.8612098945,0.2049938621,0.4026750385,-0.8142863732,-0.8346246525,0.5271402422,-2.5806734711,0.1468634897,-1.5990992462,0.3383728556,-0.7141326447,-1.3807614223
45,0.4247583300,1.1872441485,-0.5448924820,0.3682819852,0.4396188356,-1.5983763378,-0.1532125267,1.4061106474,1.7840743752,-0.3179007077,-1.7535110067,0.5665542631,0.1068763545,-0.3443358130,0.3711832920,-2.2830038491
46,2.3900586878,-0.5532700005,1.3422201754,-0.1571115216,0.4133872438,0.2372155117,-0.3456655869,-0.7280365044,0.1671012817,0.7084252290,-0.4517012462,-0.5797620015,1.0629970756,-0.4041764812,-0.2194426877,-1.0621324345
47,-0.6613986146,-1.8322842865,0.0762451225,1.1756764454,1.1542040744,0.7947772798,-1.5323741190,0.6644026643,0.6150570421,-0.0437939364,0.6712112541,-1.6099335361,0.3462982296,0.5607423669,-0.6354176982,-0.7408952273
48,-1.1296739090,-0.9861044881,2.3521061791,0.6599486098,0.1510489003,-0.0209184300,1.5073347427,-0.4360767467,1.3028175602,0.4255309813,-0.4815971979,-1.7339378773,-0.2116842231,0.7859624099,1.0180537744,-1.1586899630
49,-0.8743960633,-0.0769955312,0.6384154576,-0.1739690352,0.1783408821,-0.1818608339,0.1389704766,-0.3652476056,0.2368669639,-1.1691003591,0.9714908127,-1.2171848293,-0.3624660031,-0.1470160725,-0.0277241055,-1.3254144596
50,0.0215647731,0.8269139481,2.3535677408,0.5263219071,-1.6266869080,-0.1875735590,0.8907725966,-1.8009393694,1.1302884744,0.8954895887,1.0311976679,-0.0280126791,1.0068464294,0.7320725327,-0.4712745708,-0.5233935318
51,0.1737550002,0.0844464516,-0.4899899260,0.1124213606,0.7878166031,0.2702765323,-1.8295559399,-0.8750833946,0.9123281135,0.1694200230,-0.1645800803,-0.2826196868,-0.8484544380,0.5694685043,0.0293153135,-0.3011292311
52,0.2336057595,1.6032220039,0.9838806945,0.7139323365,0.0039788399,1.0229646663,-0.1398559821,0.9119760693,1.0062018058,0.9531311446,0.3764152757,1.3332204565,-1.5106680220,1.0450212840,-0.2658312495,-2.1736917561
53,0.2542743486,-0.2780882291,-0.1335456811,0.2839574360,-1.6036181783,1.5281405037,-0.1340827308,-0.0526384932,-0.7379940205,-0.3543986183,-0.1573349152,-0.5501311068,0.4142109504,0.0103726037,-0.2596331056,-0.0356690514
54,-1.1253406301,-0.7795603378,0.6584763192,-0.8403992988,0.2139760562,-0.8338442077,1.0326290567,0.8461127242,2.1587393514,-0.4059861440,-0.8148890538,1.7334746970,-0.1010634382,-0.2294771257,1.4122749574,2.4335596855
55,-0.6116963914,-0.2318391732,2.4060126747,-0.3137731089,-0.2482809215,-0.1139843370,-0.1265021534,0.8391841499,0.2371123906,-0.7470035016,-0.7008072630,0.7601471161,-0.2914888279,0.3874879062,-0.9967844435,1.0150890218
56,-2.2827919626,-0.2997337546,1.5092127794,-0.3965692486,0.4671692985,-1.6605980680,1.2033855598,-1.0405568195,-1.3138924731,0.0110799073,-3.7099646388,-1.6629101296,-0.1011642192,-0.6966079095,0.5167850648,0.0275816738
57,-1.2930123309,0.8110432580,0.7389575843,0.8899287102,-0.3191595609,1.1088774448,0.5422720270,-1.4116082460,0.8932394549,-1.9083899632,0.2794859107,-1.1649278217,0.7702411123,0.4842438340,1.7043953942,1.7140268537
58,1.0502700097,0.0706877441,-1.1550006330,-0.3096514060,-0.1058681986,-0.2834387179,1.5511835290,-2.1044601467,0.4824504713,-1.7784762857,-0.5942791445,-0.7044360979,1.2062463995,0.9154300448,-1.3426477115,1.9395005240
59,2.9555110187,1.8048255218,-1.3508419817,-0.1662220361,-0.0181813975,-0.8069581485,0.7578155718,-0.4204769629,0.9852809606,-1.0432030827,-1.9777498987,-0.6455073858,1.5234997046,-1.0780346091,-1.5526881744,-0.2120460205
60,4.2295367131,0.4976660388,-0.2846154730,-1.3607001411,-0.9895846113,-0.1065255488,-1.3511095268,-1.3586707852,-0.0560910014,0.0859972429,0.7127072454,-1.6560568325,0.2140843774,0.1612771047,0.5557083332,-1.5273881476
61,0.5158929140,0.9412539443,-0.1828210707,-0.4446712128,0.2704959966,-0.0047307133,-1.5460816639,-1.7768307703,-0.5994459537,1.4375381146,0.3286487491,-1.2890686652,0.1268687878,-1.1568177366,0.0986733584,0.0496175455
62,0.3427013760,-0.1540950860,-1.3960035344,0.4926394533,-0.6678519532,-0.1105984587,-0.6956724103,-0.1193038295,-0.6735611777,0.7908201572,-0.1903516020,-0.0220661005,-1.5922573198,-1.2721065649,-0.0255176835,1.4936517012
63,1.0431733231,-2.2398905367,-1.4593760855,-1.0196546568,-0.5364770201,1.4937795032,0.8689650182,-1.1597398307,-1.0730656173,-1.4329703802,-0.9106477240,-0.4714402650,-1.5544233226,0.4338824337,0.2447292770,0.4801545357
64,-2.3408173463,0.2095088805,-1.9765679741,-0.0691365065,1.1361061790,-0.9465737963,-1.5415287349,-0.2983095239,-1.1382773518,0.4373497897,-0.3116776765,0.3539993169,-1.5135182885,0.8849609214,0.9461955939,-0.4562194947
65,0.8211942888,1.0766426775,-0.3608744817,1.7284777704,2.1626230794,0.7407120095,-1.5471643144,-0.7123615424,0.9236162071,-1.0238786144,1.9613187472,-1.9304138781,-0.2265793054,1.5691103123,0.3604420153,0.8940213206
66,3.2362949577,0.8714918307,0.1652472978,0.2774253585,0.7557469291,-0.2457066806,-0.3020281653,-0.9510597014,0.8011485346,-0.5145907000,2.5918297920,-1.3929291395,1.0008809675,2.0486378387,-1.4613766881,-1.4421747428
67,2.3535185238,-0.0352971422,1.8456523755,0.3477917036,-0.4664383143,-2.0213547827,-0.5440043758,0.0514028522,-1.0911037864,0.5138285490,1.7862160016,-1.0080189783,0.7614096934,2.3640468088,0.1186448042,-2.0035449626
68,0.0138356707,-1.8016819515,1.8762472298,0.2048477476,-0.4964937768,-0.9185964973,-0.8491973965,1.7547442549,-0.3730605182,1.9031738081,0.6124818544,1.6461998229,-0.2169318962,0.6826766597,-0.0933684758,-0.2059185614
69,-3.7199795539,-0.1051422003,2.6525707942,-0.5318242074,-0.2545164482,-0.3602451293,-1.9484675515,1.6906787190,0.0923705451,0.2122069639,0.5493072882,1.3148287456,-0.3603297746,-0.3375207897,-1.1569771489,-0.0252142408
70,-4.0698258300,-0.6258076136,1.1509360988,-0.1768893079,0.0849971971,-0.7084341091,0.1560063559,0.1432303736,1.8142869613,0.3770645292,-0.0073757906,-0.1181781192,0.2049705723,0.6348405221,-0.5876479395,-1.1192154261
71,-0.8471394238,0.5582567696,0.7625787963,0.3067074632,0.3003371303,0.2661132261,0.2552211518,0.9076426291,1.3837639114,0.4333825198,0.4961721254,-0.2437823864,1.2505299980,0.2645626080,-0.6504372817,-1.4281241890
72,0.2026607926,1.8748438517,-1.0041650956,0.3870523054,-1.0031750829,0.3722658689,-1.4110620143,-0.7408619056,-0.4536162352,-1.5802849284,0.1813840842,-0.6188943082,0.4617979915,1.2475981503,0.0466936107,-1.1666039806
73,1.5289491735,2.0237777545,-1.7462073152,1.0470918416,0.2539611988,-0.2239058559,0.3417343081,-0.0321588260,1.5778088514,-0.9281909167,0.6364648096,0.9535015175,-0.3340148032,1.1563070908,0.3940853682,-0.5963221894
74,4.8847128811,0.9535087064,1.9252342603,-0.3558704190,0.8864661237,-1.3701178328,-0.1400365259,1.9039761277,0.2891899623,-1.4707714382,1.7111454755,-0.1996112660,0.0431774606,1.5925229317,0.9614159568,0.8210564380
75,1.1250234645,0.3958739643,0.5443155348,1.1548127804,1.0136064519,0.0193655828,1.0457926014,0.9933547546,-0.7809070461,-1.9989483117,-0.8594147760,-1.7417618003,-0.6818210986,-2.1085174327,0.4499569466,-0.8701438376
76,1.8099375432,-0.3614554065,-1.0799444021,-0.8569755848,0.3114690998,-1.2776394431,1.4802531822,-0.9128162646,-0.8065122589,0.1487603503,0.7439047646,-0.2004186387,1.0675645723,-0.7594548452,0.2915308849,-0.0905564242
77,1.7006804100,-0.2488718693,-0.3851279500,0.3893097733,0.3889464678,-1.9613087317,0.5341091994,-0.0527742707,-0.3636614358,1.2013908874,0.9851518440,-0.4689682765,0.8382376868,-0.5013215182,-0.2705986829,0.8579303949
78,2.4629972819,-0.1685724344,-1.4400575605,0.1888642355,-1.2890767081,-0.1731954803,0.0904313790,0.1539671758,-0.2887474802,0.0694720639,1.8431362561,-0.3433029628,2.2579591050,0.5712486959,-0.3186817009,-0.3994187366
79,1.2485009497,-2.0058489346,0.2100448987,0.6230613349,-0.4893082182,-1.2010914931,-0.0047773955,-0.0852630704,0.7574999796,-0.5823495731,0.2003879390,1.6060356136,-0.4755325484,-1.2492828785,0.9800903655,-1.7393891613
80,-0.6003620854,0.3551680169,-0.8154567022,-0.6236136023,-1.5633047690,-0.4279571797,0.6529108963,0.4777229739,0.7559073100,-0.9090675037,-0.9248548465,0.0502156686,0.6544474125,0.1388250108,0.9863753084,-0.6507785996
81,-0.4828446487,-0.1197461671,-0.7695633704,-0.4130031723,-0.2448911044,-1.7803576367,0.2327096048,-0.2366860195,1.7311961546,-0.2688281192,-0.8957904851,0.2776266634,0.9131703445,0.1709974582,-0.4215621310,-0.0150097955
82,1.7201803511,0.4263623439,-0.2039053339,0.1707162499,-1.2063421576,-0.4401403399,0.1187038731,-0.4548591197,1.0661500161,-1.7772252045,-0.2073405895,0.5105623956,1.0524029250,0.6125613691,0.8678825779,0.5001855819
83,1.3402854680,-2.1631870348,-0.1957480213,1.1626875353,-0.9002472711,-0.0848948193,1.2766229521,-0.8588133642,-0.3015365851,0.3022953187,0.8113299022,0.3415398031,0.1330427210,0.5143509144,-1.1656891336,-0.1526758736
84,0.4051126362,-2.1974019690,-0.4985185259,1.5100494425,-1.0935097252,-0.9460876567,1.3560961440,-0.0496058908,-1.1116663092,0.8509025038,1.4678219334,2.2458256545,0.4917682353,-1.7362870048,-0.5375991644,-0.1397807242
85,-0.2459277982,0.0099339944,-0.3189053448,1.1085246312,-0.5183981662,-0.1251987115,-1.5876384761,0.4826733267,-0.5426689037,0.6812578377,1.9614009244,2.1149139949,1.6970121026,1.7619863913,0.8498646821,-0.7451917928
86,0.3490369678,0.7325908063,0.6101488972,-0.2669612503,0.3148001153,-0.4636650877,1.6739060882,0.2445961146,-2.6006966997,-0.8305707599,0.4334339486,0.2488039675,0.1047892445,1.0805047275,-0.4817820920,-0.0439978054
87,0.5832551718,-1.2321711983,-0.1954635537,0.0060480384,-1.0689556122,-0.6992840806,0.6662043735,0.0291221783,-0.7385838987,-0.3659652198,0.0341880735,-2.8303233099,-1.2592272992,0.0770268649,-1.3769665094,-0.7433939085
88,-0.1012291243,0.7427597138,0.5899466448,1.2379011619,0.0769959307,-1.1961969391,2.3848449181,-0.3161888532,-1.7472670389,0.6671155565,1.0393324763,0.8208194475,-0.6139165365,1.0948145753,0.3282261667,-0.8249029597
89,1.8630451419,-1.0912168180,0.2643510145,-0.8554227932,0.8481680153,-1.6870521839,-1.5028607397,-0.4396525302,-0.5105253110,0.3850197218,0.6804852089,1.6257055081,-1.3674363855,-0.1053714390,1.5525378701,0.0177922278
90,-0.5936306591,0.2322973210,-1.4683101857,-1.1170406757,0.7502378363,0.2932358895,-1.3692282491,0.2432942402,-0.1043820800,-0.5144267823,0.1759285228,-0.0089061055,-0.4399858213,-1.0465533651,-0.1860447484,-0.6971169927
91,-0.3122617585,1.7174406302,-0.5247224653,-0.3284163281,0.0848942465,-0.9035047467,-0.4056507495,-1.4347724933,1.1125143096,0.8544992764,-0.9852404987,0.5555296649,-0.5985563190,-0.9065083387,-1.3639164067,0.5312354948
92,2.3104999306,-0.4721213988,-1.1290052373,1.0272305417,-1.3592580632,0.5690457828,-0.5575620660,-1.1446783255,0.3016516111,0.4611745721,-0.7935658717,-0.9814212760,0.9805186325,-0.6443646714,0.9842426005,0.8857891857
93,2.0160314330,0.8250917182,0.9264568226,1.1652059869,0.1113785528,0.5731583355,0.4427890663,-0.8253353882,-0.8334862249,0.4633003163,-0.5086798043,-0.2077515761,-0.3013987653,1.5222750616,-1.0795596273,-1.0441611381
94,1.9237827049,0.7135274660,-0.6240311670,0.4783360064,0.9253908617,-0.2033832337,-0.2857686730,-0.3360671185,0.1188388375,1.4808059415,-0.9004518606,-0.3149615797,0.6017866745,1.6968373956,-1.1478421009,-1.0455887669
95,1.5417505534,-1.4307515284,-0.8843503220,0.6043864698,-0.7244307445,-1.5527863574,-0.3189100615,-0.0485820055,0.7432873693,-0.6625802365,-0.3147419251,1.0884479428,-0.8209411534,0.2624716071,-0.4651614461,0.6146473670
96,0.6992391746,0.1188907013,-0.3637488205,1.7694040615,-0.2236728214,0.4286242909,0.9848812838,-0.3555958069,-0.7959655741,-0.5596977274,-1.8090316844,-0.6065517087,-0.0490305773,-1.7842094714,0.0312591533,0.3669490127
97,1.6064703486,0.8121582212,-0.8892635508,1.4038627981,0.8512350841,0.4690796215,-0.1397387290,0.8882292943,0.3286013311,-0.5845153526,-1.1688703397,-0.6490660750,-0.1781361425,-1.6491593066,-2.2375117455,0.6418646127
98,2.4015146748,-0.0844195571,0.5055455173,1.1400747243,1.0624335238,0.2776197066,-0.6763889385,-0.6847914590,-0.0468147925,-0.7701095520,1.0318301591,-1.6385288750,0.6639780141,-0.7012301824,-0.2852983197,0.0879799005
99,1.4111230334,0.4555703033,-0.2092653544,0.8004914410,0.1226294607,0.5878800185,0.6480313883,1.0333779795,0.9907257252,0.7651190875,1.6910772245,-0.9563062630,0.5365009170,-1.5628946769,0.7961999605,-1.3608200481
100,1.7721424670,0.3944408109,-0.8470518084,0.1444847433,-1.0870544588,2.3403111720,0.3474650917,-0.5337571044,0.2248127260,-1.7499679425,1.5033026000,-1.3813889658,0.0888124976,-1.2729758695,1.6478200002,1.5968702928
101,1.2880531648,-2.8182535591,-0.6153394692,0.6544901587,-0.2923446012,-0.6692918906,0.7470302393,-0.4288835553,0.0498128171,0.1200020194,0.4902677263,-0.0697879373,0.7025849537,0.6506313610,0.7533169451,2.5747492991
102,-0.1484072665,-0.0153392344,-0.7287836039,0.2373087307,0.1088148818,-0.3263345952,0.7269378280,-0.9196097113,-0.6670625317,-1.4482106089,0.9095656788,-1.8014408915,-0.6779485097,0.0121903701,-0.0098821691,2.1075298736
103,1.5795095639,0.3602886784,-1.2202531707,1.4859425856,0.1887442229,0.2073645354,1.9290950670,0.1722081954,-1.2978255533,-2.2634928933,0.2693567238,-1.1154629182,-2.0874096585,-0.1833958113,1.2305265167,0.8192839511
104,3.1818529064,-0.1445316441,-2.5168817979,-0.2700937465,-0.3497493349,2.0087570520,1.2552042519,-0.8039243001,0.1368103041,0.0733127475,0.1725478444,0.7841684739,-2.1202527633,-0.8677594772,1.0173494524,0.3845302576
105,1.8544561325,-0.5448904354,0.9560128530,0.1768218836,0.0013707438,0.5584237032,-0.3619642918,0.6910829201,-0.8775028388,-0.2434003684,1.4409586180,-0.0242399801,-2.0935853328,-0.8714841837,1.2135249551,-0.2033957524
106,-0.6216014969,0.4419617453,1.1388768416,-0.2731931134,-1.0543591849,0.3699510492,1.3300792884,0.0518751161,0.6624816811,-0.3367976245,1.3193051926,-0.3713637433,-1.0143782488,1.2053559550,0.7927471688,-0.0598590105
107,-0.5273182451,0.0277309789,1.0978130426,0.1843473779,-0.5600189260,-0.0827393159,1.3577073080,1.3834161911,0.2144534659,-0.2134737211,0.6011386757,1.1519774620,1.0459909699,0.1997666294,0.2766769231,0.8231708184
108,-1.6834502815,0.8085566916,1.8946522944,-0.6833443703,1.1248273696,-0.2959375715,0.9347710598,-0.4046627580,-1.0844407828,0.3783856311,-0.2269125201,-0.8630180356,1.3991043996,0.4921914081,-0.6511978861,0.8373006360
109,-0.9581189933,-1.5368718380,1.1540277880,-0.0050137787,0.7734451220,0.7633231698,-0.7428976413,-1.7648248663,-1.5287362267,-0.9792848732,-0.3843679156,-1.4606829112,0.4256148502,-0.8497512638,0.8821100431,0.8488295735
110,-1.0522042655,-0.7373973033,-1.3257332068,0.4233302697,-1.5206660848,0.7460983836,0.9206005866,-0.8940619196,-2.4715571622,-1.1317591128,-0.0065205587,1.1708058169,0.6970049007,-1.9712216612,-0.2887507723,1.0561290693
111,-1.1121028966,1.5451286556,-0.6192713755,0.4336558668,-0.4156362002,1.7374498181,-0.4034684482,0.8555694543,-3.2437923426,-0.0385218473,0.1637976516,0.7962089245,-1.4079403982,-0.0786442135,-0.1286174933,0.1031505818
112,-1.6717253688,-1.1354277877,0.1389640680,0.5236472628,-0.4884260245,-0.6004045747,0.2621857305,-0.6273536057,0.5494529911,-1.8239408358,2.1238617508,-0.6592441458,-1.6171504768,0.3878079059,-0.5921596614,0.1640968287
113,0.1658195749,1.4177010476,1.0720934592,-0.0032444834,-0.7334598475,-0.6320268046,-1.2284966067,0.5382969648,0.3048822427,1.6013627260,2.2105709778,-0.8707706423,1.3001126478,0.8470821002,0.9011312703,0.3925706576
114,-0.5821732488,0.4234974881,0.6923873627,-0.7945125061,-0.3716740171,-0.3551906752,0.8553858672,-0.5108462931,1.0385638746,-0.1033352451,-1.8010572758,-0.3378882457,0.6150487304,1.3476327512,2.3810753417,-0.0356253824
115,-1.0396565589,0.2609911085,-0.2734994700,1.3390564820,-0.5426193885,1.4075024639,-0.5769742043,-2.0617639149,1.4326252778,-0.4070433993,-0.2349484080,-1.1472650152,-1.5139328579,0.2286703305,-1.4236088565,-0.9449613755
116,0.4938406429,0.0034937095,-0.5141946523,1.4397247723,0.2624286573,-0.2223240931,-0.3084093250,-0.4058311577,1.4233786244,0.0104290028,0.3413722563,0.9663202389,-1.3906075704,-0.2327196581,1.5521258254,-0.3874228534
117,1.7611604651,0.1557898786,-1.3124418734,0.3069333621,0.9115457469,0.6454873313,0.1757281458,1.5607298813,-0.2238354738,-0.7695912539,-1.2149364096,0.5451127175,-0.2326176925,-0.7912992831,-2.0981117924,1.2651043604
118,1.8410712319,1.0273201146,0.1089171791,0.7892063003,-1.5789889816,0.3251358805,0.4996175025,1.7098606150,-1.9389152646,0.1457042560,0.4951687789,2.5379190924,-2.5220994543,0.1736347216,-0.5875823760,-1.4612856023
119,-0.3081396251,-1.6696442766,-0.2948904710,-0.3011667958,0.2123819727,0.9007422901,0.1315050323,0.5625089699,-0.6879593335,-0.5451918382,0.0111532823,0.8699663836,-3.0425536395,-0.1535970492,0.7400867289,1.1505679909
120,-1.7531226655,0.2890821647,-0.6613432960,-0.4731360163,0.3691427855,0.0171381643,-0.1407651172,-1.1456197847,-1.5548125067,-0.3096624341,0.8031709365,1.4793665481,-0.4043110632,0.1413995472,1.4732745009,0.5591746419
121,0.2544839936,0.8292031077,0.1489377915,0.5060897062,0.5083446496,-0.2826973303,-0.1178629928,0.7329474092,0.3365719467,0.1506641285,0.5347918969,1.0736712694,-0.0766486049,0.4628770070,1.3736951936,0.6886448763
122,1.1648847937,1.6955941562,1.5965600505,1.3177715682,-0.0262244966,-0.8531419134,-0.1403481669,1.5713679023,-0.6388992452,0.8383803836,0.3447457016,1.4925289604,0.0907845885,-0.6900429819,-0.3589522774,1.4749908956
123,0.9011110800,1.0025264995,-1.8446456874,-0.4237267203,-0.5281667724,0.6977843337,0.5882389112,0.3465550158,-0.3236533612,-0.1543280459,2.2349354064,1.9571281364,0.3530264492,-0.7861827124,0.3231669696,0.4593285208
124,1.1042921138,1.1500863429,0.4872929478,-0.3616042179,0.8280075980,0.4902894268,-0.1710239355,1.9039727323,-1.2649926403,0.0038748187,1.0303957812,0.7093911400,0.8291664208,-0.2131557331,-1.2386653580,0.3413650643
125,-0.6854173578,-0.2886172637,1.1733412829,-1.0734734680,1.2001781888,-0.4230550147,0.3129363760,0.4699727775,-0.0430708047,-0.8413312544,0.2643008438,0.3653753095,1.8470972898,0.3816261806,-0.7237392565,-0.2934691577
126,-0.2315481823,0.0630988186,1.9071533776,-0.4726964153,2.2914935715,0.2204997134,-0.7738415655,0.1103406828,-0.1900282992,0.7816698739,-1.9644778564,1.1323863700,-0.3238314244,0.3892914435,-0.7987921143,-0.3751826295
127,-1.2709379556,-1.7211195961,0.5547235192,0.0596286857,0.3813381803,-0.7344418537,-0.6083844034,-0.8664531438,-0.8991965761,-0.7312652002,-0.7400852854,0.4710296005,0.1865968553,0.4348202730,0.3192499021,0.5539888367
128,-1.4520539801,-0.5704362902,0.0893965669,-0.3634180265,1.2491059034,0.0058363977,0.1755526637,-0.0288830184,0.3114414663,-1.1125165276,1.1758352016,0.1706520161,-0.1471620925,-0.8855043594,0.4828575643,0.1055808377
129,-0.1844725575,-0.5713457887,-0.4811735588,-1.0313935422,0.0410775561,1.8507006129,1.8864432869,0.8800673021,0.9704389173,-1.0666163817,0.1138536081,-0.4398941811,0.8494626412,-0.8430081914,-0.8122144873,-0.0149637776
130,-0.1114784565,-0.7268701942,-0.5609413742,-1.0472931240,-1.8724843040,0.5999581901,1.2072627749,-0.9325089823,-0.8525132585,-1.0250092889,0.2605010338,-1.2563281104,-1.0211013778,-0.3365204510,-0.6032864792,1.3764321571
131,-1.1657582554,-2.4054874557,-1.0083446051,-0.4396594025,-0.4931021226,-0.9107706153,1.0066195746,-0.6322961676,-0.7576723413,-1.2689213190,0.3540704837,0.1656551617,-0.9929060645,-1.2625160960,-0.0854691848,-0.1004555750
132,-0.2829097902,-0.3223109753,-1.1813723945,0.5384303356,0.1793988191,0.2695385367,-0.4193473754,0.1808495054,0.2608081776,1.3792520905,-0.2609658144,0.8257586239,-1.3201868619,-1.4569427045,-0.6983887912,0.5974957875
133,-0.1758232993,-1.4064474496,-0.2468776457,-0.3252942053,-1.0233751504,-0.0805915513,0.9497666004,0.2754673688,-0.2766947662,0.0537600457,0.6761820980,-1.3969453798,0.1277592945,2.0164273057,-1.5033828154,0.9027461987
134,-0.5254158465,-0.1682441267,-0.9494457346,-0.0073618664,-1.4306498916,-0.2414686898,-0.8878935802,-0.7379925401,0.0308139288,0.5077618729,0.1263794342,0.6522385004,0.0544734173,2.5219615224,-0.2636075958,-0.8806971534
135,-0.9268192249,-2.4152302005,-1.6348805655,0.5361994169,1.4104798263,-0.6461966035,0.7103166432,1.2597426850,0.0977312217,-0.3277626285,-1.0522555414,-0.2760401831,1.9271183625,1.9739656126,0.2667284531,-1.9738592865
136,0.7729602626,0.1523879086,0.5824647653,0.2741871108,0.5086586363,-0.7600859354,-0.5932976092,-0.7910443603,-0.2917813632,-0.1542016273,1.9515586656,-0.1697388855,-0.7824567510,0.9399924289,1.0664816992,-1.1088551964
137,0.4135029936,0.7389623627,-0.6879112046,-0.7375775837,0.7550560593,0.5784620681,1.3372314120,1.3764364412,-2.1291665329,0.0089381606,0.6238197020,-1.5120468912,-0.6234958914,1.3397222589,0.1838077050,-0.8623411202
138,-0.5670002674,-0.0415461263,1.2714541936,-1.1411213446,2.2485309900,2.4652864892,1.1415127840,1.9390715851,-1.0010979153,-0.4170451062,0.5779185315,-0.8538962665,0.8248099866,0.1995304564,-0.9101739775,-0.2370229581
139,-1.5122741252,1.4947038174,1.6352387622,-0.9558373712,-1.1688007223,0.1926364173,1.8627096831,-0.0261404564,-0.1640920835,-1.1809375326,-0.2525799538,0.3038539983,1.0075542999,-0.0531407611,1.3481344154,0.1467913248
140,-0.3003875713,-0.4576617341,0.5281491162,1.3190945957,0.5807810248,0.4724726846,0.4256094594,0.7358319901,-0.8795830703,-0.9739281318,0.4771769720,-0.7237005271,1.9555783473,0.0823100460,-0.3741035725,-1.6870840583
141,0.0934155611,-0.0535212084,-0.7082090798,-0.9129507039,-0.3426497586,2.7038041593,-1.2739767968,1.6986433786,-0.3950555886,0.4647510294,-0.5370767649,0.1875147977,0.3029432993,-0.9304567278,-1.0235933195,-1.6028418149
142,-1.7896486985,-1.0022784050,-0.6238630087,1.2410495934,0.7007900404,-1.0101235465,-1.4323127062,1.1012850451,-0.8263876379,0.8216470184,-1.7059096564,0.3807858776,0.4421926912,0.5588490201,0.2584195118,-1.0942081095
143,-0.3806548364,-0.4189197053,-0.9081508785,1.9628499681,-0.0546942759,-0.6132392796,-1.7911532478,0.8415571022,-0.1096732449,1.2638350439,-0.3880681163,0.4910501057,-0.3736032037,-0.0321146840,1.1668246006,1.1836575734
144,-0.1377588596,1.3683204746,-0.5082772240,0.2855757238,-1.1360507085,-1.9555184984,-1.2511132759,-0.4409836886,0.7118670255,1.3800245649,0.6718258702,-1.9770272111,0.7375641836,0.2443743971,0.8611492947,0.4205289483
145,1.8168573937,-0.0467715755,0.7619082239,-0.2726436003,-2.2963688746,0.4197418887,-0.2819943411,0.5935791426,-0.7458605449,0.9814705039,0.2492989606,0.9639541217,0.4504878540,-0.5062477076,-2.0112909536,-0.9625279220
146,-2.3794351359,0.2956529749,1.2268084809,-0.4235696551,0.3635700879,-0.8494922593,0.6713586731,-0.7419860831,-1.5098655872,-0.1419060693,0.0902686280,-1.4319991026,0.1368876866,1.0209925693,-0.8537956450,-0.1060420691
147,-0.5506520108,0.6081619517,2.1227191441,-0.0003800892,0.0167951735,0.4633511741,1.0032538113,-0.7774440971,-1.8611830374,-0.9451946442,1.3357014782,-0.3195348488,0.6481534958,0.9347296990,-0.5078379854,-0.5715919804
148,-0.1933624483,-0.1126109172,0.1863574529,1.5791092262,0.3823178039,1.1958607253,-0.0793402988,1.6877750061,-1.9286487707,0.6873533101,0.1877838689,-1.8463716634,0.3124450311,1.3504853608,-0.2519311567,0.3021994078
149,-0.9040933000,0.5367109715,-0.7842670084,0.2836921342,1.3101482122,0.4790314055,0.4764595514,0.0763669593,-2.2338336918,1.9052501326,0.5568680504,-0.0601105974,0.6404235501,2.0511029851,-0.6587706319,1.6062151888
150,1.0056461834,1.0577918182,0.4184076386,0.2454692026,-0.1892591791,-1.7223459362,0.0567849249,-0.8869708604,0.3996796104,-1.0418433733,1.9918288540,-0.9165980131,-0.3912095586,-0.4404940404,-0.0998372275,0.0710841352
151,1.9688152925,-0.8462506384,0.4493123018,0.4758373991,1.0942104331,-3.2552832138,0.1630196295,0.4689135203,-0.6900750292,1.8930578930,0.8523441165,-0.4920993372,-1.0553251848,-0.0619064414,-0.1319019549,-1.9535012401
152,1.7776005523,1.8510076045,0.7286460688,1.8548555776,0.2044068161,-0.8073034909,0.9185501833,-0.3428202692,-0.6489670705,2.1946094446,0.2791161880,-0.9580479031,-0.3705956251,0.9935012865,0.1222903049,0.2537686627
153,2.2224223693,-0.0825668973,0.1956234143,1.1086857929,0.3434363825,-2.2047865177,-0.4192271894,1.0540786779,1.4628186682,0.5038081445,-1.0630201972,-0.7996313822,0.6675451398,0.4617871178,-0.4514092382,0.0990307860
154,1.9141025511,-0.1554226357,1.2017387704,0.8949157206,0.4338819647,-0.4568299306,0.8469187026,-0.9464804077,1.2493365477,1.2207768119,-0.2690939557,-0.1718672328,0.4408501981,-1.0459412161,0.6285876990,1.0096687838
155,1.3163672597,2.2918907056,0.1611065268,1.7006294063,1.9876852803,-0.2701303796,1.7868435640,-0.8473904684,-1.1036784971,1.0004293755,-1.0354278822,0.5092492800,0.3515963715,0.2422183218,0.1997788072,-0.2195541963
156,4.4947096951,0.5648965965,-0.0597928260,-0.5426622443,0.2093602869,-1.2870052299,1.1052259165,1.0250585661,0.6751566552,0.3973140445,0.8047411701,1.3822135752,-0.1727618323,-1.2219740041,1.1463691506,-0.3459634770
157,1.9058056633,-1.2204267977,-0.5252433123,-0.2548014805,0.0122058276,1.8219371898,2.1842697356,0.7706799544,0.4743881547,-0.6107395667,0.8344040241,2.3184208242,0.1644164376,-2.2427450548,0.7750621007,1.2268507225
158,-0.3188259028,-0.1128219796,-0.7080926211,-0.1710043032,-0.5494398030,-0.0684765782,-0.9765364129,1.0134089608,-1.3041246408,0.3901953066,1.0034653684,-0.6019378729,-1.1276919803,0.4335274144,2.4249433536,-0.3272652153
159,-1.5612328019,-0.0947402077,-0.4231788534,-1.9673964192,-1.2870336047,0.7889269127,0.4885270097,-0.8048138750,-1.3599481089,0.8170746018,1.6050167100,1.0995577399,-0.8049194366,-0.5061331638,0.9406436120,-0.6102386419
160,-1.8912870762,-0.6903072871,2.2702702548,-2.2330288970,-1.2799540979,0.6780593378,-0.3881040843,-1.1653592567,-0.8761424888,1.7441656000,-0.2156407627,-0.2722488862,-1.1743673750,0.6391558917,-0.2296262517,-1.2130470897
161,-5.6107669320,0.5441880709,1.5293593563,-1.4502065097,-1.5482194215,-2.0450067538,0.4825736815,-0.0955258524,0.2036069458,-0.0025986724,1.0206468164,-1.6257899149,0.3840915633,-1.4468488356,0.1820925856,0.2765119574
162,-1.9661825692,-1.4017780260,1.0854568082,-1.8185180164,1.6313027113,-0.0279572004,0.6310624675,0.4669846489,-0.6305225486,-1.1334824306,0.7008707281,-1.9522937052,0.6572818774,-0.6946182577,-0.8515469279,0.4103283758
163,-1.8945884752,-0.7580738113,-0.9356476429,-0.6093338326,1.1251989706,1.6182854646,-0.6772006041,0.3901631738,0.4887023034,-0.7281579934,0.9710945000,-0.5921274356,0.4780267837,-0.3277218424,-0.2068719331,-1.3136208321
164,-0.9155958843,-0.3871116278,0.2605981312,0.9464291950,-0.7860715181,-0.1371614780,-1.6033998863,-1.0672684111,0.3678745290,1.6982418347,-0.9594496705,0.3853542963,-0.4059951272,0.8952418914,0.2311979739,-0.8464641683
165,-1.9031804333,-1.0624643281,0.4372260350,1.6196116517,-1.5238207202,0.4760350988,0.8114982275,-0.7413825621,2.7364366842,1.0338364696,1.5898284852,1.6457700811,0.4975377948,1.0824738969,1.2822074583,-2.2073533473
166,-0.4623757037,0.6423843595,0.2348929116,0.1138154070,0.8565867942,-0.8575769081,-1.4467969461,-1.9081012369,-1.6275703840,1.6367014012,1.4747090793,-1.2941685840,0.5997502021,-0.8143592920,1.0221677375,-1.9398534082
167,0.6677374996,-0.5155582043,0.2999952747,-0.3901087395,-0.4489453251,-2.0851918563,0.7121047481,0.9943869570,0.1366281159,0.9542863497,0.1823984998,-0.6007550297,-1.4430824731,-0.0880053814,1.5632307428,-0.8898357623
168,-0.1227050154,0.2056134521,0.8868700869,1.1576964148,-1.3965567658,-2.4311981326,-0.2818229397,1.4003780968,-0.9783468892,0.2224756477,-1.9413724301,-1.4765473632,-1.2179331470,-0.4370959668,-0.7308621523,0.3468010162
169,-0.4161257695,-0.2545212053,1.8772116038,1.7077188196,-1.0322159035,-2.4196008620,0.3384673581,0.0083886444,-1.0788236301,1.1651830390,-1.3279524248,0.3944065479,0.4854624826,-0.2309344338,-1.1223616870,-0.9909883751
170,-1.1100591824,-0.9558576532,0.7522148903,-0.9149794557,-0.2662586443,0.0968576117,0.2995965914,1.3573898039,0.7369799199,0.4265496773,0.2092765923,-0.0536039910,0.4491995200,1.0123106396,-0.9568983971,-0.0018686340
171,-2.5748844210,-2.2229056347,-0.5740803146,-0.1167587362,0.5573079393,0.2347093016,0.5653370450,-0.0343193312,-0.7229017524,0.8576699644,0.9880234371,1.0966274112,0.0443605557,-0.0360295163,-0.1575242933,1.4892359480
172,-2.3868532218,-1.4792251153,-0.7498752713,-0.9544773744,0.6482385176,-0.0184637820,-0.1886733290,1.5686924082,-0.2756710975,-1.3189704404,-0.3209809809,0.1184853410,-0.2844232708,0.4032009367,-0.8972959207,1.5234819954
173,-1.6807719215,0.5004237710,-1.4225945937,-0.3254461009,0.9195785828,0.8235294450,1.0316536643,0.5262868568,-1.5244639889,1.5363146669,1.1839688133,-2.0514920956,1.8445892261,-0.9374241259,-0.6808707137,-2.0082838180
174,0.6424955772,-1.7034981798,-0.8672775286,-1.7232660042,-0.0649649917,0.6190417071,0.2100751770,-0.8375974930,0.1112676524,2.0159138212,-1.3775347964,0.1197877206,-0.2804698184,-0.0155008546,-0.2254164495,0.7802102927
175,-2.3066546557,-1.7246968031,0.6672185068,-0.0489320212,-0.4878197825,-0.1175847092,-1.1848422175,-0.6270824147,0.6686227159,0.8148818180,1.4149722240,1.3031624755,-0.8831262832,-0.0428213164,-0.2014903288,1.9192821924
176,-2.6594917229,-2.1433749605,-0.2164790697,-0.0649564172,-1.1512246072,0.7597481456,-0.8840215657,0.7415498728,-0.3946618384,0.3762432769,0.7986185582,0.1873084378,0.0252557308,1.0539815281,-1.4750837303,1.4560727445
177,-4.0879968193,-0.2262091657,0.5958369328,0.7850570549,0.0893520650,2.4697488093,0.3198992455,0.6918242814,0.4945668450,2.0986303922,0.3224371961,-0.4786417993,-1.9464200350,1.0031406981,-1.3243747995,-0.0378823161
178,-2.4733043181,-1.2717884043,-0.3766885890,0.1276318421,2.3961046384,-2.0660265831,0.0202951387,0.7687429893,0.1928940561,2.0394920993,-0.3402488603,0.0841057125,-0.8836600095,0.4348479451,1.7256566098,0.0234413542
179,-0.2267750491,0.8175782719,1.3255055292,0.5137242840,1.2929561477,-0.1453263516,0.9009153745,0.3366592631,0.2126468626,-0.2951862308,-1.7603501897,0.7867991593,-3.1918328573,0.9219368645,1.1074779633,-0.4990757237
180,0.7769685662,-1.2332851480,-1.2652694771,-1.5194024163,1.4779855615,-0.5664343150,1.4431909378,-1.5210785932,-0.3376292645,-0.0374801581,0.7525679107,2.7620498617,0.6993069923,0.0932963656,0.9499535561,-1.7968590942
181,0.4290075847,-0.0292430735,0.4752944088,-1.3387924661,-0.4578642648,-1.0937681984,0.4052535952,-0.8863173797,1.7071387177,-0.3987152981,-1.2310436079,0.2586235687,-0.7756726800,0.0440466890,-0.3061004036,0.4351400996
182,-0.4457597178,0.9906539832,0.9274448078,-2.0448755878,-1.4079450716,-0.1454014647,0.8171475888,-1.9273721228,1.2934600452,1.3252906188,0.5587032561,0.3700554074,2.1146165278,-0.8094111263,0.9647608352,0.8165935719
183,-0.2863369530,1.2813861802,0.4376219487,-0.4635723044,0.2496043020,-0.8656080050,0.4156958906,-0.2408963456,1.1716290643,1.4765107541,-1.0934528705,-0.4046245720,1.8697191203,0.1106793536,0.8355114217,-1.0487877814
184,0.5080200937,-0.6114479693,0.0326205802,0.7912405742,1.2376172161,-1.1105433224,1.9325264196,-0.0371680265,0.8371473537,2.1449340945,-0.8134662230,-0.3718729452,-0.0245099687,-0.8240023523,0.9418243645,-2.2656395049
185,1.1051506776,-1.2596704619,0.1081151273,-0.5497980583,0.9963840198,-0.4270223660,0.4648417893,0.5047135024,-0.8071387581,0.7101733109,-1.9854780466,-0.5908876190,-0.5764639085,0.2446565039,2.5472295872,0.0751551456
186,-1.3587190219,0.7635030870,0.5401138412,-0.5307057049,0.8648904682,0.0762886144,0.5248370727,-1.7573371704,0.6644379470,-0.8584587639,1.2141778592,-1.9316962691,-0.5083030415,-0.7511400580,0.3017903934,-0.6410719322
187,1.6268894971,0.6381337044,0.0262307273,2.2322505951,0.1440721400,1.3373005786,-1.5048958279,0.4000019725,1.6632483313,-0.1866807531,1.2210489297,-0.4822591633,-0.2745092966,0.2330926621,-0.8677976098,-0.6039758781
188,2.3440703805,-0.0578478103,-0.4389696562,1.5293987562,-1.2419332844,-1.5517856384,-1.6013417346,0.5127832141,-0.3618904864,-0.2474728399,-0.9416407650,1.6156046991,0.5424548041,-0.9384896263,0.2312031042,-0.2581571463
189,0.5779468370,-0.3881101448,-0.2850745966,1.5698529749,-2.3863893726,0.8297344046,-0.4651153037,1.1818402536,0.4404252990,1.1605389571,-0.6103812930,1.1551929266,-0.1374648193,-1.0994925348,-0.7984647075,1.5060341633
190,-1.8436541080,0.3174826889,0.1794894606,1.0278023385,0.3394446412,1.7660447186,1.0583430224,0.7927068155,1.1613574750,0.5937691873,-0.5269859186,-0.6669701102,-1.6206904767,-1.3530399433,-0.0147904340,-1.5503414884
191,-0.5529684331,0.8350247054,-0.3935627003,1.0231631447,-0.9961058741,0.1636981863,-1.8499301157,-0.5653241841,-0.2213422032,0.2554107725,1.4553115838,0.7773947660,-0.5482527139,-0.5718725048,1.6017843675,-0.1121579429
192,0.2470612391,-0.3402748597,0.9984770542,-0.1793037722,-0.0451629946,0.2942912462,-0.1048648474,0.6824443228,0.1857307690,-0.2391593837,1.8101474581,-0.2609484421,0.3503680283,-1.7071651943,1.6592540363,0.4482243701
193,-1.3545413805,0.4394468809,-0.2418875745,0.3378403148,-0.3494718001,-2.0017269187,-1.2021305403,2.5310118594,0.4593092174,-1.1969218077,1.8934259449,-0.3119585938,-1.1720916339,-0.7238992914,2.6401883419,0.4768842361
194,1.0426210556,-1.0293274970,-1.8325702297,-0.1988143965,-0.7192416397,0.0302968538,-0.5052435200,1.1582151168,0.3059512383,-0.4746266798,0.6544792497,1.3056264982,1.0494212713,0.3834685999,0.2271660926,0.7058778300
195,0.2855275522,-0.5252882009,-1.2158576873,0.6273190048,1.0218810649,-0.1928934662,0.3635266023,0.8075388369,0.6098029292,-0.9231979313,-0.8666149864,0.2147677213,-0.0575822776,0.7540173522,-0.1590469639,1.0589544525
196,1.0874333636,-0.4546263723,0.1747287531,1.9456450329,0.4699432868,-0.2685611524,0.0097086353,-0.5041612764,0.1080410530,-0.6003475598,-0.0837338188,0.7934725525,-0.9061391491,0.7280693275,-0.7880143789,0.8240515746
197,1.8211310554,-0.2139270068,-1.9648910667,-0.3742719552,0.3962901707,-2.3428942150,0.5464921446,-0.4501471631,2.6250589370,-0.8730667178,0.1403039560,-0.9099343320,0.4059999306,-0.0192776955,-1.9617378457,0.1560636195
198,4.5550884856,0.2471819270,0.1591616683,0.9294711782,-1.4498751249,0.3910218315,-1.8625238172,-0.5226639665,1.6421900324,0.4999235899,-0.0519147023,0.4374093690,-0.2385004149,1.2733804925,-0.3259506640,1.3734123541
199,1.0985292321,0.2863474915,1.2356251881,0.3717742080,0.4776646250,-0.6853718894,1.3864746670,-0.2013859371,0.8323356384,1.8086165928,-0.4259903049,-0.8044701548,1.0370465597,0.0815849150,-1.7971553399,-0.2213953937
200,1.1896276542,0.3794704068,0.1456028652,0.1133313210,1.4695950365,1.2325290043,-2.2926079957,-2.1603420517,-0.4066718450,0.8903940925,0.6146800787,-2.3331499534,-0.2034073365,-1.0501194662,0.9858366102,-0.6279450777
201,0.6616313384,1.3197351965,0.3612873780,-0.0329508143,-0.7792638467,0.1066002986,1.4332173552,0.5121966917,0.1495659571,1.2442773505,0.2820642436,0.1687701799,0.0566607177,1.1898376295,1.3973762402,-0.6806684785
202,0.4093152012,-0.2102719375,-0.0843156693,0.5505263545,-0.7467855445,-0.7199100180,0.1149889165,-0.4892244781,0.9223505366,1.1392850463,-1.6339627829,0.2113342177,-0.4820162463,1.0007520048,-0.0556956849,-0.6425888878
203,-0.8374798353,-0.2016183726,-0.1260168137,-0.2136616469,-1.9553933120,0.2406583680,1.3771124938,-1.6440014751,0.1684442002,2.5822813043,0.1613039414,-1.1969291105,1.0806875251,1.6220088299,0.2365893817,-1.7966269795
204,-0.2791805517,-2.1308685679,-0.2907872830,0.3768249450,1.1524572451,0.2513565620,-0.7500805569,-0.5470255885,-0.2978964267,0.6391839115,0.3668617563,-1.2402819600,-0.2437108099,1.4510573815,-1.0420367694,-1.0470035636
205,-0.8570795806,0.0634871712,-0.9181985598,1.4069789279,-0.3443022437,1.1502497911,-2.1562121387,0.0453832871,-0.7119431850,-0.5786145707,-0.7507608844,0.0884386478,-0.1044215461,0.4161650480,-1.0498226265,-0.0901483219
206,-0.3912104722,-0.9409309427,-1.6941094547,0.4473663520,0.0690772045,1.8604289473,0.2175858418,-0.4172236308,1.0227596569,-0.0960698325,-1.2433018779,-0.6766201407,0.3778276093,-0.2006143152,-1.0616286934,0.5185848645
207,0.1528264897,-0.2801578386,-0.2658318034,-0.7929044272,1.1032304622,0.9530841449,-0.5090267995,0.9184698428,-0.3084612283,1.0676310762,0.5699080119,2.3298930224,0.1276368010,0.5574294034,-0.0083020771,-0.3220689802
208,-1.3468425200,-2.2711449183,-0.7333757753,-1.8800683346,1.3750486511,1.5057507792,-0.0365890885,1.5896836802,0.3422658497,-0.2026330840,-0.7443826725,1.1167836200,0.3026840324,0.9347609831,-1.5240275098,0.9870718697
209,-3.8703829013,-0.8012325321,-1.3785295112,-1.1665175087,2.3643230311,0.0995421649,-1.6818704027,-0.2995985885,-0.1497063679,0.7659101480,0.9514059538,-0.1619954250,0.5010236221,1.8191600148,0.7228719189,1.7980149660
210,-1.2482762086,0.6423317191,0.4109579943,-0.2609849574,0.5767831290,0.4953774564,2.1760242757,-0.5096720825,-1.3022419251,3.3265685686,0.4973612929,-0.6971381975,0.2210326727,2.3216307638,0.2348880487,0.7415361678
211,-0.3436028789,-1.4378773473,-0.8010439055,0.8642874553,-1.0995538524,-0.0354848861,-1.4587948354,-0.0656507990,-0.8239873649,1.3471685901,1.1532317715,-0.5382574402,-0.9409015120,1.8109861004,1.7812825711,-0.8661871437
212,-1.8226445786,-1.8781061287,-0.3440153076,0.7690728656,0.2402030040,0.6459287011,-1.8641576953,-1.6470887617,-0.3663448517,1.0269040419,1.4208601840,-1.8559635750,0.3961583676,0.3916038298,-1.2978034680,-0.1325232883
213,-1.5663216772,-1.4583794604,-0.4300411288,0.2135743994,0.4759353501,-0.6190090933,-0.1057719194,1.4737150183,0.2644054158,0.3583267498,0.6120456693,0.4544901395,-0.4245264676,0.6615677695,1.9944664093,-0.5863674091
214,-1.1810985868,0.6040812502,-0.9215789188,-1.7842160462,-0.5095693017,0.8409664261,0.4231669822,1.4851164653,-0.3399777572,-0.4719984090,-0.4676452749,1.3098798535,2.1699370207,0.2827373190,1.7714836287,-0.6972885060
215,-1.5650031665,0.2666170226,-1.2722620656,0.8095732713,-0.0749996838,0.5996732149,1.8446183877,1.9050846604,-0.2824348215,-0.6075058686,-1.5434715189,-2.0841797468,1.1978661125,1.2088436525,2.1530517719,-0.3477837106
216,0.7921418249,-0.7430946347,-1.7866912170,0.3494718010,1.3928971159,0.8763419689,-0.5053932166,1.1696719007,0.0079569809,-0.1794134147,0.0106057319,-1.7593889912,0.3701510543,-1.0938264945,0.0478083607,-0.2179767523
217,2.0927844008,-0.6389515861,1.1017881574,-0.2750867163,-0.0589089192,-0.9658580207,1.0748498594,0.8410337407,-0.5337133662,0.4195362825,-0.1791782955,-1.5453386829,-1.4601255545,-0.7079124864,0.5671260874,1.2319099627
218,-0.6002854634,0.5829623791,0.2185046587,-1.3249533594,-0.7886003066,0.4384751644,1.0474997728,1.7140055848,-1.4046533696,0.3265433714,0.9073366621,0.3999166231,-0.8582023194,1.8378426931,-0.4504660442,1.3462136269
219,-1.6128322070,-0.2024201689,-2.1739411804,-0.6776210697,0.4923837312,0.0606906037,0.8282100317,-0.5176503731,-0.6110673837,0.2538281940,-1.1197402207,-0.6346209255,0.1058750462,-0.8464611343,-1.1576423315,-0.0609413355
220,0.2400829869,-0.9776035200,-0.5205821552,0.4084116564,1.7900835953,1.0792080143,-1.2802523460,0.8611108846,-1.0974860812,-0.4465736182,0.2486723453,-1.5759058898,0.5372268719,0.8559186524,-0.3005047578,-1.0565345298
221,-0.8986794344,-0.3051587902,-0.2896163561,0.2933117364,1.1388745914,0.9964107549,-0.0417520024,-0.2657108280,0.8829894278,0.0174732185,0.0286320990,1.5039569232,1.2779372647,0.5613841092,-1.0670769437,1.7293979404
222,0.5055898275,-0.1818604017,-0.8070159110,0.1488175876,0.9172750122,0.3441859644,0.5506991380,-0.1506054605,-1.1922330657,0.7296804954,1.6812218902,1.7471675312,0.1951304658,0.3777155742,-0.3050671576,1.0948202296
223,1.0602831394,1.5954605612,1.1491321036,0.7055907116,0.1782093780,0.6129140529,1.1740924451,-0.8339009101,0.7077020605,0.0840251209,-0.2968260779,-1.5234906018,1.0376856543,0.3738412353,-0.3761707792,-0.2375879434
224,2.5015341841,-0.2597627158,-0.9775167548,0.2633137853,0.0295737987,0.3841442210,-1.1336162581,-0.4197114539,-0.5579080109,0.5364774262,-1.8417415335,1.1680609885,1.0685699655,0.2352105562,-0.6360205149,-0.6632992342
225,-0.1627336124,0.0321491914,-1.1963506736,-0.5873936264,-0.2467925099,-1.2583717486,-0.0408839602,-1.0316115403,-0.4145663579,-0.3340792759,0.4113324914,-0.1783880208,-0.9363998734,1.2429014964,-0.2574735736,0.0270772715
226,0.7194900231,-0.6331389916,-0.2796573556,-0.2749937039,-1.5554955491,-0.8239719483,1.0130509761,0.2962353951,1.7994408443,0.0290405792,-0.3396395580,0.3894052666,-0.9409294512,0.8320465499,0.8285385471,1.4849833008
227,-0.3161911393,-0.1060000337,0.6190379276,2.1695865334,-0.1938874328,-1.8099978666,-0.0702673405,0.2956511522,1.4428007750,-0.6385076844,0.2247216080,-0.0855127233,-0.6212198653,2.0025685666,-1.3460882211,1.1299330475
228,1.7663176294,0.3426955400,0.1119625004,0.0335624656,1.9800373544,-0.3335100868,0.2209666639,1.2670257469,-1.3917524587,0.5587818593,1.1952847114,0.3640991724,-0.0881283133,1.0491481751,-2.5759626260,1.9520490769
229,0.5590296922,0.7119603259,-0.1170760125,0.4993562529,-0.5835648289,-1.6373093426,-0.1480201439,-0.1412020205,0.3798642187,0.9818201813,0.0157893555,0.1823725789,-0.5842735212,0.8630435091,-1.3730593462,0.9816581445
230,1.1611337178,-0.1379442247,-0.1211053388,0.3670868142,-0.9448654091,-1.3931243792,1.2304555128,-0.9421325490,-0.3600006739,-0.1415140007,1.1523003350,-0.5104961041,-0.4815525914,-0.8270478326,-0.5912991968,0.1703646118
231,1.2987203418,-0.2637716034,-0.7050020207,-0.8268173404,-2.0282503263,0.1898170419,0.3071587263,-0.3695342732,-0.3742168965,1.3428645869,0.7865778262,1.5417066803,0.8499883336,-0.1014956134,-0.7371893695,0.0188744462
232,-0.4221033961,-0.6191274314,1.0639823053,1.3543451515,-0.2460753860,-0.5373807682,0.1350036975,-0.1754889737,-1.0350952479,-1.9903862630,0.4975511532,0.1214199318,1.2644361938,-1.4303263804,-3.0307949055,1.6782716816
233,0.0663701206,-0.8061274701,0.3758582683,0.3189568363,-0.8358168801,0.0636511037,0.2742580854,-1.0750935164,-0.7091386304,-1.0322408468,0.5228935107,-0.6538045904,1.1706866562,-1.0180669315,-0.4590537899,0.5150049355
234,-0.6002489766,-2.2675037121,-0.8024968990,-0.4651280273,-0.7768484404,0.8168585273,0.0815464871,-0.3342473759,-1.4759531932,-0.0020688296,-0.6166028042,-0.8040341132,1.0339200948,0.0108855110,-0.5497344687,0.9777410694
235,-2.6167657277,1.0753867590,-0.4942943469,-0.2709697073,-1.3250969885,-0.6669786278,0.3844459130,0.6700346666,-0.0153944429,0.5187181841,-0.8192953552,-0.1409376833,1.3601563626,-0.5689660453,-0.4785046080,0.3907558298
236,-0.8366492877,0.7184045180,-0.1655586978,1.2080120068,-0.1483777272,-0.7907317678,-0.9532218786,-0.1891964320,1.8572340060,-1.3115849622,-0.7262356717,0.8967357007,-2.4544432490,-0.4142386978,-1.2984694283,0.8523590097
237,0.8099348514,-1.5902506699,0.5160597773,0.1595535671,-1.1172580052,0.8395412877,0.9656422570,1.9433043326,1.3805867083,0.1886701338,-1.0433532289,1.4518438734,-0.8689245326,0.3682477470,0.0056050814,0.8821312935
238,-2.6956970769,-0.0755555231,1.9570099616,-0.9516446790,0.6141751243,0.2619470250,0.5506096831,-0.7464139583,-0.0240909528,0.0505101512,-1.1995068609,0.2009655075,-0.8494474767,0.4907994047,-0.6720670000,0.0907711746
239,-2.5794721362,-0.9705713749,0.4191352545,0.2731717917,-0.2143054200,-1.0927228716,0.5925787068,0.9657167017,1.1687217538,1.8706212403,-1.1337471335,-1.0925189938,-1.2847805640,-0.3582214236,0.7931340320,-1.2913168129
240,-0.7434992297,-0.8293551815,-0.7403909481,0.4439811660,0.4804256902,0.7044250425,-0.5787896778,0.8786170692,0.8222090966,-0.5961893100,-1.6127985980,-2.2114411048,-0.4599201815,-0.4075018041,1.6396139531,-0.5369919550
241,-0.6661461821,-2.2031919457,-1.1777069781,0.0042108786,1.2005787549,1.2667191761,-0.2231044420,-1.3314043551,1.1696647356,-0.6091761437,-0.2881940268,-1.7667974004,0.1816676941,-0.4706220375,0.3568342920,-1.2807665464
242,0.1136422655,1.7542526393,-0.2862848960,0.2399696155,-0.8472938680,-0.9888714519,1.2521111462,-0.8636780595,-0.0354156258,0.6883929951,0.0047073457,-1.4937815939,-0.5675663785,-0.5444400481,-0.1682406968,0.1026562268
243,2.4722665506,1.0880142885,0.9505591351,0.4320918800,-1.5570569062,0.1309445875,0.3785087178,0.2232976155,0.5666054362,1.0377389433,2.0422909185,-0.2187086988,-0.6527218392,0.2432689942,-0.7807598722,0.0035555430
244,0.2463080830,2.2998684382,0.3153562011,0.9347559035,-0.9866428684,-0.2583345324,0.1281210818,0.1992379618,-0.1715041741,-1.1651608744,-0.5194605156,0.6379878020,-1.1183790421,-0.0296590411,0.8101634917,-0.3195306558
245,2.3052027936,0.2146125242,1.3381312505,1.5459389361,-0.8216879064,-0.0731346808,1.2440172271,1.7009639160,0.3717687982,2.0556706183,-0.0672670767,1.7413872116,-1.1292494514,0.5214910330,-0.4334987106,-1.3963077196
246,-0.0092322991,-1.3353423235,2.0163760757,-0.0325800859,0.3033678436,-0.4403593594,-0.4831325764,1.9049843773,1.4268667850,1.8266259706,-0.4276763038,0.2885872486,-0.3957953702,1.9023066278,0.7269609503,-0.9154417232
247,-2.7020498930,-0.5572662521,1.7094886671,0.3175352449,-1.3079356249,-2.6600982011,0.2258064592,0.5831010407,0.2097761807,1.5971912419,1.9275477420,0.7509058135,0.6157408130,-0.5340431276,0.1476442144,-2.3678799660
248,-2.4262873519,0.3758689299,1.0148982881,-0.0568196167,0.7357672268,-0.7588520737,-0.2837653219,0.8983851367,-0.6053767493,-2.3604849539,-0.1663596970,0.9646892909,-0.6811505305,0.5600702584,-0.7310689115,-2.2293611130
249,0.5619811124,-1.0974307536,0.4744242934,1.7336067983,0.1549677250,0.7446379130,1.4303237061,0.2349015255,-0.7528090613,-2.0937066239,-1.1897350805,-1.1313864595,1.0645877791,-0.6183222325,-0.4579498599,-0.0653666741
250,0.6830158583,-0.1130154513,1.1626011625,0.0048537096,-1.6679711316,-0.1333461033,-0.0148596810,0.4921418874,-0.8567679870,-0.4515025792,-1.5731755217,-0.1682863445,0.9402935538,0.0803921180,0.9289160041,-1.3395447375
251,-1.3732866494,-1.6255184250,-0.2658005065,1.3688454082,2.6406680641,0.5991275702,1.8195009615,-1.1234464829,-0.0221261727,0.7596712294,-0.5810903937,-0.8761460771,-0.4154130789,1.4647145290,-0.3947629184,0.0038805423
252,0.9389337673,-0.2787550434,0.0614502566,0.3655597221,1.5816512603,-0.9950414736,1.2145854190,-0.3773801297,-0.2795752721,0.0974190708,-0.6567415513,-1.0656964672,-0.4278213524,0.0468391767,0.8505577634,1.7887969796
253,2.3137217723,-1.3178496326,-1.2656096368,1.3850872548,-1.4544258210,-0.3821316147,-0.5916224801,-1.4005504650,-0.3936082619,-0.5208988449,0.3680853265,-1.0265579509,-0.4401634138,-1.0027906379,-1.8949938400,0.8456370161
254,0.9052695179,0.3627532740,-0.2601401329,1.8238181194,-0.8848627656,-0.7053666047,-0.2356049645,-1.2735460844,-1.4842574012,-0.8908173651,-1.1822013926,1.0281071744,0.9101531091,-0.4139358540,-2.0691000184,2.3800713213
255,1.1149946915,-1.1826594082,-0.3739052315,1.3357271875,-0.2989508345,0.0040498203,-0.4960432620,-1.3808074079,-0.8974105651,1.1340536472,0.0309451722,-0.8712624186,0.9904532578,1.0760519624,0.2569866692,1.7683912978
256,-0.7710699219,-0.2998777179,0.3587237735,0.0526214663,-0.4041034661,-0.6028303045,-0.0083522804,-1.0865779184,1.0658053106,1.2458996063,-1.4767051105,1.2492107714,0.1439455940,0.3622649744,-0.5658341029,1.1010460169
257,-0.3016052750,-1.4161393877,0.7029322837,-0.7355060993,0.0731084456,1.2512163940,-0.7348952310,-1.1287225706,-0.0535655700,-0.1963522767,0.2124184441,-0.6899498187,-0.6459124246,1.2323346295,-1.6596293179,0.1914601289
258,-2.5483660999,0.8057883045,-0.8746610222,0.7291026911,-1.3538266561,0.0825983517,-0.5432621022,-0.1065674606,-1.0972638598,-0.7341081292,0.0393212822,-0.1230602319,1.2101384628,-0.4367558564,-0.3964495624,-0.2599785089
259,-1.3080135411,0.0291381673,0.9721030980,-0.4905926366,-0.7587084976,-0.4384081724,-0.6076319184,-0.3165031111,0.5990672184,0.3661532304,-0.5611968462,0.5954143952,0.8181664696,1.0264242527,-0.6380961877,-0.9756222963
260,-1.7029713461,-1.5788352394,0.8071324286,-0.1179590636,-1.2492849183,-1.6786665367,0.6385093796,-2.2119621017,0.7705650015,-0.0439244528,0.9615353053,-0.2083077798,-0.3781407371,1.1960142832,0.3038549300,1.4234928607
261,-0.4138359615,-0.4699640815,0.0540809688,-1.3940337512,-1.8995626412,-0.8770975215,-2.4270811863,-1.2666248898,-0.5754966578,0.8662333773,0.3798676570,-1.9521928214,-0.9506294631,0.7279058613,0.6083742451,1.8748421360
262,-2.2274971230,-0.2628750445,-1.2685279449,-0.2764358154,1.2141196922,-0.8617170979,-2.0212394503,0.6443865398,-0.8315583847,0.0296594299,-0.4007648602,-0.3097297100,0.0449947007,0.9287217558,-2.3273880421,-0.3138560078
263,-0.2724020032,-0.3443247098,-1.7963647340,1.0785532204,-1.3225376978,-1.4187819546,-0.6345833203,-1.5191760795,0.2590987562,2.6209615739,0.2054261980,1.9723372187,-0.6222928833,-0.6759457161,-1.6375749717,0.2245190264
264,1.5145191987,0.4646542205,-2.6951962039,-0.6814900506,0.7423352292,-0.3157937739,-0.5578817497,0.2014845465,-0.7223446080,0.2602278407,-0.4969129201,0.8881915880,-1.3886626199,1.3846987720,-0.7211668164,0.7951344326
265,1.8963816522,1.2348941827,-1.3970705500,-0.6505399376,-1.4692509578,-0.6843047568,-0.5103280997,1.2129495260,0.8921441656,-1.3067283700,-0.8780788575,1.0452065148,-0.2711121273,0.3751360784,0.7595060144,0.2334262755
266,1.6177438897,0.2377897793,-0.2505607737,-0.5447791282,0.0157727878,0.6791822628,0.2995500578,0.5755234616,-0.9240698847,0.9949979207,-0.9213958805,1.4280264935,-0.2819104536,-1.3071807610,0.0840547563,0.7845106719
267,-0.5591884675,-0.7698650346,0.5092639034,0.6613797516,-0.0495390305,2.1456770158,-1.0404472448,-0.1924911127,0.6357598001,1.5846274287,0.4431301869,0.1468336609,0.9436051606,-1.8262454335,0.7538074781,-0.6085331833
268,-1.4152218751,0.3946412385,1.5933754485,-0.6173460619,-0.0070133496,-0.5188746450,-0.2104571099,-1.2885195524,0.7409457851,0.7649083616,0.4694842890,-0.1841013056,-1.2461696690,-0.2534337929,0.9433688242,0.0297127002
269,-1.5054822636,0.5727091976,0.5583048930,-1.5934169124,-2.1397520827,0.3678646243,0.1237221532,-1.0394014504,0.9003506914,0.5140643301,-0.4058403901,-2.2383957975,-1.4328443559,-0.1607615524,1.6338314161,-0.0541054254
270,-2.3425260169,-1.3140854177,0.5738600198,-1.4595667353,-1.8379135231,1.0793480327,-2.1816159450,1.1211506767,0.6537144329,-0.2380596870,-0.1992127093,-1.4052000957,-1.5268988457,0.0810819098,-1.9725258086,1.5828456695
271,-4.5356072227,-1.1493685498,-0.2257521179,1.0129271596,-2.2552099612,0.1877772753,-0.0457629165,-0.3460682506,-1.9503905236,-1.6868864862,0.9384680956,1.1608035722,-1.5227863233,-0.1345615870,-0.3135740389,0.6322754130
272,-3.0059186920,-2.3387604486,-0.1535599049,-1.0512032397,-0.1554410521,2.7675765079,0.5314709328,0.7872435855,-0.2812302674,-0.8622583098,0.9604117402,2.5469310702,-0.0867726661,-0.9232035708,2.1343865833,0.6437875084
273,-4.5847174826,0.6902392270,-0.6760546338,-1.0655579583,-1.0537165568,1.4961553471,0.3374245654,0.7996321816,0.1434578392,-0.1716422116,1.4879004092,-1.0475753208,-0.7631293652,-1.3021824625,0.4643983785,0.8063827001
274,-1.6149028394,0.9321430372,0.3675617668,-0.1444738204,1.5680619744,-0.4268890462,-0.1755054595,0.2198017064,0.6898668518,0.2442403596,-0.3592616154,-0.1198195311,-0.2049418525,1.7862722067,-0.6865383271,0.5406168121
275,0.9462977972,0.6491214960,-1.2104384814,0.6570161001,-0.9090368355,-1.8519537052,0.6743224859,0.5169511417,0.5283959086,0.8860096924,1.0846142735,-0.4799528522,0.9090658793,-1.4079845664,0.8342393333,-0.6621147413
276,2.4801428825,-0.9271039343,-2.3401185446,1.1067839661,0.6547974477,-1.0318236154,0.3410960466,-0.9356585583,0.2166642764,-0.7050770584,0.0053287352,1.0989192817,-2.1342284356,1.5295489489,1.5381466574,-0.9730607887
277,3.7532697490,-0.9030307989,0.1403280506,0.4081422417,0.1137226623,-0.1128266362,-1.4269993142,0.9432821280,0.0169310128,0.6943459666,-0.5543102527,1.0558187742,-2.3640893481,-0.3705423168,1.9461904055,1.4972011293
278,-1.1381807223,0.1494576217,0.0082156588,1.8679443701,-1.8313143351,0.3679930200,-0.7761461125,-0.2165131531,-1.5985151542,1.2405693341,-1.0880139648,-0.3101765391,-3.2968481307,1.2738265351,1.9193966160,-0.8094669901
279,-0.8711625081,-0.6793219239,-0.7090386575,1.3085448440,0.0848725402,1.3642071905,-0.9764170857,0.6169063804,1.3556670399,0.0435965726,-0.2800069688,-2.5805170673,-0.8313218985,-2.0979365804,2.0150436635,0.0113776992
280,-0.1650095729,-1.2330584587,2.1974815334,0.2772195934,-1.7456048562,-0.3843773154,-1.1270063049,-0.2633570911,-0.3762037579,-0.7288011520,0.6548757360,0.6897756547,0.0085206434,-0.2237525985,-0.0660238203,0.3373712752
281,-2.9904045296,0.5764188819,2.0653716233,-1.2119158394,-1.7119035044,-0.9976101324,0.9535115658,-0.2272945796,-0.2980728081,1.1481497995,-0.0569004109,1.0194361080,-1.1128520462,-0.4446789429,-0.1322214584,0.7411304879
282,-2.7403101290,0.2806358341,1.3297643347,-3.3065632676,-0.2069070372,-0.6179935203,-1.1797343814,0.5110290914,1.1035384518,1.2220273466,-0.4077261477,1.8912859460,-0.4408037187,1.8825789343,0.5490066626,0.4734134458
283,-4.3494947714,0.9116556607,0.9313394069,0.7200517921,0.2188920552,-1.3586606592,-0.7592654002,0.0412268635,1.1403356430,-0.0534801487,-0.4957338950,1.0159947367,0.2704952677,-0.5940263177,-0.8346225241,0.4885393096
284,-0.7259287142,-0.5585170882,1.6867900934,1.6478645536,-0.0486570824,0.3186954777,-2.4250546613,-0.1502840818,0.4781683791,-0.0226739607,1.0131633226,0.4788163444,-0.3998153164,-1.6685082260,-1.1579420227,0.5420456222
285,-2.4968811920,1.3375852272,-1.8276734617,0.8401733569,-0.9187663842,-0.2154445664,0.9778163668,1.9492581807,-0.5653253083,-2.1683566713,-0.0198113661,1.4310301556,-0.0382482504,0.0615674550,-0.4328742152,1.1275600487
286,1.2311236601,-0.7312348382,-0.8590611593,0.8791073027,-0.9907852339,-1.0409023908,0.2903421763,-0.6696207006,-0.6806683303,-1.2795354335,-0.7467492653,0.7600969250,0.7419032542,-0.9022573587,1.3299814766,0.9423191270
287,1.1251257136,0.1299340029,-0.1024594390,-0.0279227565,0.6961235368,0.1094306729,0.5144690587,0.0769669899,-0.0176073674,-0.5212151715,1.3155438362,0.0604853859,0.4226258643,0.3697119469,-0.4092995984,-0.3979030321
288,1.2406187651,1.0418149959,-0.8167569012,-0.3535536061,0.3736779887,-0.4692741265,-0.9166813377,1.9809050240,-0.2884355300,1.5822124424,0.9936377249,1.3901212874,0.3744425655,0.5324374938,0.1163892117,0.4675239688
289,0.1806150486,0.6532422646,0.4197290175,0.0509357630,0.5478930429,0.0829964871,-1.4938367486,0.5004385682,0.8279261612,0.3942812534,1.2601167486,-1.3992926288,0.6022162694,-0.4428760652,0.4590989746,1.2640650077
290,0.7527018856,0.9717437255,0.9844221355,1.7758858870,-0.4625931332,-1.0572299251,0.0020458496,0.9101689765,-1.1263084955,-1.3599700753,1.0799113421,0.2733940633,-0.8495997112,-0.9020062244,-0.7255148331,-0.6717971803
291,1.7063356481,0.6974139302,0.5564097243,0.3292331685,-0.3536242609,1.0883074922,0.5231520974,-0.8716195389,-0.1352590886,-0.0876086067,-0.5333169042,-1.3320231288,-1.6213059757,1.0902791820,-0.9732691108,-0.7623778717
292,0.5066637539,-0.6982810613,0.9701762005,-0.2002178680,-0.8455218346,-1.2115610066,1.3777708806,0.0288159414,0.0290351820,1.6463861872,0.0925348441,-1.9596907244,0.3981310136,1.4515435684,1.1144810754,-0.4056733087
293,-0.6569412964,-1.1641186272,0.2962462046,-0.6686050530,-0.0272292123,-0.2578674078,0.4345416082,-1.0633672352,-0.0420039291,2.0448781058,0.6150336203,-1.7148700392,0.5142628920,1.1808466114,1.0790360267,-1.7387446793
294,-1.3641764042,-0.9324660462,-1.6263445748,0.1453019596,-1.5024192379,0.1424859001,-1.3087575178,-0.4735859800,-0.6923646593,1.5684561898,0.1443922781,-0.3150430092,-0.8780364149,1.1584093155,0.1412719824,-1.1926677824
295,-1.2409958814,0.2237638796,-0.3328361984,0.0927517445,0.3838970706,-0.5226396355,0.1404439818,1.7533682964,-0.8339596178,0.0161264804,0.4946215046,0.0841361928,0.1308345120,-0.8938003557,1.0428335537,-1.0050159415
296,0.5247921591,0.6555151008,0.7823042541,0.2028507317,-0.3561971850,-0.2950010499,0.5457764162,1.5967995586,0.1492879487,-0.6234029254,0.1933548747,-1.4647867611,1.5816826774,-1.0787980252,0.4775516557,0.8893255785
297,0.4243776160,-1.2218224496,1.4381347866,0.3117430104,-1.3622641018,-0.3613098378,2.7275004833,-0.3631146157,-0.3955481868,-0.5932776882,1.0243725673,1.8093854678,0.1848242737,0.1817926794,1.1487281854,-0.8508359576
298,-0.8654651276,0.3421620489,-0.1127972791,-0.3601759378,-0.8094009600,-0.5119347857,2.3990738009,-1.0336148065,0.3595732014,0.8454259116,-0.3941340590,1.1133395206,0.8246439957,-1.0794503436,0.7154532297,-1.2546241149
299,0.3469258693,-1.0423505202,0.2853887451,1.3751938001,-1.5415410030,-0.8019854223,0.1184917581,0.2320755369,0.1471320284,-1.0892526450,1.0226491955,0.8970708829,0.3806408858,-1.2902615119,-0.8495767569,0.6674924407
300,-0.0063550053,-0.1311007040,-1.8755164246,0.8360059682,1.0344070224,0.6554226259,1.3197001635,0.7181549224,1.6849482022,0.1064764722,1.5619214110,1.8061573275,-0.1323478676,1.2673372823,0.3401013053,-0.6614018218
301,2.8234107182,-1.7584582481,0.0844114556,-1.2104359550,0.5372266237,0.1158072871,0.4279202839,0.3110712006,-0.5984404336,0.3733245370,-0.4990970980,1.6469045361,1.1262393863,0.4163244741,-0.0146364831,-0.5695371896
302,-1.1308790280,0.2938255327,1.2597082537,0.6128629721,-0.2047591538,1.0384275543,-0.4582749275,-0.1082979999,-0.1454795337,0.5445336354,-0.2131235272,0.3367513279,0.8723600776,-0.0300075194,1.0040776304,0.9901238726
303,-1.7119637588,-2.0561156009,-1.1925080825,0.8877449998,0.0915383398,0.9673126663,-0.9394510797,0.8388107181,-0.2219425487,1.0928843186,-0.1711376335,0.6639599034,0.7254723165,0.3189812421,0.2053902030,1.8533769153
304,-1.9895087733,-0.0087685245,-0.5151800470,0.4659993718,-0.5092003152,1.1867441556,-1.0551609650,-0.4329139356,0.8792271177,-0.3053219606,-0.6958354827,0.4606457348,1.8861827555,-0.3242371186,0.2553117797,0.4632592558
305,-0.9181791742,0.0551783227,0.6126719227,-1.4226388902,0.5195997094,0.2837242371,-0.6922520811,-0.3217227365,0.6465150314,0.8783221011,-0.2146986700,1.4853829242,1.4476493409,1.0734033920,0.1559427124,-1.3007779571
306,-2.2796692062,0.7037449777,-1.5473783143,-0.2911296908,-0.4028782427,-1.1540789824,0.4950249902,1.6197127544,-0.7517954009,0.3891074495,1.6391928027,-1.1694046581,-1.2997187867,-0.1317237859,1.2134931953,1.0751398041
307,0.5482831339,0.6191568134,1.0779586602,0.8926719987,1.0155747690,0.7787744112,-0.3208984365,-0.9588956234,-0.9141309718,0.1696282583,0.0608322454,-0.1715028597,-0.6683282997,-0.3203469470,0.2064981795,-1.1327232840
308,-0.0558898287,0.1687917289,1.3391065549,-1.2283639649,-0.4601507188,1.1107915176,0.0330022064,-0.4354470614,-0.7863358701,-0.9437007446,0.0018747772,0.0318606023,-0.2761877131,-0.6015199124,-0.4897718084,-0.9623693292
309,-2.1247181004,0.6098358348,-0.9686124082,0.7825335802,1.5326868974,0.4747164953,-0.7155160333,-0.0154682226,-0.4839260018,-0.7322450911,0.3926744173,-0.3867837405,-1.1843571173,0.2935226387,1.0842849731,-0.6561028593
310,1.2050317530,2.4882881820,0.0508089075,0.8364724482,0.7815621997,-0.3069235088,0.5750430974,-1.1776500519,1.2852354087,-1.5056693753,0.9359349797,0.9805928583,0.9594842238,0.3491802507,1.3631584509,-0.0451969329
311,3.8071965249,1.1449917130,-0.1558513682,-0.3592864199,-0.0587238358,0.0176488039,0.2272760442,-2.1471195872,-0.4834020149,-2.0661988521,0.1939548272,0.7926729499,1.6707378824,-0.5063283763,0.9020614094,-1.1774792792
312,3.1347184050,1.8397818582,-0.5571280304,-0.5250635405,-0.5161764476,-0.8165380246,-0.2307976179,0.3714335133,-0.3976578079,-1.2216826632,0.5324098350,0.6773899002,0.4125888724,0.7976745435,0.8789705877,-1.2210877310
313,2.6167097673,-0.4615613828,0.3070008189,-0.8317608111,-0.3096234605,-0.5408798654,1.0968991954,-0.2647952914,-0.1907448608,0.1113330123,-0.8181626395,-0.8531152373,-0.1831369333,0.8952819846,0.5482625231,0.3027921479
314,0.8068099348,-0.8127935281,0.1476428406,0.6718525060,0.3384564654,1.0820637354,-0.4835165209,0.4622637868,1.3720498431,-0.9977526933,-0.6174954353,-0.8267439020,-0.0298315883,1.1848591834,-0.1128797540,-0.2160009141
315,-0.7844050309,-0.3880365212,-1.3511916022,0.9644667216,-0.3566849279,-1.0623089842,0.1545762472,0.4353964246,-0.4788665318,-0.0876887666,0.6938817393,-0.3481350994,-0.1984667805,-0.5993866632,-0.0754488947,1.1371541800
316,2.2699920487,2.2573528719,-0.6813856534,0.0038357576,-0.2154723635,0.2845411535,-0.8720990648,1.6670938827,0.9295385398,0.5748157450,-0.7378044973,0.4667597940,-2.1580345468,0.7592257468,0.0210319695,1.2232519253
317,2.1039297528,0.3616353513,-0.7637083137,-1.4519530874,-2.0184444382,-0.3136744113,0.6430715094,0.5524249666,1.5515604111,-0.1685370032,0.0790926814,1.4416423622,-0.7498196831,-2.9523781823,-1.1343896177,-0.2397733039
318,0.1677068722,1.1895466148,0.6751348432,0.2527601026,-3.8757093984,-0.1797281148,0.0061710190,-0.2645469640,2.7796250955,0.2639187459,0.8387662767,1.1664645264,-0.8413972380,-0.7912235016,-0.1467595106,-0.7697411999
319,0.2203749685,-0.2905054607,0.5735850815,-1.5168515021,-0.6162146234,-0.4068331323,-2.5765030685,1.7923055170,-1.5343479223,1.8069928239,-0.3512598598,-0.0160117772,-0.4923526082,-0.2835581463,-0.3792635260,-0.4663953936
320,-4.2474590151,0.5114054125,0.1745435242,-0.4696163249,0.7424209462,0.1303421693,-0.5071270578,0.7294172305,-1.3275937183,1.7872517191,0.3602050753,0.0680924777,-1.6311719234,0.8129051466,-0.7632980940,1.5784461510
321,-2.1850006605,-0.1887628088,0.2917906850,2.2451514454,-1.5146216385,0.3229453546,0.5550404262,-2.4087171022,1.8194959873,-0.4904627919,-1.4645403747,-1.2803778219,-2.3708090431,1.5800151666,1.4923006023,-1.2748097910
322,0.9846503816,-2.2615676737,-0.1841712850,-1.7100049539,0.4904906583,0.8395164374,1.3962203343,-1.6180088088,1.0908426859,-1.5892602793,-1.0173911921,0.1914816124,-0.3331230342,-0.6259403244,0.3020044344,1.4222593276
323,-1.2196380675,0.0796183372,-1.5588109424,-1.5666797389,-0.3195983518,0.1505905989,-0.6691001286,-0.7533592203,-0.4735281962,-0.8458467224,0.9636038497,1.8699407761,-0.5029633847,0.6552364803,-0.6462379787,0.4178089464
324,-0.3778101476,-0.5304464786,2.0394787795,-0.7483212506,1.1558899983,0.3910637339,-0.7776166528,0.0315985467,-0.1797137986,0.2497165186,-0.1633407231,2.8870118981,-0.3056289919,-0.3832272380,1.0642142524,0.5889488534
325,-2.3087666725,-1.0021865282,-0.6884276852,-0.8646439965,1.9703362608,-0.6483301458,0.6625210772,0.3822736359,-0.2757856546,0.4640977169,-0.2824725466,2.7137931179,-0.1220644170,-0.0299404095,1.5114154685,0.6136032732
326,0.1338592292,0.2381688285,0.6633175066,-0.4746285928,-0.4331929064,0.4202854480,0.4157209620,-0.5547383518,-0.4790031501,-0.6947540222,-0.6384495976,0.6069130395,-0.0385542897,0.3050162387,-0.1699156467,2.0797864352
327,-0.6474825723,-1.1455832555,1.3593142146,-1.3365402196,1.3887988465,-0.3440846585,-0.5414995524,-1.2760719195,1.9201245412,1.4934721407,1.4503895435,0.0912184592,0.4582843176,-0.0440818037,-0.4211663692,-1.2867823623
328,-1.2814508990,0.2141262683,1.4979697620,-0.0715560907,-1.2438158245,-1.9772835289,0.8969918960,-1.4309540569,1.3459575317,1.3832640193,-0.2197812247,-0.5855457948,-0.1530984059,-0.7821064437,-0.2067819684,-0.4404902331
329,-0.2033548663,-0.2803133047,0.4391777305,1.3422894715,-1.1288689015,-0.6777855935,-0.9236259997,-0.6799676221,0.1602873421,0.2364839661,-0.5803116724,-0.6465105663,0.5277552885,-0.0654809453,-0.0932581224,-0.4833073875
330,-0.2095910963,-0.2883954734,0.5413940789,1.6718669310,-1.2631090790,-1.7523775636,1.4591782209,-1.5098856899,0.2433656545,-1.1029616636,2.1879611259,-0.3848573301,2.3581871285,0.7525496398,-1.9879906828,-1.0170138205
331,2.3178774744,1.5932916567,-0.1589377532,1.3155436565,0.2091259452,0.8167551982,-0.9248651067,-1.5585131727,0.3076392385,-1.3779178629,0.2275953207,-0.0759926755,1.8193833310,-0.0017873374,-2.1687988972,-1.5607459605
332,2.9121480951,0.7422073539,-0.6017139754,1.0426712453,-1.1875431406,-1.7237669109,0.7409285400,-1.4485650445,-0.5965368576,0.9676399060,-0.4393463775,0.3149460477,0.5028219890,-0.6543279061,-1.1629460113,0.5879533374
333,2.0478116020,-0.8060464514,-1.6468477931,0.1384500758,0.5951028869,-0.3047618361,-0.9178071271,-1.6733242386,0.2592882797,1.5225908895,1.2440003807,-0.6240943500,0.9689385229,-0.1394024935,-0.3945878444,1.3087373439
334,1.5460930268,-0.8800479470,-2.6710199824,-0.6096479595,0.1931259874,-0.4384664235,0.5522812606,-1.1303997768,-0.8828733434,-0.1512852506,-0.9288975948,-1.2915722843,0.6984690145,-0.6505224919,-1.3222471470,0.6277767456
335,0.8212545651,-1.3570217627,0.0622866674,-0.3739084918,-1.0012286433,-1.1303106243,0.8540543956,-0.1620492964,0.8154599108,0.2091779172,0.2373791731,-0.7856380732,1.5496330223,-0.3836406973,1.2486332824,-0.5328627143
336,-0.1754355607,0.0896935831,0.4241155916,1.5899941437,-1.2284156564,0.8550606719,-0.1830481135,0.6472765881,0.7665823496,-0.0279084853,2.3618028074,1.3772327131,1.9718507952,0.0523625922,1.0074439189,0.4225528548
337,-0.4175711135,0.1151794574,0.2129054601,-1.8298208728,1.1647885521,-1.8264637069,0.8982046723,-0.6183962346,-0.8084110205,1.4992374185,-0.3173063653,0.7011436896,0.0692520106,-0.7978455383,1.4703810829,-1.1245010107
338,0.0490238747,-0.5937603847,-0.2518663820,-1.4604336008,1.9531246425,0.2358643221,1.1974701211,-2.3746567620,0.3002610192,1.2780358178,0.4262601300,2.2016300069,1.4531345267,0.6300403186,1.5363356859,-0.0806689476
339,0.3723178113,0.8607573619,-0.3452101515,-1.5899941747,0.5438786990,0.2655628515,0.6915718599,-0.9883927128,0.6616923911,-1.5690746212,1.1896217251,1.1735941932,-0.2028385172,0.7958498819,-0.3448595585,-0.5292701129
340,1.8219249083,0.7892046729,-1.7001955718,-0.1213887521,-0.9762658389,-0.8718661125,1.2254993856,-0.5923001211,-0.7812294744,-0.4764901195,1.1545260601,0.3115490373,0.9301232792,-0.4840682391,0.5295283663,-0.8151608792
341,1.7925120272,-0.2153870285,-1.5198541305,-1.3555944159,1.0534539265,-1.0379719372,0.4218276572,0.2308198262,-1.2701357401,-0.7970227696,0.4080525021,-1.1194639678,0.5690957201,0.5458595181,1.8068797427,0.4938907424
342,1.3364845534,-0.0455375069,-0.4470637924,-0.7888501220,-0.9939562244,-2.6286609083,0.0984357631,1.5115545953,-0.2931774939,1.0438975833,0.5214124763,-1.0464256361,-0.2242795523,0.1712731977,1.3279504570,0.7739131134
343,1.6230591834,-1.2040085578,-0.5414849517,-0.1461184603,0.1565612589,0.1223720997,0.0753082660,1.9826329908,-1.3054450722,0.0973224402,0.3790835177,-0.9554114783,-1.2829566411,0.3566424682,0.1448039679,0.6513708879
344,-1.6389127431,2.4557914133,0.1267819819,-1.0684898065,-0.2215005334,0.0358878213,0.4573839069,0.0960356102,-0.8018360246,0.2298942031,0.0752660968,-1.5076186030,-0.3617548077,-0.6891052766,0.6838535621,0.4259304305
345,0.4367130756,0.7756712675,-0.0605050874,-1.1780340059,-0.0393772420,1.9505894428,1.3704400344,0.7559903682,0.7475396347,-0.2714519180,0.1612475913,0.4520853585,0.9391632647,-0.0633796675,1.4518935303,1.3751503705
346,0.1047527108,1.5043421502,0.1558843377,0.2335471595,-1.0116253296,0.9696063356,-0.8538242054,-1.4633813917,-0.8425843898,1.0403420498,-0.0523985731,0.9899421954,-0.3173536926,1.8098184669,0.9981529664,-1.3307351159
347,-0.6991926891,0.5291339104,0.7702589516,1.4531673953,-1.2102238532,-1.0396904000,0.2058316662,-0.0833419167,-0.2989606709,1.3238506274,-1.8876390838,0.1059915763,-0.4554225352,-0.6860146510,0.7791998403,0.0727873141
348,0.0994310511,-1.0447019625,0.9624362102,0.6442422302,-0.3779828747,-1.4820023031,0.0244021389,-0.0544156582,-0.1653576910,1.1294399283,-0.1086990856,0.6269262017,0.5678267776,1.1063635028,1.8197379071,0.7795772393
349,-0.3208633027,1.2954775134,-0.1755554650,0.5936526133,0.5514114578,1.4244956069,1.2396548636,0.5908076522,1.8603495122,-0.8865280685,0.1711941795,-0.7878062189,0.0932042738,1.2282804481,-0.3406413756,-0.4056664342
350,2.0771197815,-0.6558576482,1.4960527285,-1.3047436421,-0.6745750169,-1.4581513365,0.0701902400,-0.0577128547,1.8315643450,-0.9306986544,0.5942062986,-2.2422956880,0.9181749175,-1.2253922381,0.2638150939,1.3387916823
351,0.2722939870,0.4946935040,1.5637356883,0.3580261425,0.1374272189,-1.3421011711,-0.9472634082,0.6687845479,-0.1885045043,-1.3271557211,-0.7143930560,-0.0278261834,0.0981099199,0.2360744373,-0.3835545003,-1.0021678856
352,0.4194757000,-0.1991896275,0.9098155419,1.2167545628,0.8083169603,0.9097528469,1.1900257381,-0.8252611984,-1.0503685123,-0.3251175001,-0.4536861081,-0.2190800335,-0.8822404916,1.2268902862,-0.7858826015,-1.1608332497
353,1.2831582036,1.4986163560,-0.7440807642,-0.0768652859,-0.9828174853,-0.0748630351,0.3683148543,-1.2788911038,-1.5639612984,-0.1798373212,0.5893239659,1.1919925770,-0.3662714628,0.3936580529,0.2070585557,-0.5846100474
354,1.7019143846,-0.5668436475,-0.3995679780,-0.4644286146,-0.8686240067,1.0674989742,0.5442126476,-0.2659507562,-0.6505642328,-0.3421230250,0.5641523828,0.6491741307,1.2631814810,-1.0013399202,0.0322681728,0.8987937422
355,-1.1142941848,-0.2278884880,1.4281122516,-0.2786209374,-2.3935417243,1.1788600850,0.1729227174,0.3442437424,0.4847256311,-0.8411971299,0.1114160377,0.5821054658,2.2639364439,-0.9969411195,1.7198310087,-0.4037985566
356,-3.2492659483,-0.1799232024,1.2338773068,3.3044006370,-1.0922264551,0.2579802527,-0.4468671440,0.4057749271,0.5197146702,0.1748283215,-0.9886757340,1.6966669739,-0.6850821294,-1.1971467720,3.0771441123,0.1542893984
357,-0.8296051201,0.6495184049,-0.2441882178,0.7282509763,-1.5218543004,-1.0365785138,0.6791981700,-2.6283088954,1.7345821348,-0.2072572671,-0.4148969011,0.2333930286,1.4292471426,-0.5060979845,0.7225939385,-0.8241870602
358,1.5208492846,-0.0146361664,-0.3428737225,0.4792771734,0.5444979826,-0.1464207328,-0.0766054039,-0.2218334996,-0.9854095548,-2.0586883605,-1.0527640160,-0.7166407955,-0.1008113219,-1.0721806089,-0.5890742118,0.0040878324
359,1.0412546034,-0.6018664888,0.1283194345,-0.9723303833,1.6445945648,-1.2601398518,1.1485331014,0.6383515041,0.8070528257,1.2679452635,0.6024055195,0.8091428436,-0.1505756499,-0.7052556279,-1.5064398665,-0.2499670738
360,1.0573356101,-0.3183766362,0.2963406116,0.7959601483,-0.4352415666,-1.5919339641,-0.5275856103,-0.9508761092,-0.8553459399,0.1789538915,0.9605439453,0.2135484820,-0.9192900931,-0.7803699379,0.0764287899,-1.0314253908
361,1.0808360295,-0.1457430921,0.8796396825,0.1526315360,-0.1984406842,0.3882500919,0.0773283031,-0.4273132248,0.2916137045,2.1282395371,-0.2253114227,0.1615167061,-1.2497581487,0.6171341953,-0.9151732870,-0.9967283613
362,-1.3557708992,-1.2680959600,0.7281048185,0.0088981057,0.7286896186,-1.8937061860,-1.5507031757,-1.2996975680,-0.6011389027,1.0497881349,1.2976106634,0.7458222042,0.8256534730,0.8438532911,0.1861418960,-0.4621593031
363,-0.9871671764,0.5206206681,0.0035578369,0.7776406265,1.8183742860,-0.3240608874,1.2341884247,0.4789359084,-0.5174393803,0.8463316156,0.8273990007,-0.0193885770,0.8063678930,-0.4242204270,-0.4105346960,-0.3134416632
364,1.6304267847,0.0717062514,-1.2796046348,-1.2222522327,1.0364812578,-0.1199468288,-0.4518798992,-0.0928525596,0.6975206386,0.3463585845,0.0085579557,-1.3693120949,-0.1094353142,0.4094117023,1.1292530393,-0.8323326402
365,1.0701671483,-1.4472194014,-0.5750394366,-1.5650086357,-0.1989206819,-2.2727525366,-2.1181445038,0.7713996185,0.0335446455,-0.1091540650,1.4880378056,0.3773037120,-1.0051729686,-1.2520832499,1.4061495761,-0.4010896196
366,-0.8074579062,0.0238329964,-1.0558023632,-1.6778713455,-1.6234691330,-1.0240593836,0.0359448515,0.0850473840,0.0657994238,1.0511564826,0.8441941773,-0.5825557958,-1.2767134350,-0.9667549999,1.9171198976,-1.2868070431
367,0.3171552356,1.1635921705,-1.1773886477,0.3813828970,0.4157008093,-0.0944194081,-2.4134120348,2.0813470414,-0.4131763954,-0.0424564354,-0.7072107719,-1.1335719002,-0.9399205516,-0.3680163095,1.3113476962,-2.1402355333
368,1.0791048858,0.5554815097,0.6601896457,0.3969572248,-0.5939329447,-1.0212174136,-2.4901976144,0.2038697177,0.9916481460,0.7845740870,-0.3398129411,-1.6151815686,0.6144206307,-1.1799632124,-0.4182223475,-2.6341482581
369,0.0663911743,0.0458791264,1.0632187955,-0.1906302170,0.2520973455,-0.0972638834,-0.8133489415,-0.5559196455,0.6703694148,-0.4360114555,0.9377746102,-0.4471193544,0.8677088393,-2.0827203485,-1.4018193007,-0.0057805631
370,-0.1672750698,-1.6538656228,-0.3114950916,1.3982375445,2.1072835227,1.5367910547,0.0122184241,0.1007031264,-1.0701018234,0.2458462097,-1.0442681939,0.5179872463,-0.7155218376,-0.0075252574,1.9055482512,-0.9475387529
371,-1.0499417417,0.7934426407,1.7061347902,0.3805572770,1.2470860310,-0.1627172327,0.8114437819,0.2084279367,-0.3591392475,-0.5322220002,-0.5712013506,-0.1192247725,-1.7373326589,0.5335704813,1.5429871171,-0.4085015765
372,1.0869583499,0.0702403069,-0.8998558486,0.8576544718,-0.7526432069,-0.3668112263,0.0981186442,1.0407255946,-0.5035920466,-0.8205276724,-0.1447655548,0.7894585153,-0.5196454141,0.7752747652,-0.1595950955,-0.8205772977
373,0.6476405775,0.7161037460,1.6513429938,-1.2038376411,-1.1130653810,-0.2117551619,0.2953458063,-0.3881909344,-0.2238516060,-0.0064577956,-0.4367448202,-0.5247036710,-0.7020812438,0.4749718653,0.7808108582,-0.9394273620
374,-1.0351057731,-0.9335866257,1.0290319849,0.1829537523,-0.0624304579,0.0241588675,-0.7500015997,0.5262577331,-0.5644907704,-0.6227739669,1.3524725830,-0.7991757389,-1.2014852982,0.5097936671,-0.0443999270,-0.6827797786
375,-1.6155779252,1.6359042156,-0.8461241914,-0.2669001628,-0.8050368180,-0.9919658662,-1.1692849599,-0.2820613151,0.4555317009,0.4211376968,1.1675091920,-0.2621990170,-0.3660480368,1.6692960941,-0.7093689953,-0.9175630948
376,1.4755348589,-0.6128724931,1.6901186116,-1.2277069977,-0.8702071755,-0.1762612876,-2.0088818560,-0.5710605669,-0.3475310632,1.3529621292,0.9227033854,0.4759517078,-1.6463487343,0.7216304046,-1.5952147989,0.6449509737
377,-2.7878108753,0.1970997660,0.2569736752,-1.6004080609,-0.6936357230,-2.0387242834,0.7844200662,1.4780926239,0.3973918848,-0.8737497915,-0.2774412478,-0.7052209495,-0.4543546165,1.4479982288,1.0255293544,0.0740018480
378,-1.1150246293,0.5225121563,-0.9345010701,-0.9851464440,0.5273396300,-1.0204000177,0.5198101406,0.3358048600,0.3597529565,-1.3858984194,0.9719691283,0.6598526954,1.2743254556,0.3291372315,1.2099049889,0.0485974928
379,1.4199823806,-0.2035151165,-0.3393093440,-1.9409806657,0.4823535956,0.3129761560,1.1513662027,0.0585817241,-0.6602632026,0.1785779305,0.1071051912,0.0879993987,-0.4339130792,-1.2948273940,1.6496221795,-2.6760710007
380,-0.7215156557,-0.6357807812,1.4023434322,-1.3705255609,0.7141786283,1.8338053572,0.1992731603,-1.1207859420,0.7425511217,-0.2099610307,0.9425800088,-0.3033641627,-0.7597067458,-0.2849767052,1.0491361996,-1.7093171526
381,-2.3711442471,-0.7603370099,1.4376507897,-0.3850114908,-0.5824506235,1.3090379401,-0.6771458729,0.2423806409,0.3526011226,-1.0151469639,0.5938521184,-1.2956098214,-2.2865657460,-1.3097843155,0.2606722996,-1.6067071081
382,-3.7693943860,0.0755160874,0.7434802784,0.8692584139,0.4494762200,0.6703643240,0.8210991050,-1.2280788186,-0.7047366415,1.0433463301,-1.0721792181,-0.1079164266,-1.9581835063,-0.3708703828,0.4343403666,-0.3464886141
383,-0.6815833004,1.3804003816,-1.1490635148,0.6996831083,0.4284979255,0.7296663806,-0.1652084000,-1.2946794478,0.2882912087,1.0175875428,-0.9737317650,0.1376498104,0.9985931613,0.3631277339,0.0322983560,-1.9792375891
384,1.5526854504,1.5036452250,-0.8903734349,1.3141073768,-0.6655794201,0.0664981984,0.2705762810,-1.0730766575,-0.5087996356,1.2445133587,-1.3280107703,1.3112450570,0.9293899343,-0.2548796308,0.2555418313,-0.3970908090
385,3.1364071067,1.1267815195,-0.5283825059,0.0303793762,-0.8724471830,0.1058474835,-2.1121455215,-3.3431013029,-1.1399370356,1.2766511858,-0.5879491195,0.3752679063,1.0247046537,-0.3073867128,-0.8972104859,0.2830912042
386,1.7836905096,2.0369755404,-0.2251949610,-0.2349930085,0.1507442744,-0.3695229464,-1.5357259916,-2.3737252744,1.7680190498,1.0383473861,0.0044253602,0.3497187702,-0.3237813867,2.2965622503,0.2620739923,-0.0868977796
387,2.9749590548,0.5157847094,0.7554827662,-1.1667901504,0.9097202875,-0.8229125921,-0.3034954724,0.4574937259,-0.3960010398,0.3150392251,-0.0414779412,-0.6859158359,-0.1399950103,0.9670711343,1.1964450125,-0.7370946126
388,1.6380541358,-2.2321499876,1.2815129623,-0.5945142482,0.7134245579,-0.3825168130,-0.0545408404,0.8843322739,-0.5866299526,0.5328886364,-1.5510586818,0.6531578716,0.8616782025,-0.6114082225,-0.5819204381,0.8413613113
389,-2.6658551534,-1.5513686483,0.7875741361,-0.6914891077,0.4585893605,0.4397338045,0.9539959921,0.3551441735,0.7688897579,0.1078837671,-1.0219564748,2.2390435319,1.0595505010,-2.0694963366,-0.9448698517,1.1121965938
390,-2.7097032192,-0.3455823042,-2.0237955641,1.2337193298,0.1371658064,0.7143744840,0.6494819799,0.9161072172,0.2700469001,-0.4618807728,0.5082649646,-0.4030888119,0.7086707329,0.7473996209,-1.9114565444,-0.0839132756
391,1.1086225514,-1.6268644924,-2.3986206647,0.3928942011,0.5025419709,0.1118197505,-0.9618335078,-0.6663015397,-0.1247324981,-0.8005579154,0.4372797226,0.2601341728,0.4215486630,-0.1360315240,-0.7483119333,-0.2953089947
392,0.9713046073,-1.1900789335,-1.4361261983,0.6683266447,1.3942835282,0.6251128582,-0.7992794950,1.0884002687,-0.7678498656,-0.7055403681,1.1799663441,-1.2090628462,-0.7246858662,0.7061212655,-0.0652036334,0.1964354645
393,0.4808157067,-0.6820757899,0.7986246408,-0.8023199729,-0.8743931187,0.1214691819,1.8968934663,0.4190175906,1.0143206709,-1.2567688649,-0.7656469509,-0.1640732911,0.6676710280,-0.7518014380,-0.8882276207,-1.6815142265
394,-0.9723672784,-0.7415946852,0.8826453023,-0.8093580240,0.7931180741,0.3837553446,1.0416879880,-1.1386483680,-0.1531319746,-0.8906792077,-0.4295826327,-0.7744408992,0.7014857643,-0.8484246004,-0.4193528362,-0.8029886155
395,-0.7786009743,-1.4252185765,1.0633874914,-0.6863840739,1.0313756446,-0.9095382895,0.0223436464,-2.3483503975,-0.5240358599,-0.4083788194,-1.3836538739,0.4324433272,-0.9800277856,0.9335530866,0.7000840918,0.7117862011
396,-0.8277516063,0.6059193903,0.0430309515,-0.2461519927,2.2704156104,-2.3514853198,-2.1543835927,0.1741481018,0.9248626254,-0.6558846977,0.6657136913,-0.4732114274,-0.8380853846,-0.2585029620,-0.5316188142,0.3874816299
397,1.6072426859,-1.0603524584,-1.2738576534,1.7165914228,0.3446341895,1.4624824465,-0.8930127574,0.9004124308,0.2307186464,-0.7771919061,1.2314299843,0.1402027553,-1.1889540644,-0.6006728892,-0.7174554344,0.5627580299
398,1.2332458631,-0.3258316056,0.3386781537,2.0034620341,0.0060029182,-1.5411542689,0.8285188415,1.9398439886,0.4801179535,-0.4320798400,0.3996272484,0.3175252878,-0.6194755823,1.3654047856,-0.1097242662,1.1787176028
399,2.1483506860,2.0264162026,1.7210812572,-0.0619651377,0.8088230281,1.3191703747,1.4944713536,-0.0681026984,-0.8285347581,1.0400115842,0.9350850027,0.1497305149,1.7519295068,1.3814637768,-0.1013259578,-0.9197733585
400,1.6173848658,3.3065542348,-0.6782472409,1.3403410598,-0.9451818198,-0.2834507725,-0.8283640608,0.5707904335,-0.7900074045,0.0011148294,1.2450798327,-0.1187060219,-0.2271405358,-0.0132174566,1.1867120789,0.8379305968
401,3.2263815109,-0.8231995008,-0.4604870751,0.1802680054,-0.8592432905,-0.3792896541,-0.5252306766,-0.9213301337,0.3018443581,-0.0604797067,1.3952834886,-1.4567214884,1.0954481498,0.2539987474,2.1207864959,0.3549386282
402,0.1340842072,-1.2631850489,0.5125082723,-0.5012645776,0.3897985116,-0.5952384213,0.2141779598,-0.4249849909,-0.5888265830,-0.4932649030,1.4722728559,-0.8830507983,2.2135141738,2.2938342970,1.8990653982,-1.4891497818
403,-1.2400532190,0.0312342784,1.0865798895,-0.3396176671,-0.0838257752,0.6122107948,0.0949900678,1.5197299887,0.5386788753,-1.4520105766,0.9957615889,-0.4807996055,2.9462821017,1.0328341418,-1.3144056744,-1.0447139904
404,-1.4124389539,-0.3268876797,0.6696630350,-0.1186659623,-0.1752792767,0.7498121751,0.8776561383,0.1145507716,1.6186172343,-1.6941434505,0.1672715573,0.3888684015,-0.0334444205,0.9966217541,-0.9940111777,-1.4245604448
405,-0.5601512736,0.6984360287,-2.8959412470,-1.2411229802,2.4501961733,0.4577232755,0.6940786379,0.8341157019,1.1043703169,-1.6208290347,0.5017503836,-0.4024669127,-0.7368822632,-1.2422702921,0.6594059011,-0.7487253604
406,3.2006833448,1.1870785704,-1.3799843137,-0.0903547313,1.7514402342,0.6202901451,1.0183222797,-1.0502951122,-0.1123477852,0.2006500528,-0.3306912932,-1.1766514627,-1.0230010353,-0.1594577471,-0.6954321580,-1.0984898353
407,3.8288219781,-2.2060492901,3.2325079049,-1.5139691708,1.4028995329,-2.0079882489,0.2077247514,0.0945437384,-1.5661023457,0.8369020208,-1.0207652544,0.5125958617,-0.3409029392,-0.6125935279,-0.5746632830,-1.6959841886
408,-2.5383248520,-0.4757626672,-0.1975809752,-0.0627722740,1.8633332078,-0.9569262457,-0.7237879074,-1.2946750000,0.7372752863,-0.0597233472,-0.8127127027,0.2201876524,-1.6996633690,-0.2779933261,-1.0312130906,-0.7684844167
409,-1.2393547379,-0.6739113389,-0.8022905490,0.9424541519,3.6727726090,-0.1827571273,0.9015450410,-1.1000049211,-0.8988979806,0.4337240325,-0.1219793662,0.5207004803,-1.6634064429,1.2052412949,-0.0276866397,-0.3400787794
410,2.1549960933,0.6917736422,-1.1587759423,1.2238355440,1.9679093865,-0.7600221814,1.9017270382,0.2768292868,0.5825530337,1.7820680282,-1.4103459080,0.4344845990,1.6935688261,1.6941533477,0.3050776518,0.0598866361
411,3.7090976699,0.9674988881,-1.5010929702,1.6038148206,-0.2022330074,0.4552263868,-0.5148242998,-0.2518447334,-0.4390560692,-0.0111137279,-0.0874874119,-0.6925802619,0.7795759142,0.8158307116,-0.4628786024,-0.5299889831
412,2.7967977053,1.1890509757,-0.6637739381,-1.1988648539,0.5416408398,-0.4321100208,-0.5512217225,-0.7484454338,-2.8023845114,-1.9192882706,-0.3694394221,-0.4018380227,-0.2186955765,-0.1015406851,-1.0968082872,-0.1345499309
413,2.0142842250,-1.0043781227,-0.4671656988,0.4447633050,-1.1129847189,0.8410530317,-1.2903383661,-0.6069295709,0.6454221331,-0.3724780405,-1.4073395574,-0.1645997758,0.3423591351,-1.1167741869,-1.0813656671,0.4999372848
414,-0.4803549053,-0.4312648310,-0.3551869697,0.0019585530,-0.0263808746,0.2631245500,-0.7015004843,0.1713543227,-0.2384451239,0.9529236951,0.1286689777,0.3582599129,-0.7730502901,0.2775403180,1.5029410768,-0.5191873015
415,0.3601765499,-1.0497898704,0.7937139479,1.0820126092,-0.9212526405,1.8224933607,-0.1755948426,0.2526453912,-0.5421628275,0.4359646782,-0.4941664327,0.2150864661,0.3572377010,0.9589788523,0.9650786000,-0.9932915967
416,-1.8621503389,-0.6334091317,1.3645522235,0.1018963951,0.7415890898,0.7160165127,-0.7634034058,0.2009943793,-0.6939881955,0.1165548317,1.9046371178,-0.8823964091,-0.0759037340,-0.5707345380,1.0851292737,-0.8509147026
417,-2.7080401095,-0.2314431652,0.7412554979,-0.9950133669,-0.0192626429,-0.2403297809,-0.3260783256,-0.3789430401,-0.9491063396,1.5201287673,-1.0377967552,2.0092876488,-1.4041404554,-0.9910671037,1.5826155047,1.6884740712
418,-2.6027184605,-0.8224749648,-0.2537573723,-0.4703261319,-0.4652813176,-0.3608902377,-0.2048663697,-1.3223789917,0.6425093239,-0.3015313559,-0.8723358608,1.0946305147,-0.8240469591,0.9109403900,-0.2576307047,1.7783707848
419,-0.8462078120,0.5810546583,-0.0177193087,0.4018576955,-0.4286855467,0.5165110831,0.6882624694,-0.9863467584,-0.3784086512,0.8117126620,-1.7654962365,-1.2466839621,-0.6947555830,-0.3850508664,1.0499034220,-2.1038040736
420,0.2970061456,-1.6332628597,0.3152058894,1.1782021428,-0.4636241486,-0.4361562332,-0.7454510434,-0.5377613129,-0.3448477277,0.3957377818,-0.0621352609,-1.9028942302,-0.5317993967,0.6859277310,-0.2014798279,-0.2522986666
421,-0.8436878972,1.2769173678,1.1067889557,0.3286473521,0.0758482439,0.2124493925,-1.9692338102,1.2349153894,1.0796329340,-1.6345703106,-0.3453528347,-0.1036785784,-0.5233158517,-0.4224977725,-1.4589495210,-1.3823392737
422,-0.2869207938,1.6669397398,1.7824649720,-0.1044770503,0.8977003594,-0.2834449472,-0.0045037988,-0.9485051821,1.1676386586,-0.2012942749,-0.4833418506,-2.4395982131,-0.0311337419,1.7983406390,-0.2454693727,0.9741480571
423,1.2554149936,0.4880345234,-0.2998894703,-0.6446675154,-0.4293896735,0.3181230092,0.2003542181,-1.3927507593,0.1702774949,0.1450868988,0.9752081835,-0.3315730443,0.0531257826,-0.2093244717,0.5881916467,0.1288710491
424,0.5529469434,-0.5868135137,-0.7815582267,0.0158009166,0.2694246033,0.7054668498,0.4349196187,-0.3361102630,0.4346655363,0.6831391044,-1.2581310643,1.0140444167,2.5791236102,-1.7992345561,-0.2956185351,-0.8112103124
425,-0.1814268361,1.1295325525,-0.5256968910,3.6537845799,0.3645367089,0.9953681163,0.0285970186,-0.6582589647,-0.1380296683,-0.9325245271,0.6965566837,0.8740167864,2.3790255251,0.4555789888,0.6216725557,1.3807333323
426,3.6062433948,-1.0375146939,-0.9637254453,-1.2759449374,1.3508909380,-0.1885719887,0.0597028576,1.5509383356,-0.3489235191,0.5251925253,-1.0281554782,-0.2672622636,0.6020185681,0.2005681461,0.1860806068,-1.1779572028
427,0.1883346239,0.6812638155,-1.1166810079,-0.4903426292,-1.1052011150,-0.0415523898,-0.1072898369,-0.2554608487,0.1039327614,-0.6163286570,-1.2550013118,-0.3295537954,-0.2982140106,0.4947628619,0.1740402090,-0.6136342964
428,0.2441517249,-0.5866954449,-0.9356100005,-1.1560977238,-0.2374763800,0.2337928906,-1.4755047843,1.6060327436,-1.1766348082,-1.2538812074,-0.8578744900,-0.2045602195,-0.3103554026,1.0577227982,0.9829812327,0.4246005679
429,-1.6021847487,1.2530797612,-0.0281696782,-1.3076302873,-0.2484828727,0.5657625603,0.6885389604,-0.5194677123,0.8251390213,0.3196579950,-1.3964319263,-1.5831246630,-0.6936432253,-0.0794836753,0.5530757366,-1.2896460009
430,0.0124075662,1.3001319236,-1.2563572784,-2.6563150700,-0.9461361753,-0.3255987697,-0.3723231382,0.1703489716,1.1413072896,1.4230727828,-0.5727198244,0.1707294246,-0.4321142481,-0.5060312357,0.5704375277,0.1170001643
431,-0.1064954640,-1.0407043279,0.2171868510,-1.7286763977,-0.5847997278,0.5413946184,-1.1768322008,-0.7201239284,-0.7025413814,-1.8094450461,-1.9082088200,1.2740627054,-0.1267779568,-0.0767840976,-0.7901189804,-0.3466168498
432,-2.4481499419,-0.4008231736,1.0097064799,-0.8505305766,0.4052543319,0.6771148137,-0.5763003454,0.6160726496,-1.0148954000,0.7676329730,-1.3534136797,0.0658984505,0.0462167547,0.4406443435,-0.5166922736,0.6549567185
433,-2.4870484708,-0.3471722406,0.3124165437,-0.9135724247,1.1505710555,1.5522790121,0.9727260942,-0.6817975155,-0.8962597251,1.7155730240,-0.2942589865,0.1335853589,0.3909135795,-0.0759878336,0.0042902858,1.2920289484
434,-1.2769223502,-0.0403505197,-1.4309606252,-0.4670776867,1.1584626440,-0.2311301549,-0.3883696106,-0.6770927212,0.1088385326,-0.2314122899,-0.3268182251,-0.1502790272,-2.8541683411,-0.0036680597,0.0034927500,-0.2434961404
435,0.5701707819,0.7809784202,-0.1524588818,0.6731637609,1.5416184007,-0.1750553116,0.6153083571,0.0691077509,-1.0660724176,-2.1492282812,-0.0699656423,0.0082608690,0.7489574833,0.3128334709,0.1946658603,-2.0696044945
436,2.3135427445,-1.3501709657,0.2262741411,-0.4743116920,0.0348730198,0.6913002029,0.6224079704,0.9101401414,-2.9859628990,-1.0139709472,-0.2058453107,0.2618568193,0.4780000209,-0.1779644148,-0.9578059487,-0.7033134062
437,-0.5901281129,-1.7445961512,0.9535101239,0.0759271118,-1.0634660461,-0.3324092258,-0.7696880773,-0.8598600747,-0.9918876475,1.1653663487,-0.4974436187,-0.2278740691,0.2006281031,-2.0200394840,-1.5492410105,-0.3793567185
438,-3.4101330039,-1.5943363649,0.8786161808,-2.2980824607,-0.8828725388,-0.0568800137,-0.3959041851,-0.7966001343,-0.0248624256,-0.6227644599,1.1780320857,-2.3614076985,1.8607487524,-0.5476637727,-0.9681517723,-0.6697376544
439,-4.4274485154,-0.3577937113,1.6714691200,-0.3894527609,-0.2063679133,1.5453538376,-0.7433866940,0.7114730608,-0.3090107555,0.2509797249,0.0164851376,-0.0326498648,-2.1605727205,-0.6006631672,-1.3907495284,-0.4678515436
440,-3.8785579871,0.2560866509,1.8509729363,1.1840606486,-1.3613775948,0.3006904556,0.0338607318,1.2517836843,-1.5093117270,-1.9987873407,-0.2251216622,-0.4650521135,-0.3636863662,0.4519593447,-1.9483897096,-0.3954252783
441,-1.7643931188,-1.2930488236,1.1990959154,-1.5437817564,0.7805562489,0.2701726943,0.7451903935,1.6482018708,-1.5564318135,0.7930642850,0.7449489527,0.1677767098,0.6901922236,1.0896159337,1.0021956337,0.6610317722
442,-2.7220605181,-1.1721725529,0.7590757443,-1.8366620328,1.0702020551,1.0616362001,-0.9191076279,0.5319032656,0.3637542803,1.9752834723,2.7144319503,1.1332278710,-0.1300337544,1.0112903739,-0.3375177810,0.7105217416
443,-4.2601418874,-1.1271437874,0.0171023035,-1.6295812378,-1.1728633791,-0.5888935479,-0.5288823353,0.7766500499,0.1547303460,0.9841661541,0.5815218016,-1.8658517259,-1.1600525203,-0.9765754308,-1.6918320700,-0.5394045597
444,-3.1629236153,-2.0601864692,-0.1748538108,-0.9755919071,0.1202253904,-0.1718455711,0.4075900988,0.9657951361,0.9132731542,-0.7962558364,-0.0760446255,0.2455053961,-1.3900001608,2.1019427574,-0.4729584457,0.2576222460
445,-2.7183460472,0.7546301433,0.2837773685,0.1220956079,-1.1445263958,-0.5885387487,0.5215756664,-0.8489756557,-1.9134212728,3.2756237033,1.7492018937,1.8383306061,-1.8041959924,0.1208312878,0.7747425261,-0.2746893726
446,-1.0988965120,0.2104344188,-0.2797449334,0.7816228369,1.4087946374,-0.4857495852,1.2386024958,0.7175365922,-0.4042819171,-0.4930149826,1.0718477116,1.4887214633,-1.5807610185,-1.1538322786,-0.7284926146,1.1825272089
447,1.8166123818,-1.3255580080,-0.3005889881,1.4736455165,-0.5494808592,0.0835537049,0.9287449918,-0.3278181265,0.2785381830,0.2322265200,0.4647991655,0.9270019562,0.7968296891,-0.7479637871,-0.8074322535,-1.3117538793
448,0.6385079846,0.0610842677,0.1812081490,1.2644855906,-1.1756845446,0.8092360569,-0.3099675235,-0.2017211027,-0.7107711512,0.7304411950,-0.3474354385,0.0756705194,0.7414112169,3.7499042485,0.6256339590,-0.3254712440
449,-0.7547504362,-1.4996192487,0.4243286993,-1.0199277889,-1.8174072533,-1.2771206826,-0.1954779577,-1.0894349182,-0.0708762630,-1.6725740147,-0.0992637617,0.5717168567,1.6903321361,1.4814457666,0.5045159250,-2.5288891464
450,-2.3184016114,-0.0983361481,-0.2935333868,0.7634681802,0.8906274192,-0.0559974777,1.6813771517,-1.0262396028,0.8787008564,-0.4066663345,1.0595957869,1.6063400078,0.6216672253,0.5095893276,-1.4099079240,-1.3833320503
451,1.3396076950,0.4032810379,0.8633494157,-0.2776964270,0.3705897386,-0.1800680380,-0.5203287993,1.1329393469,0.3336248254,-1.2695756944,-0.1467743463,1.6349508037,0.3089804152,-1.0977116732,1.1608078633,-0.7479259933
452,-0.5838038718,0.9716469745,1.1801107540,-1.5782878631,0.6851727488,0.0581316429,-0.6384465891,-0.3741780704,-1.5329281371,-0.7695699181,0.5101739682,0.5188297814,-1.4428945190,-0.6429192473,2.0033012240,-1.9890248092
453,-0.5458506357,1.3355636902,-0.0457227322,-0.7954909728,0.9993878075,0.2022148087,-1.0087528647,-0.9965522765,-1.5260050721,0.5555264750,-0.2392212228,0.5522219997,-0.0831425075,1.1426527106,-1.0468286167,-0.5780884392
454,0.6027236011,-1.1375685528,-0.4137403106,-0.8524833906,-0.0374184374,-0.8591018978,0.5091172420,0.3464529343,0.9569468550,0.2784530632,0.1018865386,0.1166039155,0.4765829239,1.3210999457,-1.1319804144,-0.0785202977
455,-0.6951349586,-1.4847718670,-0.2076888052,-0.9456320357,1.1811962536,-2.0343718143,-0.8203396350,0.3162573475,-0.6654496102,0.9612107043,0.1340025296,-0.4678491484,-0.4018753812,-1.0900910129,-1.2070735636,0.0586143699
456,-0.8065941418,-0.8018163754,-0.1719838564,0.5350669362,-0.4034641065,-0.7539799204,-1.0699282557,-1.1407357423,-1.4239020703,0.4681853885,-2.0559072084,-0.1844218805,-0.5791966739,0.7378772838,0.4897349520,2.0235849422
457,-0.2274284543,1.7677959085,-0.3128723612,0.0818701536,-0.7188743318,-0.3685997314,0.4227627558,-0.7216406321,-0.9156367756,-0.2469806031,-0.2832400165,0.6259553157,0.5657758515,-0.9705651428,-0.4505329118,0.5956660156
458,1.6929156988,0.1204878267,0.5569941357,-1.3560393916,1.1323794236,-1.3663843033,-1.0279508567,1.6465820389,0.0385673037,1.2460371021,-1.6092891695,1.8724054290,-0.8599293419,-0.3615969715,0.2895433203,0.3183625497
459,-0.6479280374,0.8263822427,1.3190299551,-0.5146359528,0.6420544002,0.8667327099,-1.9899456780,0.5503998770,0.3873298076,-0.3518505403,-1.5982411404,0.8896122153,-1.3903370525,-0.2217612316,-0.2902180786,0.8627765902
460,-1.5726690719,-0.3581927859,0.1504459295,0.6394751839,0.3029405445,2.0684106557,-1.9700501099,-0.1691729832,-0.7969713782,-0.5883606563,1.2240886273,0.6617623791,-1.7378411634,0.1542536643,2.2586582189,0.4847701341
461,-1.8627300746,0.8974347437,-1.0340844514,2.6680494649,0.1462611936,-0.4486515984,-0.4339448237,-0.4679918717,0.9420497525,0.1953171750,-0.3038557359,-0.9198236327,-1.0175372332,0.1778771665,-0.2051992110,0.4367837046
462,3.1817507690,1.6063716415,0.3917361488,0.5753009221,0.2678827454,-1.5151724580,-0.2446662286,-0.4681625868,-1.7930607220,-2.2109225187,-1.2189346317,0.8331097792,0.1829761748,-1.3303987623,1.4050420811,-0.4125730023
463,2.2474924939,-1.4449005128,-0.1446185274,1.4560513565,-1.0616223317,-0.1833666673,-1.2656848892,-0.9423838127,-0.1792528158,1.1642335072,-2.2598497445,0.0596783111,0.0201663463,1.7159836060,0.0052176237,-0.2307989240
464,-0.2927607464,-0.5215551809,-0.6634313991,0.2137587029,0.4793201076,-0.3547230837,1.1581726569,-0.0496464811,1.4894937544,1.7474681178,-1.0295606374,-0.0303049254,-0.3283348300,0.0366420769,-0.8489074956,-0.3465268698
465,0.5815618932,-0.5042104145,-0.3196157429,1.2635128550,0.1576861831,0.1556721541,-1.0111060691,-2.3343132595,0.9758195642,-0.4050173590,-0.8948700551,-0.3829098640,-1.4738766156,1.6872730774,-0.7758144052,-0.9703793377
466,1.2593469591,0.2824458438,-1.3916072666,-1.0295141111,1.0784650750,-0.3325601116,-1.6202855466,-0.1744612707,0.4139998572,0.4572345717,-0.6771320445,0.3283335517,0.1791533229,0.7484286405,-0.1797944762,0.2776616144
467,0.8611927278,-0.1562926623,-0.0359813144,1.8746512642,-0.6515280676,-0.6803517213,-1.1515819921,-0.6315222639,1.5328228650,-1.1957121817,0.4138815783,1.5007140429,0.9855862962,-0.7355470961,0.1617049784,0.1924355855
468,1.9506064530,-0.3870099375,1.0269749301,0.7864991063,1.0144988006,-1.3242002342,-0.7147850353,0.5326172660,1.2181722283,-0.2171856338,-0.0819426200,0.6883559044,0.6773146101,0.2443710701,0.3604718447,-1.1677687189
469,0.6635719250,0.9520447061,0.6722089648,0.5505871580,-0.2859573619,-0.8680453564,1.3429511750,0.0444558356,0.7252262113,-1.0233645381,-2.0851015969,0.3003377814,-1.0002461962,-0.8153918946,-0.5809389218,-0.8497560165
470,2.3381826601,0.8467837448,0.4449663526,-0.8373724328,-0.3814086668,-1.3529831136,-0.5405335801,-0.5025743440,-0.8070024833,-1.5548990245,-0.5377221599,-0.3083402899,-1.7792580678,-0.1942182754,1.6443713468,-1.2609319043
471,0.8499715564,-1.1276921231,-0.6755095384,1.0714225811,0.3608018896,0.8504448951,0.7301003948,0.2169304591,-0.5490004292,-0.0999008184,-0.3903522756,-0.0522903069,0.6575088574,0.3620468965,0.0413726734,-1.8058927617
472,0.3036876526,-1.4864879579,-0.3228064593,-0.4815126842,-0.1722079856,1.0149560123,0.0670588977,-0.3080821418,0.1922279348,0.7756682215,-0.5488199724,1.0909179900,-0.9712102224,-0.7673487205,0.1767499117,-0.2549857298
473,-1.3997369796,-0.2782434209,-0.9584627340,1.1012445187,0.9305417737,-0.8692038727,-0.5434314041,1.4608450584,0.4771118884,1.0381869547,-0.9031791485,1.8936382745,-1.2707168799,-1.6314078793,-0.7174220917,-3.0670549972
474,0.3366738827,0.0075505925,-1.3868399219,0.2325449880,-0.0858430224,-0.7267039958,0.3400610402,-1.3613451577,-0.9584523659,1.6133870656,0.2366004682,1.9615122245,0.3646121259,-0.1034507262,-0.6756331810,-0.2565864375
475,1.0183736153,0.3384203970,-1.1967062212,1.7001138509,1.0809837251,0.4150350521,-0.3859812906,1.4761733430,0.3829604302,-1.5202573652,-0.9268217063,-0.1483765416,0.7675053446,-0.0303458770,-0.5351342067,-0.1188179020
476,2.1534835868,0.0772813302,-0.1714968065,0.9477067551,0.8378836852,-0.0343723010,0.8414249257,0.2447542872,-0.1415550971,-1.3551751364,-2.6130302015,-0.8880150839,-0.3603143956,0.6696464244,0.2970886987,0.1524157543
477,2.3756558910,0.2631123167,-0.0524831755,1.4846209132,0.2627899316,0.7120301062,-0.0079242207,0.3331687495,-0.7857580124,-0.9561571754,-1.0817112239,-0.3606862001,0.0760570571,2.3173563339,-0.5774364527,-1.6588471176
478,1.9098416772,-0.0450512237,0.9057505445,1.4661326930,0.7819487877,-0.2784556595,0.9836647634,-0.1139188988,1.5395399713,0.7841957961,-0.2616593074,-0.6701606673,1.0589413463,1.0126984121,-1.3202854847,0.7907055783
479,1.8361390083,0.3458941569,-0.0562854142,0.9143621301,0.5918750809,0.1405155117,1.2520245828,-1.1055619601,0.7630483428,-0.1891845827,-1.0134023758,-0.9544511479,1.2079128706,-0.9288882254,-0.2707013905,0.5453876845
480,2.2390723039,0.5575711315,0.6147668250,-0.4954402933,-0.9847244527,1.1884178718,-0.6689906783,0.0992151590,-0.0073725344,-0.8195355634,-0.5617382430,2.0151688242,1.8900639000,0.7884253438,0.5795522013,-0.4498998864
481,-0.5691170242,0.5072116587,-0.5181161722,1.2404676149,0.5052438891,0.6639514924,-2.2318007250,0.4775076675,0.3595815264,-0.4314599006,-0.1647986389,1.3440457172,-1.0251324628,1.0842317880,-0.1834480018,1.3534742614
482,0.4234800155,-0.9627538804,-0.4559505610,0.7451920280,0.5520683876,-1.3879661416,-0.0675980443,-0.8197570383,-1.4183352568,0.0508138965,-0.6895221117,-0.4535454862,0.0153929949,0.7979424841,-0.8121043517,1.1869357312
483,0.9442186346,-1.7184060868,-0.7314099192,-1.2000209976,-0.0163997226,0.7629781112,0.7946309327,0.2752971284,-0.1575960994,1.2521866114,0.0802613081,-0.4235060649,-0.6731406616,-0.8439508411,0.4912290655,0.4686496075
484,-0.9353429585,1.3117903973,-0.8064286343,0.7547230405,0.0200382983,-0.6336932378,0.8232415399,1.0042734825,0.5988497013,-0.7365632360,-1.1129903003,-0.1594609798,-0.3450176955,0.4726627119,0.1186731956,0.2946059689
485,1.9092521379,-0.3746423742,-0.3028729688,0.7895960665,-0.2940946548,-0.5649298650,0.9325519233,1.3922105884,-0.0976543313,0.8136214708,0.9899583626,-0.3045706935,-0.3702354304,-0.3531187870,1.3179160896,-0.5909718969
486,0.9516080306,1.6277346270,-0.4883907988,1.2934868749,-1.7882783818,-1.0293186655,0.8453537302,0.7182862166,-0.0443679737,0.7366337820,0.4542472999,0.3059861882,0.9357770568,0.1343337749,1.1349892942,-0.9765567243
487,2.5928711387,0.7724190973,-0.1986320809,-0.5497554347,0.2306774421,-0.9567009150,-0.7595084864,0.7746011794,0.7954825812,0.6879072357,-0.4054238168,-0.6248098707,0.6648359536,1.0392188180,-0.2520669615,-0.4492734521
488,0.8753268335,-0.5511184106,-0.3954384590,-1.1574965105,1.3687748731,-1.0052058674,-0.0567322894,3.2549622281,1.4323736784,-0.5855162506,-0.3806041549,-1.3725330004,0.0495309982,0.4634983521,0.0071721935,-0.2172314734
489,0.3151830702,-2.6620730160,-0.6363649936,0.5969015154,-2.3513881178,-1.1081657129,0.7971557708,-0.0883396756,-0.0878901617,-1.9676154654,0.1540805093,-0.0099833517,1.2973425226,0.6513548362,-1.4428752668,0.5292851595
490,-0.6499989858,-0.5518771879,0.5360140603,0.5618937280,-0.7901069022,-2.3523366461,-1.7805269592,-0.0387568288,0.4758261365,0.5377370534,0.1964991554,2.2482502283,-0.7211604184,0.6246963580,1.9936528978,1.4700729644
491,-1.4134314180,1.5912432304,-0.5914159841,-0.8019313424,0.8335485906,-1.1935827361,-0.3985435402,-0.4033316254,0.2531257169,1.1750500792,0.2175201068,1.1795238641,1.2647874076,0.7055561058,2.1108377107,-0.7074489005
492,1.7778824239,-0.7681038068,-2.1488346354,0.0214504120,-0.2522938530,-0.5030281844,-1.5385081347,-0.5985973838,-1.7095916155,-0.2682357600,-0.2558205661,0.8935981060,0.5371935797,0.5514357536,1.9868748027,0.8684101938
493,-0.2852639518,-0.6226213200,-0.2107553956,-0.0488737967,1.0336066636,-0.2003984603,-3.6890402378,0.1986702532,-2.2569278641,0.8622983454,0.6057096960,0.4915524368,-1.9790295821,-0.7787998497,-1.8208272266,-0.0904662429
494,-1.5782420910,-0.0638407369,-0.2233782288,-0.7424678628,0.5448707246,-0.1208723182,-1.1200555863,1.5487868739,-0.5534109738,0.1087641594,-0.2996865984,0.4717257664,0.4751718420,-0.0296015822,-1.7830488565,0.8779241825
495,-2.6143762167,0.4111373024,-1.0174625448,-2.1355577873,0.9599432719,0.3515712001,-0.6342784958,-0.1132581784,-0.0115113734,-0.2106322283,0.2813084588,0.6641139670,-0.0677064590,-1.4149576630,-0.9357877102,1.4574108843
496,-0.6331821194,0.1894819556,-0.3990838717,-2.2166882249,-0.7966105189,0.7386621778,-0.7586882619,1.4337631493,-0.0391191837,-0.0541189847,-0.9315715536,1.3986726745,0.1716382116,-0.9344437105,-0.1115782777,2.7670614202
497,-3.0696483974,-1.7562100902,1.2838916584,-0.5642067789,-0.1425155501,-0.4033511583,-0.0490797555,-0.2590729573,-1.9771757116,0.8690727675,-2.2052377931,1.1849992233,-0.0943456969,-0.6762508210,1.6478236561,-0.7146954879
498,-3.9669331186,-1.5699812421,0.5089590568,-0.6114554113,1.6974204388,0.9389103910,1.2855081114,-0.1075475948,0.0101484221,-0.2062305520,2.1047465034,0.2050538498,-0.7094870212,-0.3763511538,0.3281052264,0.2178767124
499,-1.3631277866,0.4636069343,0.4847878914,-0.0571144010,1.6818592750,-0.2439314521,-0.5416197291,-0.4143258340,1.4058764243,-0.9757725876,0.3313402349,-0.2635654065,0.4309238194,0.1689605753,0.9963692431,0.0890778867
500,0.4785266416,2.3073253124,0.5769393541,-0.9561257904,-1.2923837536,-0.4370849529,0.1835626966,1.0457493891,-0.8793542969,-0.1942477346,0.9290616506,0.1594923112,-0.4635681282,0.7072043447,0.4842808283,-1.0299607817
501,0.2325146167,1.8110298513,0.1344667312,-0.7191415069,0.5280661403,1.9079952509,0.1908179888,-0.5879620569,1.8217803925,0.8806310316,1.8446193396,0.7748642909,-0.5056081901,0.4447824166,0.0582330636,-0.0882676384
502,0.8746809585,0.9787260060,-0.4039996150,0.4518493523,0.3330849704,-1.2727251830,-1.9388118336,0.7061474147,1.8021088166,1.7801104376,-1.6544664187,0.4139018354,-1.1543371652,-0.3494024323,0.7564582228,-0.4981689590
503,0.8979663649,0.4014368274,0.1817694088,0.6250542547,-0.5121898850,-1.1644666171,-3.7127045915,0.5602847031,-1.0572979729,-0.7913641761,-1.2790534132,0.0218619333,-1.0512413471,-0.0832521531,1.1450036758,-0.5185586269
504,-0.3539799771,1.0080112844,-0.6420440443,0.7294337122,-1.9962365106,1.1350449070,-1.3359140346,2.0229665001,-0.2061620578,-0.5846139287,1.5812221803,-0.2448333498,-1.3187423573,0.1579185371,-0.8793658837,0.1734973416
505,-1.4391036657,-0.9356009502,-0.9915529954,-0.6156311002,-0.2227319456,0.8073487605,-1.0455970627,2.2803073660,1.3795463237,-0.1922234949,1.2686416380,0.8170446122,0.9186363001,1.1979757820,-1.6575886266,-0.7901541900
506,-1.9844109945,-0.9948262342,0.4778782983,-1.4278582397,-0.9924233131,0.8430851474,-2.3490972647,0.5478373654,-0.1528736759,-0.1965770410,-1.3819175615,-1.0357204958,1.3297010541,1.1714519715,-0.9904013705,-2.4744836571
507,-5.1589202432,-1.6633121561,-1.2954995033,-2.5208754442,0.1010604807,-0.7561917895,-2.9069797016,1.3762884111,0.5690493268,-0.8417027793,-0.3937337464,-0.5260372905,0.2536277486,0.0611006937,-0.1261691711,-1.3817552100
508,-4.7050068522,-0.2044046172,0.6442160501,0.1122153741,-1.1111966042,0.5310137246,-0.5371137413,-1.0875801864,-0.7275625346,-1.0688715239,-2.3584155341,-0.2907403365,1.1717051409,-1.4246812566,-1.9837521321,-1.0435074262
509,-2.1154122073,1.1850415211,0.6143679476,0.8101117077,-0.9582178546,1.0965076513,-0.5258782350,-1.0740022231,-1.4102945503,1.9611087375,0.2500318474,-1.2130298244,-0.6626330550,0.4986376538,-1.7693916053,-0.3639822078
510,-1.0614726789,0.7983555808,1.1734773825,-1.1236218849,1.3212100492,-0.3307353262,-2.0348281122,0.8210256355,-0.8649019042,-1.1100756152,-0.1712538895,-0.2438085046,0.8016574026,0.5111797551,-0.0213582795,-0.3702472570
511,-1.9928325531,-0.9268213420,0.7728435072,0.0847516968,-0.7957449246,-0.5062059525,-1.6459305898,-0.0178399822,-0.3967400786,-0.1441682381,-0.8195861143,-0.1144744623,1.7809485888,1.6865934003,-1.0808742146,-0.9163771669
512,-3.6389315602,-0.8763050796,0.2344986957,0.6374066208,0.1623567074,-1.2068814391,-0.8264411208,0.4031511624,-0.2486774592,-1.0223187119,-1.4835671656,0.1882941004,1.9412280577,1.0071781880,0.0997543753,1.3979037734
513,-1.8450998115,-0.0959167333,-0.2312986983,0.0194309466,0.2664514798,0.4198735953,-0.7259844673,2.0104099533,1.5075999206,-1.9293755140,-1.5654956386,3.3080390858,0.8367056536,-0.1865084523,1.3132139000,-0.6070822798
514,-1.5902189616,-1.9525378424,-0.5722308598,-0.2561277892,0.4808471400,-0.0473522273,0.9874220302,1.8595474749,1.5504678023,0.8396755171,0.2610516241,-0.7849666338,-1.3420750188,-1.3415696925,-0.7775060923,0.1704004844
515,-1.4987449150,-0.5738786028,-1.4510419775,-1.7742965293,0.4854981933,-0.4911333540,-0.1809441233,-0.7749755328,-0.2541140498,-0.0910773686,-0.2440346739,-0.8056981252,-0.2329343356,-1.2360492504,0.7593811204,-1.5312550331
516,0.8088239929,-0.9199765952,0.2012827908,0.5398085239,1.2423516183,0.8905031388,0.1363963978,-0.7883888349,-1.6337101481,1.8302984857,-0.4365872213,0.2435246934,-0.5545928289,0.9580898053,-0.2715980085,-0.3189737328
517,-0.9190550157,-2.0261457104,0.2099555511,0.9118722906,-0.0403305642,-1.8972423465,1.8199570432,1.2948817500,-1.5406417512,-1.3483048384,-2.0167871822,-0.1624231404,-0.7021867181,0.0141755734,-1.4153453049,-0.9691967158
518,-1.5603329357,-0.7350356971,1.8196927950,0.9418697409,0.0520612933,-0.9961905886,0.4355915164,0.6009023113,-0.9902339551,-1.9389704147,-1.1942894038,-0.9390239750,-0.2317728857,0.0433204101,0.0609550901,0.1834949410
519,-1.3287778743,-0.1431449273,-0.2299645268,-0.4361916106,-0.5521924313,0.3064212904,0.3914780788,0.6549721722,0.6233838902,-0.9505306033,0.3807295769,-0.2722018416,0.2616709991,-0.6159659835,-0.6201443140,0.9824151855
520,-0.0927651090,1.0423581781,1.6558505464,-0.5564025586,1.0579580043,-0.0428882584,-0.8256821025,0.0709860654,1.3758981970,0.1381334717,-1.3081285344,-0.2752287522,0.8564280663,-1.4159466618,-1.1432214513,2.1543524822
521,0.2109474838,0.7741286155,0.8108219500,-0.5163029324,-1.3150605513,0.6045158416,1.7188368265,-0.6508442573,0.5199648837,0.7749968345,-0.1483202244,-0.7048179489,0.8303597470,-1.3328156561,-3.1645554005,1.2383386829
522,-0.6824663220,-0.8739635536,0.2979286738,-0.2684928588,-0.8928800628,1.6677371730,-0.7506258369,1.9005656421,0.5401754275,0.2805241945,-1.5359107578,-1.1814761506,-0.9801275381,0.7468893587,-2.0246450504,0.9822071817
523,-3.8523693888,-0.6542303632,-0.2769293552,-2.6962934671,-1.0044044209,0.5952651882,-1.7749513124,1.0830920413,-0.3347836969,1.7418228814,-0.3211393260,-2.3685263267,-0.3679045130,-0.0476465990,0.9085732820,1.1859649973
524,-4.9875975996,-1.4628937586,1.3303170558,-0.0800658719,0.2890065843,-0.2810555714,-0.1816796183,0.6308874862,0.6638328217,-0.6361970520,-0.7077036948,-1.4010756776,-1.0784432050,0.0519305897,-0.4504091439,0.3284716456
525,-2.5284125230,-0.1224669514,0.7777536799,0.7326660714,0.6385823096,1.4601487878,-1.0159785112,0.5772838574,1.0656020147,-0.1493177735,-0.2969661990,0.6134846872,0.2272913472,-0.7299974088,-0.1741162369,-0.4710865699
526,-2.1276498716,1.7212945909,-0.7327835926,0.9004182067,1.4409091888,-0.5281644144,-1.8355644791,1.1668843258,0.2239516516,-0.8061531638,0.0738962832,-0.3619521728,-0.5546486174,-0.6608928870,1.0285555941,-0.3647857356
527,2.0536379390,0.9688384999,-1.3685897583,0.0316705786,-0.1928575361,0.2637371609,0.3326000628,-0.3049063335,0.2400189521,-1.2939155014,0.4105965056,0.0064962836,-1.5812084649,-0.1325624835,-0.3718483546,0.2518096267
528,2.4721584129,-0.4019254172,-1.5491447023,-0.0947093639,0.1839423207,-0.3417142175,1.1021994674,-1.1940980820,-0.0898123080,-1.8354580374,1.4464133999,-2.1409713990,0.8619693628,1.1709961986,1.1435627827,-0.6195566685
529,2.9774983277,-0.4521634074,0.4783457419,0.4444573991,-0.4143483549,-0.2383744954,0.1875096817,-0.4756455959,1.2460596584,-0.4604971981,1.6430362182,-0.1756834610,-0.6876096589,0.1047117108,0.5602439350,-0.8932047103
530,1.4924356132,-0.0113452893,-0.6989690873,-0.2180124851,0.7575658445,1.9502371759,1.4816076280,-1.0017963959,0.1052437300,0.5664655269,0.9416038645,-0.9927918520,-1.2034272321,1.3592300981,0.8209125140,-0.8203772730
531,0.7677331127,-1.0056105334,-1.5792013867,0.0024509706,0.4196866052,0.9713614322,0.9636320404,-0.0297258234,-0.6152293146,-0.0060499121,1.8380082148,-1.6505871980,-0.4015284298,0.5727354650,0.1351817864,0.9072481887
532,1.6641108613,-0.9536753169,-0.2901525990,0.4159447386,-1.7951574686,0.4115100971,-0.6576466079,-0.8164724122,-0.6313742826,-0.1948946420,-0.0192471466,-1.3247312820,0.9583698219,-1.1188868110,-0.2137485902,-0.0508301561
533,-0.5091294274,-0.0151792828,-1.8699189409,-0.4161656143,-1.0540438660,-1.5736671183,-0.5751381860,-1.8384565616,-0.4899460716,0.2768504122,-0.1811041306,-0.5082869568,2.0864063210,-1.5752962396,0.5006681383,0.0182586965
534,1.2720053985,0.2138732107,-0.9063723530,-1.1465995371,-1.0503371264,-1.6308636007,0.1976489031,0.7662749717,-0.0681876656,0.7484244307,-0.5381560299,0.3515478778,0.0981381501,-1.6360366189,-0.1999166481,-0.0014258854
535,0.1661542741,-1.2585471097,-0.3418090616,1.2119168578,-0.6450247147,0.7640599027,2.1235768088,-1.2452302636,-1.0071917927,-0.2072188185,0.7202713836,0.7411283420,-0.4178759901,0.6696954976,1.4373426873,-0.3165558830
536,0.0781289408,0.3781650748,-0.8614869045,0.5562507614,-0.7612647963,1.1199769093,-0.5952378459,-0.7521622032,-0.4977235049,-0.2553899571,-0.1462846096,-0.5855485377,0.1402499798,-0.1816556399,-0.5599351643,0.2506896262
537,0.4129122141,-0.2306271059,1.7093102257,0.3769597987,-0.1118332032,-0.1008372046,-1.6534127196,0.0426448469,-0.2012261363,-0.1405104265,-0.2443790896,-1.2774988313,-1.9837983772,1.2646844940,-0.8692645831,0.4102432535
538,-1.3476177572,-0.0668684165,2.0580444219,1.6056724708,0.6528305721,1.1890766271,-0.2681469055,-1.3185210287,1.1479782883,-0.7338856349,-0.3899785121,-0.5531144119,-0.4383599829,2.4465231455,-0.9930420181,1.9334309654
539,0.0804121916,0.9037624422,0.3317100611,1.4490540314,1.3224783216,0.6332488399,0.0771694884,0.2349823715,0.2583746197,0.0432664069,-1.5682997365,0.4154480002,0.2290084968,-0.9709334117,-0.7608070727,-0.0831484262
540,1.8404370573,0.0335042120,-0.3371818162,-0.0490794744,-0.6965102176,2.9272487827,-0.6429973668,-0.1055965094,1.0220726463,-0.2614487013,0.2456669236,1.6216449125,0.6264854840,-1.3120127382,-1.7018549331,1.4646328141
541,-1.0174505421,-0.2903735378,0.2312762178,-0.9787326539,-0.4960609415,0.0123237147,0.8028472698,-1.5171668527,0.2799428216,-1.1490225933,-1.6852837551,0.0157826982,-1.8149478170,-0.5193620903,1.3048915272,-0.7631352348
542,-0.6047338019,1.7520671565,0.9993072524,-1.0098217698,0.0938145224,0.7504097993,0.7352942449,0.4714384362,1.9186578609,-0.9009147661,-1.5476081297,-0.2655944435,-1.5454605937,-1.0390253210,0.2456795867,0.4846091036
543,0.0910198371,0.5813195486,1.1883225552,-0.1962976789,-0.8160832990,3.8908825230,0.8684391529,1.5047882191,0.9004368597,0.3003901590,0.9352767477,-0.5323322260,-0.9122544976,0.8871074375,-1.1844318926,-0.4291106877
544,-1.8958164343,-0.9301849200,0.4480509416,0.0884666816,0.7936002038,2.0428698770,-1.2087694918,-0.2622825070,1.2433551434,-0.9716601536,-0.1039084748,-1.0626335936,-0.9831266253,-0.3065628146,-0.2333337569,0.7662580485
545,-1.4738584126,0.7468550603,-1.0037461234,-0.6856553890,2.3848204167,-0.1026783031,-0.5801386060,0.6084441683,0.2949580636,1.9600145604,-0.2220525780,-0.0935004240,0.3438240685,-1.7666435075,-0.4206148068,-1.7009357878
546,1.8458535547,0.4673111517,-0.5455098137,-0.8882340821,1.6105904255,1.0415481372,0.5934474045,0.9645841122,1.0165223993,1.1237507744,0.1676189695,-0.7907141123,0.8348871864,-1.1077761566,-1.9446528547,-0.3749365165
547,1.5350240298,-1.4833092725,-0.4903842816,1.7761627830,-0.7397047540,-0.6345154080,-0.9316292135,0.4263188914,-0.0877245093,-0.3531301335,-0.6703234246,-0.0024718206,-0.6790204050,0.1688251654,0.8466640036,-0.8122619857
548,0.2593748041,0.6451508040,-1.4647717132,0.4651494521,0.0611050900,0.1153519816,-0.8359694423,-1.5432193386,0.0597514605,0.5968435725,-1.2369516198,-0.5724262977,0.1201310157,1.2882994743,0.2796725934,0.2655980622
549,1.7568088351,0.9827309005,-0.7617100064,1.4620285168,2.9103895787,1.9918584076,-1.4282394954,-0.3266932740,-0.2948383885,1.0105890845,-0.5435108275,0.3350714731,0.3713251737,0.1920797742,-0.7935317213,-0.1587320554
550,2.1607021987,-0.2090768276,0.4259129107,0.7782432943,-0.1087357121,-0.2567507275,-0.8572932635,-1.3540498488,-0.1042938581,-0.0980797027,0.8092349345,-0.7488235678,-0.3825587253,-1.6626933113,0.6379683694,-1.5918574308
551,1.1096251163,-0.5478718845,1.8083169480,-0.3327790695,0.0593096864,0.2928893195,-1.5157041668,-0.4032335753,-0.0735984727,0.8687252253,2.2341975735,-0.1357635109,-0.4676730854,0.1094155779,-1.1414699094,-1.5546389153
552,-1.0423554394,0.8816843073,1.4625671476,-0.8431081639,1.4213714126,-0.4284194694,1.3704385396,-1.2168741261,0.6599892324,0.0946087329,1.2089729073,1.8330295438,-1.0508955075,0.5042849620,0.0171934072,-0.5532504077
553,0.3786220900,2.2346385818,0.4542729794,-0.8025343104,0.5086989602,-0.7709686726,1.0839554570,0.6538209278,1.5570316614,-1.2988295082,0.1911411868,0.9069638183,-0.2604084650,0.4546456612,-0.0095130192,-0.4872856256
554,2.4438959215,0.4098654471,-2.3271808023,0.7555782182,0.5415355663,-0.0636862269,-1.4307697601,0.1120842424,-0.7976721670,-0.1397343981,-0.2208087814,0.0770717227,-1.1809772891,0.4458473517,1.4280688490,-2.1488815814
555,1.9620224671,1.0739993543,-0.6673628120,-0.0605347850,-1.6783783209,0.7058906549,-0.4742358470,2.3184212765,-1.0462975161,-0.0693989633,0.9684511479,-0.8307743409,0.6011835476,-0.2139837850,0.6050367393,-0.5175553196
556,0.0706146953,0.3608564053,-1.1402312038,-0.2038970120,-1.5376974066,2.1565820305,0.3670911766,0.2534425338,0.9508386685,-0.4368539212,-0.4044986842,0.5943067332,-0.3928449047,0.3540719522,1.1746297889,1.5243659443
557,-0.5599530508,-1.2383715354,0.3759223959,-1.8285288264,0.8688398755,1.4981994098,-1.2798235990,1.2715450970,-0.3476710336,-1.0333380279,-1.7129112534,-0.5797425024,-0.3340679021,-0.1393940883,-0.9963435207,0.1188873785
558,-3.4310324598,-1.2431825935,0.5207416191,0.6123381988,0.0494531594,0.5181442313,-1.0256400207,-0.9499782734,0.0741061724,-0.0861629939,0.4231923283,1.9200591154,-0.7678742585,-0.5610117757,1.8897797658,-1.6983572698
559,-2.2378024399,-1.5508463463,1.9367722014,-0.4196662843,-0.3649345408,2.2066073893,-1.1753898313,-0.3664551823,-0.2704003993,0.3546543605,0.8453549751,1.9396536543,-1.3472898339,0.4497444493,0.7770345526,-0.5258931097
560,-4.9804743217,-0.8440259813,1.3908120563,-0.7497290428,-0.3162339490,-0.3776015575,1.1326087047,-1.2676110855,-0.9731184224,-1.4222976006,0.5380713952,-0.1249942464,-0.3493321876,0.3129781776,-0.4146353005,-0.5713753061
561,-2.7110871472,-1.1308536888,0.7916964980,-0.4588768030,-0.5486918250,-0.4857146838,3.0514230385,0.2193941320,-0.3777156611,-0.3350338518,1.0799046947,0.4415638385,-1.9491163950,0.3907988041,-0.4363038361,-0.6460808680
562,-1.5876689156,-0.2285178468,-1.3971279846,0.9600162755,-0.2119679257,-0.9286763777,2.1460993480,-0.8469645828,-1.4241758451,1.0734635203,0.8122005000,0.7866678097,-0.1914966515,0.2140116628,0.2106400472,0.3376300384
563,2.0365564415,-0.8577550975,-1.0855791908,0.0224274845,0.0435821859,-0.7212728221,0.9281772003,-0.7064155408,-0.3258010137,2.0856257041,0.2612662126,-0.9383016015,-2.1397719579,2.8723567321,0.4307359918,-0.5790052243
564,1.1424919661,0.0029800944,-0.3258839130,-0.6865117746,0.0883575580,0.0422584105,0.1106142205,-0.6725758280,-0.5012239524,-0.7232880237,0.2394589540,-0.6984872810,-2.0948065956,-0.8812195331,-1.4050719794,-0.1686751486
565,0.8506002994,2.0860954444,0.6369495827,0.4622279583,0.2081778169,1.5848603277,-0.0087128825,1.4335939794,2.1739108337,-0.2909812755,0.7619405706,2.1278637513,0.8241615448,-3.5115446282,-1.7776341141,-0.3257021366
566,1.3472103426,0.0738779145,-1.6974612222,0.5738584912,0.1112423264,0.3871554639,1.7191897058,-0.7936784099,0.8649049572,-0.0064596926,-1.1093369958,1.5073041087,1.0143961329,-0.5331482835,-0.7629003685,-0.0708453511
567,2.1048628690,1.1896752150,-1.6002038194,-1.0416931080,0.6970784199,0.0259615939,2.8261994577,-1.3273457700,1.3233483728,1.1322054780,0.6023771461,-1.5431045134,1.1973202000,0.6385753449,-0.5464858030,0.4131623954
568,3.0885613610,-0.0055735214,-0.8117109152,-0.5265470900,1.5274513851,-0.7897989965,1.3125323638,0.1726067131,0.7334253382,-1.1907334777,-0.0790834557,-2.2259858926,-0.0061153996,-1.3558308083,0.7347085634,0.0241214602
569,3.5951763532,0.6377936558,-1.0998512366,0.2086337817,0.8680503149,0.1107448236,-0.4232179328,-1.5053609473,-0.2350008645,-0.8359993705,0.9506754991,-0.5081456261,-0.7588139945,1.7105228834,0.0382936874,-0.1062662552
570,3.4232533762,-0.5823387959,0.1349895403,-0.3061680378,0.1011504828,-0.8535770112,0.9274510084,-0.6257310514,1.7056615129,-1.2302213850,-0.3687309821,-0.0510586842,-0.6288868839,1.2526526938,-1.1180963394,-0.4113398597
571,1.8506834437,1.1470082079,-0.2432263314,2.0835376421,0.1794917973,0.2960163516,1.9210315509,0.3255612568,1.3614363634,-0.5382395478,0.8468511803,-0.1899192186,-1.2377916783,1.2959821479,-1.6497158270,-0.2925203435
572,3.8404924828,0.6550970687,-0.4313029647,0.8588638362,2.3516981957,-0.3345532986,0.2827840865,0.8641949121,-0.3101701702,-0.7864860133,0.2395306408,-1.5007669262,-0.4818281316,0.4668019992,-0.4533022847,-1.9635413877
573,3.7644425058,0.3333834752,-0.2483767242,-0.9558937851,-0.1174908142,-0.1107579639,0.1880995972,-0.2135643231,0.7219946622,-0.7304394611,1.6453693976,0.7564211394,0.4521198184,2.1310517248,1.6352728436,-1.2105102489
574,1.5697734909,1.2394145140,0.9203440759,-0.2295126947,0.3948583021,-1.6564149736,0.1291650625,1.6434503545,0.8451552577,-0.1482902419,2.6555240325,-0.3871110533,0.6426905967,1.0316667825,0.1237061844,0.3671247743
575,1.6329581099,0.6539092849,1.4625093989,0.9463173757,-0.6055628830,1.6847752425,0.8765137208,-0.6009763394,-0.8054953465,0.3289243847,-1.4809530069,-0.3544890974,-0.7572960941,0.0070056353,0.1554599580,-0.5738598907
576,-0.8221952246,-0.5193831629,2.3338833631,0.1234237656,0.0301538851,0.5897893179,-0.1197630871,-0.1786129960,0.0604452409,0.8874691716,-0.3403345348,0.8846574673,0.0928373290,0.7464290031,-0.3997053431,-1.5773968149
577,-2.5466412410,-0.7175396340,-0.1304122487,0.5117731447,2.4177440512,0.3033095153,1.6422511432,-1.2947965604,0.4325603697,1.4303868595,0.5341907059,-0.1733500832,-0.8851687521,-0.0889794199,-1.7047181905,-1.3251433345
578,1.4052216128,1.5904839414,1.0798117155,-1.0295801560,1.1146252651,1.5200025660,0.4972218755,-0.4424360061,2.6205891377,-1.5925046187,0.5809918323,1.2665639771,1.5203118094,-0.2409845968,2.4841639029,-0.3669521236
579,1.7996983420,0.0398830409,1.0561987902,-0.3391437211,0.3076955484,-0.4259005911,2.8851884176,-0.9451215969,-0.1010119605,-0.3791525722,-1.5534079636,-1.1108915479,0.2590474769,0.0924417111,-0.3150183878,0.6355169413
580,0.9444142164,1.4467826749,-0.1709471107,0.1119553264,1.3881176334,-1.1673666486,0.9749045993,-0.8964726379,1.6225280415,-0.9663384321,1.3324192180,-0.4309182462,0.8274716441,-1.4501351520,0.3922069535,0.1839387626
581,3.9931628948,-1.2869274292,0.4689782327,1.3412975410,-0.7591146859,-1.2816225906,0.0163420291,-1.0016596221,1.2628931802,1.2317592792,0.9601043606,0.5797564499,1.7646914473,0.7011315490,2.2460727666,-1.1106142543
582,1.3313260948,0.8537246026,-0.3996893829,0.4355158442,-0.8389777637,-3.6791265586,1.1186853669,-0.4368948525,-0.6274787010,-0.2883665659,2.1938609545,-2.3186635861,0.3950446306,0.2810765634,1.2094845256,0.9122544859
583,2.6082468761,0.1686279930,0.6180457573,0.2485436521,-0.1931998368,1.1167140307,0.7860215334,-2.5394564149,0.0975668531,-0.2281216679,2.2523581702,-1.0596890183,0.1650658947,0.3805063702,1.2041554838,-0.9637832732
584,1.9066552993,0.8169234438,0.2506377761,-1.3051282792,-1.6908895642,1.7509907244,-2.0069914653,-0.7693134956,-1.1154426737,-0.2257753177,-0.0639989425,-0.4689600727,2.5659733599,0.4705838894,0.4218877317,1.1501572326
585,-1.3600382204,-0.4111530287,-1.0352492165,0.9232716054,-2.0747204517,1.0870084164,-1.0574087267,0.8475104036,-0.4130090545,0.2829669160,0.2594282885,-1.1545885024,-0.4967139660,0.8403818519,0.0788477756,1.0900607760
586,-1.2765602442,-2.0397014973,1.2168314304,0.3826848584,-0.6639573936,1.0032541506,-0.2935832855,-0.9816883952,-0.6370337821,0.4413633045,-1.3816745375,0.3082712624,0.6584867693,0.1797001269,-0.0836325619,-0.3079238270
587,-3.3061249612,0.5769862747,0.7862969822,-1.0029945965,-0.5065134155,0.4167924661,0.6539517140,0.4047625710,-0.6432201806,0.6436214618,-0.1667439162,-0.8335277790,1.2972837492,0.2975045698,-0.2091184203,-2.5318362108
588,-1.5236744752,-1.1210095126,-1.7457180038,-2.2430196409,-2.1658245551,0.8010303233,2.5368087381,-0.4160530768,0.3382513715,1.2381263656,1.2146030705,0.2459675423,-0.0785412493,0.7356947416,1.1801925332,-3.3812028139
589,-1.7198953868,-0.0345282661,-1.2338810489,-1.3769674367,-1.9676969054,0.2635501147,-0.2697228619,-0.8080657749,-0.3093936509,0.9646107372,0.9039373479,1.1135879174,2.0710500530,-1.1993975960,0.6998445233,-0.9079404095
590,-0.9466200863,0.2649547036,-1.5885435499,0.3269887150,-0.2364239443,0.1772635039,-0.6501049675,-1.4076023844,-2.0231706011,-0.9803083290,1.4394090625,-1.3946626598,1.0559633668,-0.2040115639,0.4933667957,0.1478859872
591,1.2171917882,0.2143321749,-0.4470437086,-0.4409390469,-0.0763995215,-0.6625448777,-2.2272976595,-1.0928944438,-1.3342844031,-0.4603746350,-0.0886607778,-0.4700764308,0.1006698614,0.0243424324,0.0771997211,0.0700476678
592,-0.2346398331,1.4976878800,0.0034201696,0.0428787371,-1.4121612949,1.3102639523,-0.4310608811,0.4749589448,0.4455067575,0.1607935138,2.2326926076,1.4228637056,0.1211737129,1.2577387096,1.1979284945,0.8790268129
593,0.1114525636,-0.6750697240,-0.7548076380,0.6188729606,1.4167910798,-0.2040242640,0.3783323818,0.3788294158,-0.6088524845,2.1257687013,0.3851173346,2.5442666394,0.4706659728,-0.5586306963,1.4178107432,0.9780084724
594,-0.1237504688,-1.1223889786,0.2983906405,0.9879347524,0.2045989749,-0.6313027242,2.0416305617,1.9613052909,-2.5275818822,0.9341138241,-0.6671169530,2.2670696387,0.9792568937,-0.0265780012,1.3938720988,1.3414878169
595,-1.1915052474,-1.1010583614,-0.5606117501,1.6792556209,0.7739468101,-0.4969800253,1.6080437833,-2.0077832771,-2.3012727945,0.8943762041,-0.6041848773,2.2445099120,-0.2126466499,1.4822354207,1.2696523969,-0.2696295374
596,1.1002259750,-1.9082186979,-0.1800618064,0.7766594688,0.2070955858,-0.9456689424,-0.5974984192,-0.5395994453,-1.0878556207,0.1182770687,0.9566495247,-0.2030654930,0.4232471917,0.1967938906,0.3626751652,1.1576736365
597,-0.0549317873,-1.6162560557,-1.1560025798,0.2448171129,0.9710576219,-0.1341362243,1.0157102364,0.0077535850,-0.7392564827,-0.2230376537,0.1244832232,-0.3453377583,-0.7771429676,-0.0708711795,-0.4843785091,-0.4474886067
598,0.4519598146,-1.3644564417,-0.6101820764,-0.3244353575,-0.9122513931,1.4636538573,0.5868185189,-0.2485177388,-0.2909422848,-1.2682233352,-1.1571987681,0.4478579471,0.8243848935,0.7188460330,-0.9237869214,-1.1430008429
599,-1.6275944599,-1.4082670445,0.2357771456,-2.0885760528,0.9831292739,-0.3343846243,-0.5125225222,1.0955460171,1.5792990103,0.0845308009,0.7429884879,0.3284801151,0.4189299861,-0.1460427630,-0.1267849177,0.4464325369
