step,target,strong_1,strong_2,strong_3,medium_1,medium_2,medium_3,medium_4,weak_1,weak_2,weak_3,weak_4,noise_1,noise_2,noise_3,noise_4
0,0.2810842397,-0.5310394739,0.9364425673,-0.9598328594,0.7749154186,-1.4977511751,-0.0225463269,0.1992272834,-1.2204962347,-0.8871638943,-1.4866060020,-1.8687716597,-1.8036742496,-1.1841144226,-1.8526468171,0.6946267321
1,-1.1607794480,-0.7424481781,0.9971735987,1.1160779958,0.8551062673,-0.5065499728,-2.7219467352,-1.4377860412,0.7640449406,0.3202680277,-1.5400720479,-0.5924556030,0.1130285714,-0.0568261580,-0.8963655130,0.6273575386
2,-0.6422911808,0.7274958348,0.5449748507,-1.3800297179,-0.2577387627,-1.2280707245,0.4575769158,0.3324067751,-0.8396300643,0.5571443336,0.3246802513,-0.1367635726,-1.1424060436,-1.8215550644,-1.0949294262,-2.0092220244
3,0.1398866380,1.4912584184,0.1957075883,-0.2643592094,0.3146861088,0.7210395865,1.1019835939,1.0044715943,-0.8009957758,0.2453720085,0.0626870069,0.5056599849,0.3589001567,-0.5072916286,0.7661558067,0.1302990933
4,-0.0428752130,0.2947881277,0.1873413261,-0.6201552482,-0.0454719076,1.5535947026,1.2970951095,-0.5640435689,-0.7848846410,0.7657770393,0.0570746823,0.8671269223,1.2383205462,0.8329637525,-0.5995423204,0.0752784678
5,-1.5068455076,0.2549433262,0.2366489799,-1.7501334266,-1.2522346697,-1.3503781537,0.0324995263,-0.5783458178,0.1208764517,-1.9463495262,-0.2453038978,1.4647181287,-0.1659091456,1.3534806093,0.9780356869,-1.4445842690
6,-0.7723177035,-1.0685268002,0.0198447506,-0.1975216384,-1.4165256701,0.4633363377,-0.0758513484,-0.2487808957,-0.4568076216,-2.3230281535,-0.1492085027,0.9273626712,0.6998879185,0.2968228877,0.1191303517,-0.7403745493
7,-1.4911563933,0.0414588074,-1.1877397063,-1.8445479320,-0.2314306978,-0.4089350197,-0.9559853491,-0.0673051040,-1.6298589656,-0.3981106198,-0.3379798476,2.0001197812,0.6052474511,-0.1876285705,0.3481199899,-0.6804982969
8,-1.6002176231,-0.2359485818,0.5766836709,1.3552854184,0.4986217922,-0.0714622049,-0.7986614628,0.6501702786,-0.7771597242,-1.0443276554,0.7699174799,-0.1645048205,-0.7339114946,-0.3917969422,-0.3734010467,-1.5028912681
9,-0.5998575684,-1.1086745748,0.3079524493,0.7370903944,0.1216739512,-0.4583361051,-0.9790138707,-0.5052269811,-0.9743487917,-0.5332290776,-0.1005030026,-0.3417254756,-0.5388213923,0.6328877878,-0.2367024188,-1.5275107181
10,-0.6994441457,0.5204151455,-0.6467022910,1.2300041393,0.6057271135,-2.6942688759,-0.1962419372,0.7257249625,-0.7219996621,0.9244942513,1.9550850793,-1.1397123586,-1.3367332532,-1.1470193740,-0.0957389549,-1.3010806868
11,3.0922891188,0.5234025409,-1.4034198341,1.9274325839,-0.2569656213,1.9853374799,-0.0261850884,1.0461712933,-0.7367105657,-0.9452609987,0.5346287228,1.0750804364,-0.7517410007,1.3243762956,-0.2688747243,-0.4151081987
12,1.8326801795,-0.3415068021,-2.4649048586,-1.4822204228,-0.2952019229,0.5113056490,-1.9612639728,0.7231160575,0.2914703998,-0.2275736454,1.0960359546,1.1476941021,-0.1391264547,-1.0912874587,-1.7576417975,1.1449635509
13,-0.1197583277,2.0413718921,0.3882992019,-0.3029468849,-1.8370425242,0.6061090482,-0.6733621021,0.5845505211,1.4592571705,-0.0607075630,0.7783726041,-0.3478499441,-0.4702649324,0.8552050665,-1.8666041412,-1.5405104400
14,0.7689765330,-0.7516815149,1.0968932814,0.6679819969,0.4286660572,-0.6838682579,0.8552858928,-0.5712194369,0.3248810669,-2.1667755211,0.1100789749,1.1265566871,0.0479609007,1.5839800576,-0.1434234012,-0.3599868743
15,1.2054018231,-1.0734935356,-0.2758513476,0.6796698918,1.3411590195,-1.8830006785,0.0980220980,0.1612788485,-0.0654245600,0.9482289512,1.3100617706,-1.6898347314,-1.0415477413,-0.7227649215,-1.1758474977,0.4449265163
16,1.1381183794,1.6140901385,0.6534555385,0.0805819760,2.3821795883,0.0915308406,-0.4353104005,0.4468462508,-0.3800847317,1.2627435964,-0.1599105671,0.1941201278,1.1249177534,-1.5986546754,-1.0560731909,-1.0864945369
17,1.1636471901,0.6538353818,-0.0341064640,-0.7976534653,-0.1869389645,-1.3581584417,-1.3258960990,0.8681913137,-0.1660075004,0.3368972297,2.2264114385,-0.1652891659,-1.1824902773,-1.1845745424,-3.5391720364,-0.7950066727
18,1.0286872495,0.9379618984,0.4515117270,-0.7699185333,-0.1533860241,0.3647388259,-0.2778703434,0.5738855004,0.1987560891,2.3497606788,0.0840595560,0.7251543159,-0.4942754343,0.7124030481,-0.8402044512,-0.6263591486
19,-0.5225960585,-0.1923675989,-0.7536090323,-0.5631957002,0.4053601450,-0.0415264411,-1.2052061883,-1.8948895946,-0.4774342763,0.9271840489,-0.4692509569,1.2081217957,0.3238888408,-0.2604768562,-0.9644569040,0.2383136377
20,-0.2080416738,-0.1373832119,1.0952503789,0.3256865691,-1.2298766050,-1.7675253533,-0.4487434965,-0.6941370796,-0.7913486140,0.8278026258,0.4114485790,1.2846984908,0.1986415135,0.0533161052,-1.3984224153,0.5551733727
21,-1.4273396642,0.6111263175,0.8511697108,-0.3708809787,-1.8172673147,-0.8823946815,-0.0603023004,-1.3470434003,-1.5777127364,0.0698104910,0.9112013283,-0.7082390418,-1.4960028664,0.4933394738,-0.0219069332,1.0905516413
22,-1.3236238129,-0.0402645464,0.7143114831,0.2281279774,-1.7128422255,-1.2807720978,-0.6814451115,0.1170412548,-0.2468052370,1.3800839359,-0.0879462444,-1.4990204550,0.3279050163,0.1900156430,0.5113777452,-0.7351629632
23,-0.9801467955,2.2301738392,-1.2934329669,0.2562266736,-0.1162150948,1.7499662213,-1.2462206904,1.3280207744,0.6963071205,1.0805795833,0.9620492548,-0.5159179703,0.0716159713,1.2873882758,-1.3596416739,0.2478219072
24,0.8357155543,1.4389610648,-1.0022880757,-0.6791864910,0.7524241078,1.1586108289,-1.3556164433,-0.8690686163,-0.1110947074,1.9631582098,0.7589990408,0.2402892461,0.3296489198,-1.6955636393,0.9692379644,0.7130734421
25,0.4740703326,0.0866918077,0.8219455744,0.9072095386,0.7817111443,-0.5409078718,-1.0261705891,-0.8899914981,-0.9461963777,0.4560915054,-1.1417604037,0.4320074737,-0.6580621658,-0.0627112071,1.9388146675,0.9915873193
26,0.6852156292,0.9986287867,-0.8940747110,0.4165051566,0.9269342949,-0.2908531306,0.7089991965,-1.3008666889,-2.0098652127,-1.0874760096,-1.6241917087,1.2353208345,2.1730481414,0.3345953741,1.8427039980,1.7795594902
27,1.6567971911,1.7053722197,1.2408087702,-0.9089260371,2.3116277124,-1.2335306391,-1.0372738263,-1.2182988638,-0.5756420312,1.1416317032,-1.6595365389,-0.1792390861,-0.4244717836,-0.9440221577,-0.2475264874,-0.0400200360
28,1.6508509767,0.7398852528,0.0405116843,-0.7663093112,0.2170122497,-1.0265976237,-0.1327119455,0.2493319593,0.0111239254,-0.8702436510,0.2126367873,-1.7232024923,1.4905018959,-0.3319538979,1.3315630638,-1.3020360987
29,1.5989232984,0.2989117201,1.8508660194,1.6409245011,0.2026312081,0.1921109020,-0.5443334111,-0.2927210487,1.8294145104,0.0788494325,-1.0104935646,-2.1167291709,-0.9795451617,1.3657830267,1.6526333258,0.3298988164
30,0.8258346006,0.2499813099,-0.7501162936,-0.1948236140,0.3000255768,1.4756687825,-0.2861311647,-0.7321576161,1.1695400677,-0.4185654610,0.3696166365,-2.6001817156,-0.8684890944,-0.4237103669,0.9054903636,0.4330248458
31,1.6125257000,0.2260842609,-0.6833297150,1.0721866601,-1.3045941186,1.1188621055,-0.5411794323,-0.4800593023,0.6772857869,-0.7703318294,1.3898637821,-1.5158381113,-1.5262853555,0.1717748611,0.7024518601,0.4845484103
32,0.3831408371,-0.1551931653,-0.0521610142,0.4047291465,-0.1537716124,0.8764533959,0.2425552576,-1.3909588645,-0.9848160933,1.1842707797,0.5039321752,-1.5296598954,-0.3590492216,-1.3860089321,-0.1972107931,0.0311295564
33,0.2834686836,-1.0177836122,2.4695488330,-0.0464975147,-0.9270171624,1.4015272485,0.3325099313,-0.2638312655,-1.7361832384,-1.5243483521,-1.7585348503,0.6368617608,-1.3623652385,0.7582376943,-0.5874866246,0.7406236764
34,-3.6435308492,0.3368499205,0.2468839399,0.2975958074,0.8171262712,-0.3378885064,1.0618053661,-0.7625912223,0.6693542929,-0.7706502354,-0.3115267899,-0.8345059887,-0.1274864475,0.3638216042,-0.6173086092,1.6778701571
35,0.3975661172,0.2770738275,-1.7483716746,-0.8876272654,-0.8223572905,-0.7309795004,0.9114178401,0.7389755734,-0.8734830660,-0.1880650463,1.5192737896,0.3793076361,1.4785293034,0.9006867182,-0.3583049069,1.0320418074
36,1.4380529058,0.6370683401,0.2256728207,-1.8070086890,-1.6380574660,-0.7389044251,0.9194921592,0.7617802762,-0.0418754454,-0.1231829608,0.7941331122,-0.0635598143,-0.4763579338,0.3762629791,1.3351414431,0.7870416906
37,-1.1789825113,1.3342071871,-0.7077280625,-1.2451227727,-1.4602581614,-0.6859960777,1.7617417542,0.2377765150,0.4089855216,-1.5403974375,1.7685014082,0.4940674482,1.4569633136,1.0585953693,-0.6906157123,0.2042997198
38,1.5454179520,0.6046131539,0.2761427069,0.2079426811,-0.0490582107,-0.7319089872,0.9679797606,-0.4864898942,0.5798835929,1.2727917371,1.8891632316,0.7066119766,0.2582064662,1.6250904937,-0.6597416127,1.5410088527
39,1.7252562208,1.8710475655,-0.6462444906,-1.7710246604,-1.5271213215,-0.3312427086,-0.8075602879,0.3481585014,-0.9224141351,-0.6336884457,-1.1279972130,-0.5940556998,-0.7834604042,-0.1985465990,-1.0295347919,1.8781047276
40,-0.1731855561,1.0518750749,0.7203102374,-1.3510442177,0.1746481540,-1.3321610572,0.1177102101,-0.5943717510,2.0564518070,0.7483007995,0.2139084317,-0.2071812417,0.3904005103,-0.6648166115,-0.5133878315,0.7628032379
41,1.4978624729,2.3254238414,-0.2297852896,0.6495480974,-0.3349375471,-0.0494924439,0.3846667948,0.4581727423,1.9492002446,1.5715798924,-0.8747358484,0.8823636428,-0.0111529781,0.1150728659,0.6915840313,-1.8937644828
42,1.9581316734,-0.6489958292,0.7943764291,0.3082108642,0.2298969697,1.7504153737,-1.2113258511,0.0533261494,2.0407403351,1.0604340816,1.8738511398,2.4531217952,0.1903164730,0.3691025360,0.8207590402,-1.1820938178
43,-1.9540157627,0.2411543978,1.2752547285,0.9410968244,2.7581826807,1.4716638001,-0.3837835843,0.7178679076,-0.3411239148,0.3641607255,-0.4732692631,1.2957970694,0.0121276425,1.0132783743,-0.2392046677,0.4233340359
44,-0.4513053159,1.2952266346,0.3770438004,1.8593535018,2.2177902438,0.4044743124,-0.1667347291,0.3645963006,-1.2118781214,0.4299193387,0.8389584566,2.0989278408,0.5741050566,-0.9242313270,1.0240304535,0.4214796445
45,1.7795674914,0.7674117715,-0.0822727399,0.8275677343,-0.3265328994,0.4049875176,-0.3847585421,-0.2604418376,-0.1587517104,-0.2481621151,-1.1409993317,0.0763624291,0.8843289338,-1.0381430650,0.6505973426,1.2993538274
46,0.9479214609,-0.9216221752,0.3283205921,-1.7254130506,2.3020616816,0.3780925097,0.4779178448,0.7695076737,0.5922196382,0.8021216569,-2.8252841407,0.6832007984,-1.6701027423,0.9253381358,-1.6638460806,0.9922353399
47,-1.1131590155,0.1555791601,-1.0478148008,-1.0937029612,0.7442627471,-0.5126283742,-0.1538449329,-0.0999662749,0.8501609169,1.1870223089,-2.5093199726,0.8295968369,0.7930224491,-1.0742630199,0.7112907026,-0.0200032558
48,0.0292861365,1.1566694184,0.8590919632,-0.4516754412,1.0574949975,0.2829074243,0.8880642062,1.2309871677,1.1854568341,-0.4921852535,-0.7038812235,0.6738499170,0.5484009958,-0.2731386188,0.2685914890,0.3718412442
49,0.8799040455,-0.7190938542,0.2033388706,0.9589125155,-0.9861393444,-1.9639904561,1.8907582028,0.4067254524,0.9747255192,0.0695334781,-1.2208592186,0.4795439123,-0.6875037263,-1.1032529714,-1.1912799781,0.1450897275
50,1.0884661399,-0.5073365201,0.2299090569,0.1044618923,-0.0753668627,-0.2730626252,0.5799377481,0.9551064334,0.1766933375,0.0251323078,-0.4338163784,-1.1477931786,-0.2232326248,-1.0236458941,1.0951531780,-0.8957262895
51,-0.5248301143,-0.9091234523,0.0572454261,0.2832390166,0.0038800023,-0.3699838101,-0.0280732471,-0.2421010912,-1.3033069289,-0.0113713375,1.6292283860,-1.3394594431,0.6532156639,0.2298118666,1.9743604120,0.9453839117
52,-0.8369210371,-1.2893435448,-0.2867681815,0.7409539535,-0.2535952719,-0.1455130710,-0.8819805699,0.2401458243,2.0282417146,-1.0204197139,0.9603632880,-0.9863762935,-1.4661969368,-0.4476352194,-0.9836879718,2.3083220482
53,-0.1988236892,0.4891124545,-1.6591877698,0.1758276411,-0.2331573207,-0.0691906427,1.2675617192,1.5401192951,-1.0562262871,1.5383464563,-0.4541330889,0.0942049001,-0.8123900526,1.5226926634,-0.3828669135,-0.0931575028
54,0.9550790823,0.0928343881,-0.6318909348,-0.9192173451,-0.1516546136,-1.1131857802,1.7587563446,-0.8254158242,-0.8569028542,1.1826402685,-0.5250791279,-0.7161914460,-1.4496762125,2.9925459630,-2.8081805493,0.1159044217
55,0.7146760432,-0.1374761337,0.2404090889,0.2132982884,-2.3169955341,0.1780795242,-1.3332303194,-1.4177535137,0.0185953390,0.6315825843,-0.3276151846,-0.6638995488,-0.4457631574,0.5397587191,-0.8900084862,0.4079529735
56,-2.1931258865,1.1300804383,0.2693626110,-0.3315267471,-1.4936382988,0.0596333372,0.9205239379,0.0267941670,-0.7715039743,-1.0131682770,-0.9796201535,1.5237875531,-0.5949384187,2.0232485591,-0.7302618717,-0.1361792539
57,-1.0263717870,-0.3833326502,-0.8014575844,1.3073603305,-1.5700829454,-0.0245803639,0.7004187994,0.5588496469,-0.1266981309,-0.4302287702,0.0441187317,-0.7251225866,0.2278839067,0.0420084808,1.3526127377,1.3124291915
58,0.8279389132,0.6992964034,-0.9598119641,-0.6162980928,-0.0495807217,0.3338057450,-0.7273729957,-0.2752347778,-0.0999535529,0.0306759081,1.3159389277,-0.6806935574,0.2307331907,1.2206186107,-0.3027453111,2.1872064959
59,0.1310372456,0.5284946388,-0.9487151599,1.0280797544,1.1461873661,-0.3647643743,-0.7624070744,0.4791452502,-0.1580998011,-0.3672726123,0.9194866614,0.9184351061,-0.5156776729,-0.8973944901,0.0418676804,1.3275480564
60,2.7357790938,-0.3848922203,1.1507553936,0.3134880988,-0.3297716054,-0.3268110201,0.2021947748,2.0761617069,-0.8952717609,-0.2437607700,-0.4209172887,-2.4075384138,0.0661268179,-0.0207991932,0.2091047034,1.1835862276
61,-0.6316656211,-1.0942822580,-0.0527903023,-0.7606812029,-0.9400510177,0.1358346760,-0.2060811261,2.5316955613,-1.9719680028,-3.6762626770,2.3883245012,0.3581326545,-0.4020049473,1.4549857211,-0.6255357102,-0.5457710112
62,-2.0749176970,-1.9092782242,-2.2633842981,1.3958151109,-0.2650220359,-0.4845624287,0.0188987410,-0.2164913986,-0.0917562035,-0.5897563606,1.4089509554,0.7346448123,-1.1260032579,0.3388025711,-0.3013460960,0.8057237303
63,0.0547488473,0.5120719572,0.1214532091,-0.5245242663,-0.7998721247,0.8456128912,2.0824406183,0.7423238410,0.0274067749,-0.5155923968,-0.3902323846,-0.6500320104,-0.0996218530,0.1910177178,-0.6805095785,1.1050763431
64,-0.4625416469,0.3593620156,1.0104755174,1.7879714203,0.3874021597,0.7750761107,1.3186729874,0.0860483148,-0.5112350298,-0.3385261993,-0.5310031213,0.6382798104,-1.5732538676,-0.0147979695,-2.4139600048,0.5616131970
65,0.4921252597,1.1939218024,1.7171953851,1.7106239631,0.6125544916,0.6547247978,0.1174405964,0.2878573520,-1.6390263453,-2.0928435810,0.7932645417,-0.7822738283,-1.2345163430,1.9876208453,-1.0602269921,-1.2028871847
66,0.8800497030,0.4090614114,1.5618477670,-0.0225624860,0.6127478069,-0.2303545677,-1.0476743385,-0.1663049940,-0.2062482222,0.8360692455,-1.5148525806,-0.3913313870,-0.9334917345,-0.3717339799,0.2371617265,-0.3434103085
67,-1.9652252235,1.3728416881,-1.0615737466,0.5171236558,0.8220169837,0.5402252288,-0.2794075359,2.6253601224,0.0126859244,-0.6776481863,0.0327254964,-0.8997190774,0.5248260979,0.0865036444,-0.4452392919,0.1505043422
68,1.2617578570,1.2528036883,0.8455316082,-0.6603370713,2.0737871267,0.8808142501,-0.2691607825,0.5166270910,-0.0820136235,0.3511312674,1.0781477696,-0.5403765311,-2.0160111570,1.5759430239,0.3205653461,-0.3649666068
69,1.3214148694,0.0020612909,-0.6762851296,1.3113404273,0.7944322983,2.8848735333,0.2841707871,-0.3180890043,0.2191938250,1.4794671325,2.3930094501,1.1552905161,-2.4084001495,1.5706380181,2.4195889054,-0.7759827548
70,1.0119624566,-1.5636735731,0.9568472983,0.8650514097,0.3865470812,1.7163497724,1.0219366767,-0.2685036491,0.1901476410,0.8627355564,-0.9364833879,0.8657042630,-0.4480119763,0.5983580274,0.1251399906,-0.6028043081
71,-1.3109738390,0.1221178026,-0.0071491122,1.2455025081,0.6004041810,-0.0286708197,-0.7883409130,0.1282923350,1.0233105302,-1.2457470805,0.5996587353,0.5305664215,1.1970024114,0.5571202935,-0.9984537194,1.1121079151
72,0.6884610593,0.6097869388,0.7025179711,0.2486887813,-0.5930082165,1.8234445344,-0.3490815986,-0.4229481479,-0.1071904570,-1.4241595083,-1.7343917834,0.6856054790,-1.2284963875,-0.8153810725,1.1313657438,-0.2990228222
73,-1.2067179433,0.1274520333,-1.1893727353,0.8334537014,-1.5617964004,-0.4002646686,0.4986350004,0.3175809635,1.6002961190,-0.6998264296,0.0321534342,0.2762185433,-1.8474500563,0.7006572963,0.1833633818,-0.7199254510
74,1.2623982772,0.3335692918,0.5933375259,0.4526402490,-0.7879693836,-0.9378254184,1.1776588145,-1.2770287497,0.2449629027,-0.4061818717,0.9397430352,0.0742395746,-0.3160453949,0.0342864092,-1.0981623356,0.2227955834
75,1.7849947947,2.1570901879,0.9876591571,0.2668082243,-0.8829548348,0.3427014396,0.2483000561,0.2400760262,2.5722504895,-0.2769169279,-0.2194345367,0.1191335318,-2.4644820270,0.6559123973,-0.2307190504,1.1762183120
76,2.2761463460,-0.1442234554,0.4009967806,-0.1504251079,0.3774121213,1.4122188903,0.3871403966,0.6439628088,0.4501989798,-0.5820772042,0.5644597166,0.4382806002,-0.7854253355,-0.6960635374,-1.2441800989,-0.5647222479
77,0.5401710101,1.6370000902,0.1395457938,0.9016169742,0.4255514408,-0.9317931348,-1.1172832204,-0.6221957166,-2.1012590103,0.2408834099,0.7008687897,0.9480263023,1.2246079168,-1.5589849933,0.8796888655,-0.1339991348
78,1.9416355445,1.3251145923,1.1489185794,2.0737943656,0.7483685133,-0.2038980523,-0.1025722403,-0.9947012231,-2.3818930054,1.0887862669,1.1501850538,1.2474079713,0.5115895403,0.0396414173,0.3897172310,1.9538695611
79,1.9910711040,0.0503993558,-0.9611402042,0.0912104260,1.4825990434,0.0289982905,-0.7145428863,-0.3084943222,0.6631868999,-0.3704142566,0.3186329987,-0.9529337056,-0.0347939397,0.0189220857,0.9983275530,-0.2599396769
80,1.4358401924,-0.3126156557,0.8285169417,1.0262640480,2.1028297060,-1.0455873909,1.8620798874,-0.6718008001,0.4585765805,0.2924111874,0.7695814899,-0.3236597120,-1.0809933776,-0.3810298453,0.8411069865,0.6138682584
81,2.5387521610,0.6903898372,2.1375158505,-0.4320000994,0.6647835870,0.5079771098,1.3794509946,0.1563277435,-0.0259458931,0.5977589800,0.6754952778,1.6447871224,0.0766298627,-1.4224479372,-0.0775803443,0.8472218157
82,0.1702647496,1.4934677731,-0.3800719597,-0.3268569721,0.3522934977,0.8198974796,0.3249447295,-0.6163015043,-0.5885085430,0.7385677889,-0.0295435352,0.2852488251,1.0515545660,-0.9168202604,0.7033099407,0.2114688323
83,0.7726699135,0.2687679103,-0.7122225088,-0.6315363783,0.4278715241,-1.4604290814,0.0512120599,-0.5815652337,0.4832278265,-0.8192729215,-0.1165039275,1.4564562555,0.7944730896,0.5127525152,1.3134903827,0.8242036264
84,2.2438907857,-0.3787617536,0.4365631607,1.8883918880,0.4452862408,0.0603489243,0.8606756028,0.6960620620,0.2116599931,0.3723357074,-0.7241952822,-0.0111895201,1.1148606350,0.5587808645,0.6696003133,-1.3317043369
85,1.0983223713,-1.2845094797,-2.0213634226,-0.0453230583,-1.5204563438,1.7332278989,1.4722981764,-0.9956286728,-0.4833776344,-0.8677145197,-1.9406623363,0.2688875868,-0.0006661931,0.7191056453,-0.7000656245,1.2312092914
86,-0.1188392199,-1.1165767724,0.7406153704,0.2000972925,1.6962690746,0.4328829904,0.4601327656,-1.4176353365,0.9065388893,-1.5970888781,-1.1865015202,0.0108648551,-0.3966101073,-0.7800551004,1.1404770997,-0.0218080542
87,0.2783896922,0.2039103221,0.4994184928,-0.3940763075,-0.7088267710,0.9690085107,0.3419477742,1.3404323421,-0.1981663419,-1.3653514804,0.2675156038,1.0597411499,2.0691595620,0.7468126918,-0.3513021596,-0.3646067767
88,-1.7704776637,0.1213510407,0.0272581867,0.0954162921,-0.9433906174,0.1936533320,0.0106086047,2.0755140810,-1.1033354669,0.2918183925,0.4764833694,1.1224704569,1.7737927514,0.4004631976,-1.3869051755,0.2182476540
89,-2.9466734215,0.9179092913,0.9898523919,-0.9935507643,-0.0461077676,0.2048184777,1.8000480475,1.4371647842,0.7610286462,0.3598165320,-0.6898785825,-0.5926473820,0.5438271021,1.2745350991,1.5557977802,1.4415676577
90,-1.6664867929,0.2065474902,0.9684044015,0.6072832205,0.8152757044,-1.0825736059,-0.7605049665,0.8354855733,1.1989456430,-2.2173437474,-0.2089741018,-1.3439299017,-0.4718356313,0.6874894722,3.2699655326,0.2475175120
91,0.5426558322,1.5111671390,1.0058265423,-0.1843061465,1.3518853182,-0.0302096224,0.3125510695,0.1558812441,0.4678637220,-0.8402250449,-0.5032035169,-1.1133996381,-1.5804684376,-0.2666693177,2.1031572627,1.7361210683
92,1.4999174247,1.1367804634,-0.8898684534,0.8931118845,0.7262961611,0.7586560787,-0.1097987016,0.9520885869,-0.2071059186,-0.1943971083,0.1226094616,0.0924732288,-0.2272944700,-0.4713265261,0.9586531080,0.4351945177
93,2.2878643543,-0.6772308155,-0.4514473590,-0.4272004428,0.1100020079,0.2438066672,-0.8175952580,-0.7713203334,0.1723844235,0.9605503561,-0.1820415817,-0.8291921799,-0.5782912209,-1.1028152820,0.6919705481,0.4725804166
94,-0.2821245769,1.2631499983,-0.1336714152,-1.3929040221,-0.1759272719,0.4798559070,-2.0871191517,-0.3332160693,0.9926395339,-1.9285824164,1.3934356497,-0.6145267986,0.0072393837,-0.2386266995,0.6059471096,-0.3720662815
95,0.0326206789,0.1017559332,-0.4149207975,-0.8659260110,-0.1446090006,-0.4960629426,-0.3846479951,-0.6026122346,0.1451788367,-0.1772280974,1.4915268640,-1.9310584578,0.4943026456,1.1094844574,0.8846786001,-0.4328002102
96,0.3992131834,-1.4689403671,1.0732133267,0.7168887348,1.5245992080,2.1659224100,-0.9737094783,-0.4184465319,0.0694446260,2.2895665148,0.5454937588,0.5619093906,-0.0333299109,0.0236934674,0.7535130613,-0.1337854873
97,-1.5599123339,-0.4481532033,-0.1573974502,-2.2350310935,1.9972248404,-0.2784056174,0.3339456851,-0.6365113390,1.1753079267,-1.3878106833,0.9984703850,0.6692089619,2.0261174126,1.0130287051,-1.3592069179,0.2312581299
98,-0.2722069719,-1.3722485185,0.4609056616,0.0293668885,-0.0275025130,1.3356793483,-0.0995419101,-2.2117105519,-0.8097452128,0.9446038900,1.4966142525,0.7798063756,0.8371116619,0.7981789521,-1.2038235212,-0.9476484859
99,-2.0233559866,0.6333129634,0.6113330238,0.3120988308,-0.8548012575,1.6436060210,-0.6003489806,0.1655093260,0.4334176455,1.2313990942,2.3388710500,0.4174051846,-0.0465454925,1.0018000595,-0.2827804177,1.5065220024
100,-1.1991107963,-0.1029106921,-0.9979264149,1.2171153177,-0.0641528487,0.1664825186,-0.0965137740,0.5241771915,-0.7158754224,0.5217739440,1.8020527775,1.8924482272,0.4900115068,1.6272236374,-0.0617729902,1.2079814960
101,0.1953665616,-0.0267574006,-0.4837732752,-1.2172560765,-0.4434448492,1.8441576783,-0.9918337677,-0.1440945652,-2.3996776676,-0.9872406397,0.8138692689,-0.5093606413,0.7078029991,-0.1071983708,-0.4860238688,0.2048710393
102,-1.8414615756,-0.8657059774,-0.5503731012,2.9265557276,-0.3537850143,1.3150320248,-0.7400345742,0.5063238866,-1.8352773890,-0.6115677044,-0.4763323770,1.0396739602,-1.2210342902,1.1308156180,0.6511899710,-0.5034119933
103,-1.0849495425,0.0720251714,-0.5175785782,2.0444132569,0.5171329537,-0.3251667229,0.7595341169,0.5140837476,0.0732905217,0.4121756661,-0.7410973894,-0.6254629241,1.0426485497,-1.3399110411,0.5212876799,-0.3457122609
104,2.0247712289,1.0793606373,0.5882894282,-0.0431207050,2.5499584983,1.2224556960,-0.4143068819,0.7931346954,2.6733953850,0.6995680307,-1.8195677110,0.2796414817,-1.4001786644,0.2471232231,0.8714874139,1.3270367656
105,1.4867777218,0.4864004530,-0.0130571353,-0.2684031996,1.3055865464,1.0134672350,0.6560188296,-0.1467228631,0.9509284536,0.6432939644,0.1143663755,0.5074423236,-0.8612567574,-0.4242289601,-0.0771165826,1.5791002510
106,0.7086263623,1.2842539532,-1.4692735087,0.9603929673,-1.1203492209,-0.5805214516,0.1496256532,0.2284164694,-0.9740062702,0.5465975956,0.0598037223,1.6647831683,0.4058008449,-1.7859063812,-0.1892174595,-1.1899325205
107,1.8648447755,1.8119634428,0.3135735143,0.7677018650,0.0766551031,-0.7960438387,1.2217307389,-0.5780122369,-0.2440151537,1.1104570474,-0.2278152821,1.3173648320,-1.1292545699,0.8532691445,-0.0749855612,1.7690305993
108,2.6402978458,-0.5021472531,-0.8290549014,-1.0658255629,-2.1282452207,-0.2404531171,0.5790331906,-0.5255173139,0.9281586512,0.2510121522,-1.2483362710,1.1965070061,0.2545038871,0.4087828399,0.5472505975,2.4124354867
109,0.1806017827,0.0217623666,-2.1583076836,-1.8646519410,-0.6209182336,0.0414516140,1.4008479582,0.0026463535,-0.4506853885,-1.4674977379,1.0368202286,0.8463479889,1.4436915691,0.0622019373,0.6422935974,0.1614093136
110,1.1953693645,0.1059943724,0.0216565250,0.1775247583,-0.4596865004,-0.0217586317,-1.9066464098,0.5783578094,0.3525348934,-0.3739448167,-0.1149022100,0.6929456544,-1.4992545893,0.3348142279,0.7226907079,-0.3214816685
111,-0.7211651813,-0.0287503381,-0.1261017667,-0.5521865417,0.0916784060,0.1865150437,-0.8255516612,0.3967012159,-1.1763232030,-0.6766368224,-0.0161503374,-0.0463496975,0.7984795198,0.4718976214,-0.8918388865,-0.5825718938
112,-0.6437912546,1.0825199990,0.1742834973,0.3037152662,0.5914784699,-0.5977183492,1.7821777551,0.9331963086,-0.8506512559,0.2036490076,1.4564621152,-1.0391022760,1.3092322542,-1.7741935771,0.3577995976,-1.6053206305
113,1.2659702875,0.4832158866,0.6127410488,1.2305533473,-0.6049525652,1.4898285874,-1.0956252760,1.7273312257,-1.3504650154,-0.7403139650,0.5621119326,-1.6689849359,-1.2005816061,-0.6433146897,-1.7039403507,1.1958634560
114,-0.2391827174,-0.5912934907,-0.3216386299,-1.2349905027,-1.7009919606,-0.3602560010,1.2966638696,0.6848947599,0.5231503861,-0.3457423067,-0.1388691151,-0.2689395172,0.4274165862,-0.2679828090,-1.1277949525,0.8734880898
115,-1.2079517573,-1.1454254812,-0.6884651546,-1.3776276084,0.7531701386,0.9157927386,0.9279674980,-0.1845603817,-0.0170999384,0.6755203780,-1.0621922175,-0.6611105624,1.9394210366,0.7846478962,-1.4335747854,1.0907801734
116,-1.7726837918,-0.0652503769,-2.0230837944,0.9426695406,0.4790620596,1.3604570186,0.4187439065,-0.1339548330,-0.2755830309,-1.5224971419,-0.4452875903,1.0095696653,3.0955315592,0.8787733856,-0.4684320781,0.1233748826
117,1.0533844192,-1.2087435773,-0.5199069530,-0.3160326005,1.7429538923,0.4952607840,1.1853751111,-0.3567937728,-0.2773456434,-0.0521546151,1.6574180250,-0.6520485432,0.3935880344,0.8470152127,0.0703137561,0.8434185017
118,1.1017208173,-0.6566141644,0.0860019088,0.1549900331,-1.0168784486,0.0937626865,0.1029838621,-1.1521999634,1.2397766313,0.2287698857,-1.0785142627,-1.2617607461,1.7234752506,1.6767385376,-1.3795391448,-0.3669196359
119,-0.0323214097,-0.2714913944,-0.4646784701,1.2899870077,-0.2732942542,1.3212058182,0.0184009077,0.0059177985,0.8205647037,0.5841541649,-1.2558897248,-1.6412041560,-0.4641090018,1.5917011074,-0.3782787239,-0.1697602482
120,-0.5288660821,0.0853964005,0.7527020511,0.1169562256,-1.1774227618,-0.6567599071,0.2461742451,0.3215025743,-1.6152868669,-0.2782857938,-0.3964296183,-0.9517806540,-1.0157520916,0.1090289299,-0.1916444134,-0.2911517769
121,-0.7750378322,1.3080004703,-0.7553849545,0.0560903911,0.7031518031,-1.7149544019,0.3525011394,-0.8923141625,0.0335519488,1.0398143482,-1.7563388915,-1.6254062818,-0.7418581666,-0.1865319359,-0.0743621796,-0.3165143678
122,1.9647177259,-0.1897508824,-1.0259153152,-0.8906255527,1.7354611128,0.8987898115,-1.2054663683,0.8559729056,-1.4637615947,1.4393315152,0.6306082304,-1.7802525825,0.8044647445,-2.1715199604,-0.6439888748,-0.1687042989
123,0.1978637967,-1.0992522257,1.2826187001,1.4521984828,0.3318121112,-0.8208632478,0.5127483978,-1.1536502176,1.2471658322,1.6659852529,0.5609304372,-0.5068758375,0.4274122464,-1.7224871525,2.1169257999,0.9386825552
124,1.0921592307,0.7257904936,1.0630515947,-0.6155474088,-0.2656575048,-0.0244325100,0.4792070502,-2.2527527078,0.7066634505,0.5132879291,-0.3879425872,-0.0045882335,-0.0050044994,0.5139536286,0.1671587738,0.3089353012
125,-0.0561517616,1.3820383469,0.1712305964,-0.6671626033,-0.3769511031,0.0436303975,-0.6707911860,0.6615221472,-2.3062856939,-0.2243054765,-0.4070301730,1.2531152885,0.0123019429,0.7562385322,0.0493153777,0.5326849712
126,-0.6794065726,0.8721804969,1.0149274946,-0.2376386254,-1.1108661625,-1.6595411188,1.0966913687,0.9104793172,-1.8223082603,0.2684948676,-1.7981223021,0.6276136898,-0.9751846450,2.3598902183,-0.1997307029,1.2931485979
127,-0.2221739828,-0.7905910196,0.4675569353,-1.2002337497,0.6392857245,-0.0910677353,3.3198735302,-0.3071489065,-1.9329442221,1.5246926195,-1.0928173481,0.7746979511,-1.7810666746,-0.2362403359,-0.0965316456,-0.4085577479
128,-1.3526822728,0.0571518789,-1.0207912956,-1.7329987789,0.6469415218,-0.5443405934,-0.2734338211,-0.6304783160,0.7444665804,0.6394240331,-0.2642324234,1.5943780900,-0.1898423867,-1.2855411657,-1.6585642616,-0.3602253380
129,-0.2040199256,-0.4734733412,-0.4547311935,0.2530635607,0.1397281569,-1.8677443447,-0.9460062151,0.4778761908,-1.3168240012,0.9106691325,-1.0130250731,1.6605871602,1.1017860153,0.3593972605,-0.1460610078,1.0975581793
130,0.2936055316,1.1199902081,0.8565096337,-1.0871411208,-0.2234647954,0.6632364241,-0.5338559131,-0.0225494427,-0.6513005884,0.7225946313,-0.6611200026,-0.2849153320,-0.8682920483,0.4033058665,-0.3643190548,2.4565925333
131,-0.8678195850,-0.6150138509,0.5983600598,-0.2034132829,-0.8252166024,1.0650006610,-0.3033553646,-1.2904378328,-1.1765493010,1.2869001516,0.3436518692,0.3435545782,-0.1204082513,0.9896369951,0.2441737725,0.6940248660
132,-2.6460724344,1.4544655283,0.1052571289,2.0433575169,1.5864486253,0.3426631275,0.0112082089,0.6305044859,-2.1676790456,0.9888544689,1.7623702438,1.5616945689,-0.5687324000,-0.0271490309,-0.9936254186,-1.3614139279
133,1.4921811604,-0.1931987804,1.5310826562,-0.1457510564,0.7157484983,0.3479781321,0.4029027832,-0.3044192886,0.3034030758,1.7626663424,0.5392262272,1.9486633073,-1.3576185444,0.3015757396,0.5049387072,0.2696986132
134,-1.1657349467,1.4105015453,1.7660969071,2.1043112906,0.6143016471,-0.1801705768,0.5816233963,0.3785723720,0.1515899005,0.1065117158,1.1750015073,0.4409372532,-1.0433125549,-2.4365382425,-0.4368121958,0.3274336671
135,1.1272482558,0.3721491618,0.3977614192,-0.0621157126,2.5561410669,-0.2592866483,-0.4196814583,0.1330334541,0.3711502972,0.3551107332,-0.0235375879,0.4100704245,0.5128015429,-0.4664158342,-0.9326381240,0.3471285655
136,1.0754826649,1.0751977163,-0.5780301828,-0.0342827864,-0.6596289400,0.0941036411,-1.0008679553,-1.9674698995,0.1792464801,0.5432789154,0.4719507395,-1.2793220027,0.6466799785,0.9233030205,-0.8527076692,0.0874896649
137,2.6560175550,1.6023924957,-1.5441959763,0.6757765080,-0.4799261071,-1.5038685979,-0.0133372444,-0.9184498115,-1.5603963676,-0.2868197543,-0.5261844572,-0.3954046423,0.0473876403,1.3955727800,-0.8368233993,-1.0850281204
138,4.0632786680,-0.0148995766,-1.4458330991,-0.4770779403,0.2626787594,-1.2555741207,-0.1725641704,-0.9026401945,-0.6105940796,-1.6647143440,-1.0308859145,0.0792226481,1.2428150320,-0.2952568455,0.4649254932,0.8208978683
139,2.4976316880,0.6872196035,-0.5915015149,-1.5992389212,0.2372400351,0.8336786117,1.7390506538,-0.3715636992,2.1891763532,-0.1588353848,-0.9929808974,-0.6562473271,0.6018911734,-0.8336638973,-0.0226627319,-1.9679372420
140,1.8797516534,0.2458616559,-1.6235833504,-1.5816825151,-0.4482857049,-0.3638872128,0.8315592134,-1.2532474292,1.8387419287,0.4622826367,-0.3061523784,-0.5815639151,-0.3636626580,1.4116042085,-1.0271915361,-0.1716510048
141,1.2708808980,0.5626744398,0.2098737463,-0.2536333834,-1.4660061577,1.0323318052,0.1110241608,0.5025811819,1.2950554705,0.9721857766,0.6922528897,0.8413756087,-0.9746061354,0.0799203593,0.0168182882,-2.5545433092
142,-1.5792549514,-0.5915819999,-0.3270740010,-0.8387940321,-0.9189427965,0.9448813915,1.0610856617,-0.3384065938,3.3978468162,-0.5105068782,0.1956103129,-0.5070225561,-1.0514414191,-0.3161748174,-2.0342400810,-1.1141508292
143,-0.7211396918,-2.2788597095,-1.4675267140,1.0671339399,-1.1129585873,-1.1092519902,-0.1891784337,-0.5084304372,0.3703420530,-0.3823767760,0.8473230167,-0.2042440352,0.0453471298,0.5041266601,-0.2845841026,-0.9811936545
144,-0.0073708179,0.6451647845,0.5727238986,-1.3380545063,-2.5458469457,-0.7486830679,-0.4638687113,-1.6091905505,-0.3831609404,-0.6660035537,-0.7729453736,-1.4907483882,-1.3946169463,-0.8708218745,-1.3250276346,0.0517782353
145,-0.8252936852,0.8947850294,-0.0565919100,-1.2103694603,0.5250944706,0.4152702866,2.1730510516,-1.2540601462,-0.1886489970,-0.7916855531,1.4772195009,-1.3810334260,0.6151324214,-0.7993173028,1.0127859949,0.0468713096
146,0.2053021352,0.6594648946,-0.4856605319,0.6618516517,0.8862807362,-0.4666332841,0.0179355465,-1.0732988779,-0.8370498713,-0.3111862444,-0.1705712523,-1.0773489325,-2.0656339192,0.0421500404,1.6051851331,-0.1465849605
147,2.0539174260,0.4791500441,-2.7666660705,1.3346864308,0.6184640706,1.7847370689,-0.6684510057,-0.0462436765,-1.5861462587,-0.0488536298,-0.9176776705,-0.6012282685,1.2426029309,0.5214983149,-0.4471723642,-0.6813532284
148,2.1620753033,-0.3998341001,-1.0795533206,-0.2543222539,0.6429863802,0.5004285249,-0.2732326195,-0.1936230768,-1.2445202481,-1.1740120975,0.5596526246,-0.4914798671,-1.1618755679,0.6364031191,1.1748043601,1.0005855943
149,0.8882157313,-0.2792470127,0.3417465747,-0.2263479674,-0.6732914250,1.6048292671,-1.3714900651,0.4645006370,1.0458577122,-0.2088544782,1.1116158680,-0.2663959525,0.0406140825,-0.1422492071,-1.3497882083,1.4257641054
150,-0.8568608828,0.0953352630,2.2120704754,0.9326818261,-0.4203158861,2.0159309712,1.2214003665,0.3438420309,1.9793228753,1.7669612008,-0.2375389340,0.5825875521,-1.7824820681,-1.4243196899,-1.6319186002,-0.8681292528
151,-2.1049746804,0.7554182610,2.8916753040,-0.5331948695,-0.6511695984,1.5220076278,2.5405335524,1.3861943892,0.6266048427,-0.2208087358,0.6192680306,0.8013102384,-2.2542276988,-0.5621636189,-0.6124369688,-0.9020452841
152,-1.9186187026,-1.1624018272,-0.1201000855,-2.2932674915,1.3413770931,1.5446500954,0.1562309173,0.7820734931,0.0873787430,1.1537936097,0.0450779014,1.0325675992,0.2899987030,1.0349426292,0.8705030111,-2.2460304128
153,-3.3846944590,-0.6689269023,-1.0325884650,0.5024759834,0.3766065282,-2.0387235800,0.5291600371,1.5440516246,-3.1622173882,1.0754473815,0.3122939216,-0.8350445566,-0.4922485861,0.7026043299,-0.0265409525,-0.4781493983
154,-0.6196928716,-0.1764335140,0.3020495869,1.4717329961,0.8233988227,-1.3892156604,-0.2034850893,1.8016239238,-1.7940397987,0.5998043134,-0.4855654051,-0.4736975301,-0.4769583956,0.5559979713,0.2043250655,1.4466890408
155,-1.2318829861,0.6100975770,1.3778369196,-0.7887137060,1.0131371643,0.5764820682,0.3819998971,1.7477281514,-1.8624725010,0.2465748059,0.0360438061,1.0585047097,0.7403053663,0.6870024771,0.1698175711,0.8680321412
156,-1.8475978229,2.6584872028,-0.0544437641,1.2347129497,1.1704377608,0.4024861605,-0.0757651023,1.1830710249,-0.9687057067,0.2814202591,-1.2518243693,0.6656238442,1.3563142734,-1.1679052458,-0.6822037790,0.4060713633
157,2.1826897325,1.0743013989,-0.9169644647,-0.3055333572,0.6244634882,-0.0445343500,1.3584794358,0.7699703272,1.0048219123,-2.3423268257,0.6102880409,1.3873323318,-0.0626848435,-0.9705325289,-1.0045925631,-0.1838266459
158,2.8181365127,0.1848697928,-0.3157893432,0.5762958991,-0.7029032319,-0.5274600198,-0.3908263244,2.6568867949,-0.4034163531,-0.4636338496,-0.0587314885,1.4932458736,1.9047636886,-1.8483889852,-2.0992065071,0.5179906919
159,0.3417063684,1.1717727023,-1.8846019724,-0.9820256868,-0.8124539239,-0.3443770104,-0.9152246893,1.1129880852,-2.3826583812,-0.2898761170,-2.6197862529,0.6542953295,0.3611131447,0.4614252854,-1.3778515093,1.0459777557
160,-0.3330799322,0.6797980025,0.8406821082,-0.0044078386,-0.3558960694,0.9842514652,0.9274114749,-0.0163073017,0.9421694108,-0.4860371272,0.4743827253,0.0521002712,0.8308323905,0.6127118624,0.4554139522,0.7810189014
161,0.2551927590,0.0556290104,0.8160454519,0.3827077118,2.0858769274,-1.1101177810,-1.3971464542,-0.9706590181,-0.4585939132,-0.6858201219,2.1582693742,0.6914145650,0.0385307739,0.2043200691,0.9801524462,0.9201360829
162,0.7985584189,-1.1193488127,-0.2221917322,1.2006384251,1.9055686048,-2.3344465971,1.1712556174,0.7103336290,1.2186871012,-1.1322983098,-1.0997429349,0.6890411707,-1.8817687602,-0.9887774010,-0.0381308532,0.2156161570
163,1.9357762627,-1.0060632923,1.1391014338,-0.4972572201,0.9554633755,0.1956863906,0.7396888975,1.4959045523,0.2611786594,-0.5656435394,-1.8457030220,-0.9419971730,-0.5964610423,0.3579407844,-0.1583017831,0.9465295840
164,-1.0797208720,-1.4454576400,1.7946694065,-0.1432913571,0.1478268853,1.2257067734,0.2373355442,1.3874789300,-0.3821687895,1.4619489686,-0.1077634405,-1.1123856589,-0.3909055708,0.0699881598,-1.6057273848,0.7856842977
165,-3.2833329427,-1.7416714528,0.9147555194,-0.6950199414,0.3346900325,0.9472284657,-0.0220154030,1.2896692326,1.9888746260,0.0427150940,1.3400485298,1.0683282355,-1.2769248423,-1.9312786448,1.3211245651,-0.6134134905
166,-4.0246618534,-2.0096841992,-0.5334570721,1.5414498447,1.6220948956,-0.3456267523,-0.4985252792,0.7063294526,0.3873336078,0.4432322220,-0.2212874449,-0.6483540623,-0.4332130125,-0.4478187429,-0.4165937765,-0.6724951194
167,-1.0830985719,-1.1378280658,0.3704505180,-0.6385210592,0.0708312340,0.4875187886,0.2545671721,-2.1039908686,0.0509377637,-1.5044450227,-1.4508916091,0.7282173667,-0.6361256277,-0.4761522908,-0.0650133453,-1.2566514349
168,-1.6482437152,-1.9944663712,-0.8405742688,-0.9727817846,-0.4423331164,-0.5270350130,-0.2097587046,1.5274932710,2.2495282179,-0.4399988819,-0.0252770901,1.6685717591,-0.3902822184,1.1681138227,-1.0380952443,0.4164173556
169,-1.9102906474,0.2437485130,-0.6042185617,-0.9873802780,0.7200647531,-1.3212467779,-1.7806231762,0.5254299706,0.3149580116,-1.4281085967,0.1655500972,1.5689899047,-0.9099380634,0.1088662001,-1.7701907514,-0.4944541713
170,0.6664435931,-0.4108196160,0.6330710187,0.6992125967,-0.2082968687,1.0350252153,0.8913921669,-0.8192321501,-0.4612824171,0.6465401691,-0.2069524548,2.2687829704,0.1559066436,1.0198456546,1.1243835846,-1.1510411295
171,-0.5570624494,-0.3005580724,-0.3535478922,0.4452027656,0.3339704173,-0.1209537686,0.7185038601,-0.1923942870,0.0093116845,-0.3357455864,-0.0597878447,1.6601120411,0.1698998907,1.6497297426,1.1027248707,0.5651510514
172,-0.0391050793,-0.2929179783,0.7585970836,1.0164361801,-0.1578324430,0.7604433285,0.8292619847,-0.1568529832,-0.1811265839,-1.0099454677,-0.1626211451,1.5433137866,-0.7387450061,-0.9213810160,1.4720156816,1.8987271701
173,-0.5075722880,-2.6064901298,1.0460933369,1.9289221564,0.7033461794,0.9871241183,2.2986505798,-0.5996565986,1.1310636378,-0.7281883756,-0.4851870405,0.6789284897,0.2326217095,-0.5378171832,1.1533887826,0.6452539944
174,-1.3125668350,-0.4105075501,0.6881141339,1.8067485999,0.8183371914,-1.2328703373,-0.8456849170,1.1410099576,0.4169321874,0.5654310029,0.3061251246,-0.5009977428,0.3183114046,-0.7065913288,0.4428891509,0.2860269797
175,0.0326554594,0.3240724517,-1.0039541655,0.0077414123,1.0103314513,-1.0727240206,-2.0746077315,0.1492400719,-1.1329005690,-0.3456972028,0.3200478788,0.0700038598,-0.0328414473,0.6179514006,1.6787442755,-0.3223125179
176,0.2566574814,-0.3950739746,-1.5542713734,1.3502168124,1.3569602995,0.1903467078,0.7072930837,-1.2767488462,-2.2389492525,-2.1569180558,1.0797084634,0.6334608020,-0.3702315781,-0.1684811809,-1.2469439464,0.0831457953
177,3.2593107928,-0.0068319889,-1.3497233960,1.9293158850,1.1272931878,-0.1027171306,0.6149080755,-1.1761557726,0.2468807291,-0.0824653717,1.3563547810,0.5846430030,-0.0496242158,-0.3045880095,-1.3215430549,-0.9953776417
178,4.5067186851,-0.4556898653,0.5089398003,0.9259527301,1.3591391194,-0.5876792209,0.2424547082,1.5984427606,-2.4926667025,-0.9675212477,1.4670422951,0.2850135542,-0.0035863845,0.9352907918,0.2975820021,-0.7366729121
179,0.5782712444,0.2773093004,0.1704624842,-0.3088661860,-0.4501121258,-0.4786620023,-0.5704179579,1.0494930981,-1.8663277924,0.2925853502,-0.3959926525,-1.3699483414,0.4459298455,0.0584518522,-0.9006669200,0.0279108539
180,-0.3239019876,1.4801332051,0.1990519370,-0.6963858659,-2.0078585426,-0.3366435267,-1.8086632675,1.5100126128,0.4333096366,1.1968931565,-0.3839413490,-0.1054125800,2.3161214945,0.0075398538,-0.1066045835,-1.1833774198
181,-2.5817380937,0.7015998133,-1.3971106802,-0.6756946160,-0.1463129525,-0.9796900056,0.5001576889,0.4083281266,-2.4682507433,0.6360208043,0.1817824208,1.3124014996,1.0217641283,2.2644221306,-0.7929090216,-1.4889125020
182,0.0148367063,-1.3383784810,0.2139186919,0.4773475906,0.1020801296,-1.4058477986,1.9157287509,-0.0854568235,0.3611362877,0.0429051244,1.2272683034,0.3085553959,0.8936357899,1.8212010262,-0.4281759898,-0.8738007598
183,0.5127340241,-1.0120183733,-0.2805085560,0.8300881229,-1.3472269673,0.8312070836,-0.6879254401,2.6140697718,-1.1459060001,0.6883954449,-0.3682157015,-0.5506374555,0.6021339760,-0.7903229945,-1.7660386879,-0.7112084399
184,-2.9307548571,-0.0298017883,0.0766126583,1.1162738849,-1.0617059796,-0.0829111978,-2.3636908781,1.5942717129,0.4976406764,1.0125680623,-0.5093212726,-0.9622301431,-1.1427422140,-1.0915202948,-1.9121565153,-0.4423705079
185,-1.6013277189,-0.9619919527,-1.3635808832,-0.4354643107,-1.7829169333,1.5848776009,-1.8860295201,1.2254654779,-1.2227690257,-0.5742629605,0.4628131308,-1.3200894204,-1.7019140938,0.0234155869,-0.4730221623,0.4659520932
186,-2.8243615543,-0.2379391640,0.3913370603,0.3352654746,-0.4191364788,-0.4227204575,-1.4911154496,-1.9228347872,0.4968268984,-0.8329289930,-1.6402758133,-0.1948834234,-0.0718802365,1.1917521046,-0.3764261868,-0.8975393912
187,-0.5277994374,0.2789319579,0.7887435711,0.8672339285,-1.0891007579,-0.2352279651,-0.0288934177,0.9022056126,0.6300142070,0.7557844130,0.6396143525,0.3006673386,0.1373120415,0.0549312034,-0.9928743743,1.3753310319
188,0.3661328102,1.8122414663,-0.5368461883,-1.4316053475,-1.7369711582,0.4476723194,1.2501699442,-2.0732050238,0.5648971260,0.8519418479,-1.6139040657,1.5812630211,-1.5512748778,0.1816666698,-1.2796110610,0.5851307491
189,-0.6073094519,-0.9659205492,0.9907911420,0.3033487671,-1.5136697747,-0.5951453579,0.9263070535,-1.6029510323,0.6861956914,-0.2186396719,-0.8064248334,0.4898297216,-0.2993564078,-0.7705979265,0.4909759647,-0.2405765509
190,0.2534350889,-0.2760066074,-0.3408070694,2.0607381837,-0.7794933564,-0.3442212442,0.6173493557,0.1496512988,-0.0867733122,-0.6761108168,-0.1584700236,-1.0726745385,0.6165060538,0.6801632519,-0.2625380971,0.0464640894
191,1.1487141764,1.0065931630,0.5611710459,-0.1557009241,0.5917333047,-0.8298419605,0.9562476316,1.4915298981,-0.5458390837,-1.0723342183,0.3611717841,-0.0797569589,0.7547743288,0.9439289629,-0.1346911493,-1.0369128964
192,1.2688141623,1.7072048877,0.0592773805,0.0902477434,-0.4678539679,1.6017372394,-0.6893594185,-0.4968063176,-1.1758773844,-1.2933731111,0.6231556685,0.8855856714,-1.4852431546,0.2939675174,0.1826967816,1.0300789235
193,1.1574342983,0.7851252422,-0.8038795674,-0.5464206928,-0.3678083382,-0.5421519684,-1.8338584376,2.2153630724,-0.1418018035,0.4407379506,0.2247880206,0.4844860180,-0.6279650247,1.0233006604,-1.4282305223,0.9819889732
194,-0.2243803485,0.4886459418,0.5653101608,0.5088945245,-0.0669349184,1.1248511119,-2.4090383489,1.2578258976,0.2854207694,-0.7062791388,-0.2391025563,0.7568751901,1.3318510493,-0.2886694255,1.1149259133,2.9059326942
195,-1.0181871181,0.1762246224,-0.6524126472,1.7136494029,-1.1876370171,-0.5130768629,-0.3964524709,-0.3071793498,-0.0403140293,0.7480912948,0.1808757976,-0.2398824802,1.4608383054,-0.8314956718,-1.4223051407,0.6575547002
196,0.2074764649,1.4997471978,-0.5096267871,1.0317003461,0.0762350933,-0.8539709901,-1.1968317704,-1.2241798268,-0.4245709910,-0.6237648495,0.2465998381,0.4118250206,-1.4983455597,1.3510063879,1.6375708658,0.9371081412
197,3.5791723682,-0.3640027508,-1.1784654326,1.0959069576,0.3818757732,-1.2205843130,0.8432445190,0.7602393951,1.1720396057,0.1008865210,0.5731205500,-2.1084677747,-0.7614750366,2.7582084997,0.2390880364,0.7709431022
198,3.1801551267,-0.8305841171,-0.6532887800,0.3102003748,0.4890819961,0.0787502223,0.7595162170,-0.5902131760,-1.1969054841,-0.9881457393,1.2097519370,-1.8636781588,0.8291585525,0.9406452650,-0.1492256138,-1.0729595722
199,1.7817198607,0.2124997597,-0.1093102133,0.0749550691,-1.9091616277,0.2307770183,0.4858649047,0.7942547006,0.8134633381,0.1015997569,0.0101449377,-1.6307205281,-0.3122517380,0.2912331110,-0.7142336833,0.1083867083
200,0.1192556249,-0.4610661129,0.1077148730,0.7187749682,-2.3637430200,-0.0007494021,1.1805195002,-0.1620285184,-0.1444680886,0.0154519580,0.4400876446,-1.3680006367,1.3339324945,0.3658791196,-1.7155541543,-0.1779071147
201,-1.0434284784,1.0549855138,-0.3808402920,2.2043332803,-1.7327277671,1.5962814234,0.2308396484,-0.2099779744,0.1686731547,0.8557892264,0.6347705574,0.9956431974,2.1153495155,1.2012707692,0.6551776463,0.3965910204
202,0.1052916642,1.3138986878,0.9237805253,-0.7871334100,1.2080435265,1.4448050740,0.2115342228,-0.4015518079,-0.8196482243,-1.1976724854,0.8155365595,-0.5691647537,-0.2802670301,0.4250754959,-1.1012828198,-2.0017975850
203,-0.0485433611,-1.0273403599,-1.8985843935,-0.0621632872,0.0014025904,0.3797687826,1.3860466235,-0.3818579721,-0.9695843688,-1.1789607936,1.1727388410,0.2434248185,-0.6136928763,0.2432216528,-1.4803882473,-1.7546658712
204,0.4801861019,-0.9348468233,0.1162960290,-0.3507340185,0.5651197287,-1.2506714905,0.7960518286,0.4850489796,-0.2839027787,-2.4705906117,-0.6729212338,-0.6529638023,-0.4646998282,1.2319881073,-0.5113502727,-0.7570214193
205,-0.0107215479,-1.3564910407,1.0214695472,0.0682476444,0.4526665871,-1.3993004967,0.7104299803,0.2204797304,-0.2485317024,2.1854361757,-2.5115417208,0.1077190233,-0.5346981775,-2.3301366140,-0.3596056305,-0.7763504543
206,-2.6508152664,-2.0346261920,-0.8103312683,-1.3107606071,-0.1334182773,0.3814108732,0.3169114448,-0.5339352923,1.2057559825,0.3282637065,-0.6873720748,-0.1942116519,1.4207395569,-0.6965528486,-0.7508194716,-1.6858763498
207,-2.2420422729,0.0020200201,0.3070218900,0.0258524329,-0.3980246613,-0.1093438649,-0.1220874157,0.0895933084,0.6520129635,-0.2711064061,-0.8495768640,0.9356691307,0.1943308788,-0.3167430099,1.2800828344,-0.0331850914
208,-1.9170720628,-0.1761278533,-1.5977766854,-0.5605722867,-0.0815859041,-0.8610554535,-0.6529416770,-0.3172585460,-0.3630316787,0.9004870451,-0.7349698380,-0.0667397232,-0.4038696384,0.1536310685,-0.4388066284,-0.1937796932
209,-0.2445388477,-0.1953104042,0.1172230392,-0.8834107778,0.6475089953,-1.3396940971,-1.0345946806,0.7204059242,-0.1735114512,0.7349692041,0.4253417032,0.9678613478,0.7664243352,-0.3609499903,0.0594180357,-0.5638171772
210,-0.7916133604,1.0229081748,-1.8232895962,-1.5947097143,0.9017452349,-2.2342915434,1.8290175282,0.0425315583,-0.0216318464,0.2538698292,-1.2137867799,1.1466833332,0.2128307780,-0.4991363259,1.5329968947,-0.1625169919
211,2.6890381048,0.5618780633,0.7934294963,0.4165479360,-0.5234433240,0.3233294948,-1.5706397287,-0.3142207662,0.3779602132,0.8976890126,-1.6945693475,-0.5970603325,0.6828737888,1.3335696240,0.8977815781,-0.8207968389
212,0.4629174095,0.6872907330,0.0586722055,1.6263997685,-1.9641124737,0.1422101477,0.0743282078,1.0361928245,0.1796907273,-1.2195104402,-0.4712402187,1.4460654362,-0.8643507050,0.5595509713,-0.3275120508,-1.1067648395
213,0.8499613040,1.1446767031,-0.6374093651,0.8949710927,-0.6929649923,0.7872398911,-0.1199977976,-1.2062833552,-2.0859130102,0.9396768396,1.4277620176,1.1451374632,0.6205436257,0.3549727851,-0.0513395297,0.6335594277
214,0.8018929820,0.0398536705,2.0114450957,-0.9848383541,1.3965133232,-0.9115206719,1.2837199471,-1.7473699816,-1.6362099518,0.0976470162,1.0513422097,0.6255805805,0.7616745232,-0.6812162919,0.4686050046,0.4590145868
215,-0.1104971106,1.2046737737,0.1038593855,-2.1327207598,-0.4398340635,0.3927392715,0.5168548405,0.0350571020,0.4321008262,0.3675317911,-1.2809888151,0.0314743181,1.4446994716,2.0059129632,1.0936870937,-0.0327560958
216,-0.5110813587,-1.2953813649,1.4425407117,-0.3698444446,-0.1050322760,-0.5044148451,0.6965198014,0.7920905036,1.0990821929,0.7149325439,1.3347661752,0.4801591895,0.7328651124,0.3237900868,-1.0241231969,1.1247881322
217,-2.0882505566,1.1206779185,0.5590578446,0.3592441520,0.4775341727,-1.1796587059,-0.8747691714,1.5414925210,2.3720543095,-2.4409003774,0.1093902857,0.0457225766,-1.8973394754,-1.5779313676,-0.7869862300,0.1971808151
218,1.6466900679,0.4371664908,0.6962206550,-1.3070911207,0.1529302062,-1.0190843751,-0.6787193486,-0.0707369623,-0.0280451129,-0.1275835139,1.5839851723,0.7128304132,2.2178373067,0.3977036231,0.0179385235,-0.8263987056
219,0.1735894742,0.4448055247,-0.9133629421,0.6054701461,-1.2528294428,-0.1249784360,-0.1827506945,-0.7336861184,0.3441958094,0.6485676691,-0.0374376465,0.3577145968,0.4080067018,0.1162948065,0.3903028933,-0.5952878365
220,0.2923148537,-0.3845961570,-0.8849758421,1.8952112105,1.1264523432,0.6927547614,-0.8598380520,-1.2363414168,1.8227647492,-1.1235783267,-0.6949906838,-0.3339115135,0.2683122606,1.6918397128,0.0445892313,1.8317946574
221,2.1961516546,1.7599840994,-0.2293300792,0.7746671990,-0.4504643198,-1.3053603897,-0.2245682856,-0.2991497171,0.0680364426,-2.1279669746,0.4666029895,1.4230862112,0.5951592500,-0.5068050282,0.1175015755,1.1026296176
222,3.6962043656,-0.0803792233,0.4347603990,-0.5299592017,0.1408029902,-0.3801240512,0.0270363113,0.2938260048,0.1181551378,-1.1892303831,0.5861433527,0.5164831970,-0.4065339489,-0.9505288323,-2.1216869243,2.1118669731
223,0.8098328862,-0.4575668626,0.7118112681,-1.6279433516,-0.7276547020,-0.9262622093,-1.7866198016,1.0934638343,2.2128668753,-0.9321289507,-1.0872270482,0.8986611436,0.1521279921,-2.3577438826,2.7350206527,0.0595787950
224,-1.5593614240,-0.0425082642,1.0770554898,-1.0979978017,-1.3541923487,0.6580028801,-0.8897279723,-1.0568850359,0.4033125090,-0.0838475045,0.4336753149,0.3913692123,0.5666530184,-1.7613405004,0.5087436207,-0.1452568709
225,-3.4038902021,-2.4145149223,0.2591755777,0.5781913553,-1.4181396649,-1.0692347322,0.0744959418,2.1918602295,0.0573409519,-0.5259046575,0.5748738071,-1.5893062633,-0.7030425280,-1.5395397828,0.4683935192,1.5559522031
226,-3.8934500981,0.0496108710,0.5390966823,-0.3403975009,-0.8704075606,0.2628985036,-0.5219662801,0.9177545974,-0.7066520173,-0.1689163378,-1.1207790618,-0.2706478794,-1.9142099476,2.0373798443,0.4536994677,0.6432879239
227,-2.5211278495,-0.9765270152,-2.0111623409,1.4533142824,0.3068042208,0.2028056472,-0.9395857336,-0.6497158602,0.3651005397,-0.3199097893,-0.4221515111,-1.1115470457,-0.4252195576,0.3074625435,0.8584815514,0.1164192988
228,0.1511503947,-1.5236275288,0.6065624142,0.3908918671,0.3357253953,0.2665723396,-0.9264781872,0.2107046284,0.7172423230,1.0144757163,1.0077051348,-2.8236522650,-1.5054754091,-0.9706335847,0.0073212178,0.1789569523
229,-1.9008689924,-1.8416221140,-0.6429522308,1.0449623829,-0.1475997781,-1.0266911141,-0.8793885823,0.7243504051,1.0160494204,0.9095447230,-2.1289522100,-1.2693643308,1.5688684120,-0.9898535273,-1.6390106583,0.4517024180
230,-0.9083640914,-0.0972850206,1.8701825368,1.4201545912,0.9976789600,-0.2501006736,0.0990295862,-0.1955972387,-1.5927287095,1.6026191489,0.1554516995,-1.3534497988,0.1775652739,0.5930961119,1.5568338581,-0.9348188315
231,-0.3187330903,0.0866089458,-0.6180340330,0.6212759455,0.0140055256,1.0567159956,1.1657060831,0.9906090956,-0.2421896009,0.6100121250,0.5333795970,-0.9680687338,0.9683137777,-0.9532308429,-1.4088203496,0.2170512378
232,0.0763804459,0.6915509059,-0.3818113679,-0.1319064907,-1.0709531492,2.7144489226,0.8854255067,-1.8013204664,-0.7297015605,1.0050024558,-1.0439631042,-1.2060076636,0.1503000587,-0.1792352554,0.5928445730,-1.8289923625
233,-0.2539387107,0.0815991139,-1.2005940631,0.8208512080,0.0630799882,-0.1879358739,-0.7528510135,-1.1727244778,0.7042059081,0.5610255198,-0.8157792700,-0.4087805075,-0.9482273973,-0.5744515861,0.8733507270,-1.4012472173
234,0.8008789214,1.2205464195,-1.4909161482,0.8346508442,0.8025773877,-0.1260163674,0.2590770156,-1.5839118290,0.8868898466,-0.8446968581,0.5092400443,-0.3515797478,-2.2939044215,0.7184606814,-1.4519937613,-1.6272318269
235,4.1967677051,2.1679233008,0.2478668284,1.0940324232,-1.1005273583,0.4691907251,1.2217388193,-0.0189144166,0.7159218454,1.8352877709,-0.3322689293,1.2468274946,-1.5698251184,0.5592785150,-0.7345572208,1.3464608867
236,2.8043942866,-0.0229765094,0.9439098847,0.5101605425,-0.4734475203,-2.4291113028,0.6488803467,2.2087976246,0.8051795056,0.1401290497,-0.2859051211,-1.5531764168,-1.8539200703,-0.2480421113,-2.3955557217,-0.2289044872
237,1.2293629747,0.3697346065,0.7699289041,-0.3397388556,0.2986013553,-0.6115626632,0.3146642171,-0.2015526431,0.8714806926,1.1823212797,-1.6075830338,0.3856573883,0.6893261450,1.2983178042,-1.0136142894,0.4076133975
238,0.1455062530,-0.3664987882,0.6136708231,0.8790806000,1.4425678309,-0.2921896729,0.8023720138,1.6616838563,1.8582054029,1.2218763678,-0.3058416479,-0.5057768155,-0.3989686326,1.0052116204,-0.4204053682,0.0203127848
239,1.3907349417,-1.2052570666,0.5143619751,-1.9855429673,1.0039503672,-1.3741992636,-1.3434933399,0.5900535067,-0.3721921539,1.7294017161,-1.2368060632,-1.9172816914,-0.2421012222,1.5538060276,0.8798986407,0.2304404530
240,-2.0468469009,0.4080116825,-0.9009276074,-0.3426007952,0.1114573822,0.2846259037,-0.6556492841,-0.2195400550,0.9133008343,0.3837282544,-0.3905328426,0.6048355177,-1.7114279162,0.6052064590,1.7339573838,1.4590648873
241,-0.2375333174,-0.0075065075,-1.4059786261,0.5951145775,1.4296433524,-1.1038570619,-0.3211190233,-0.2608631707,0.1709156560,1.7769079713,-2.3903764944,0.8854568629,-1.6747541586,1.3498210270,1.2392099147,-1.3887595034
242,1.7372013548,-1.8537162704,-0.5582294438,-1.9461071739,0.9020571784,0.5483236921,-2.0912328262,-0.3468653277,0.5355677952,0.1664087302,-1.3483855268,-0.2776354412,-0.6239351557,1.1943573003,1.2393423473,-1.7559615750
243,-1.4812498381,0.7817856185,-1.0011344623,-0.4359772649,-0.0300561334,0.5381958684,-1.2795696313,-0.4943864939,0.2375764656,1.3543349445,-1.1070625876,-1.2651262816,0.0206842070,-0.1280259688,-0.5815871423,-0.5131978995
244,-0.1478654597,0.2598225231,-0.0034985280,-0.8201110876,-0.2377774352,-0.4517831522,-0.0432294280,0.9902206962,-0.3982265714,-0.1684123081,-0.7322874513,-1.0301646326,-0.7167942238,-0.0667582627,1.1736597555,0.4395220923
245,-0.7499742247,0.1539174959,1.9806648418,-2.1718202260,-0.8311132034,-1.6378200473,1.0413052211,1.1595291600,-0.4245788948,-0.2949358708,1.1821580875,0.8795913337,-0.5304871870,1.0728877480,0.6284774408,1.4777589622
246,-2.1565229734,-0.9465873507,1.1971428235,0.7774352445,-1.6686328843,-2.0500043852,-0.1565034026,-1.4488766547,-1.2095301111,-0.9208256468,1.3225631792,0.8745936060,-0.3100647284,0.6534664738,-0.3576171853,0.4545859267
247,-0.9226092155,0.9898903260,0.0571392495,0.6214183267,-0.7119004579,-0.9752435095,-0.2487838863,-1.5231918773,-1.1114269793,1.5000538247,-0.6932198886,0.9476023677,-0.7267520825,-0.6519479374,0.2521619215,0.1555800841
248,0.4297691171,-0.8681642979,-0.3805538112,1.2689121753,0.5249850652,0.1593498423,-0.1728724541,1.8583116039,0.5791921684,0.0041122359,-1.1315968715,1.0825350025,0.6253850600,1.1458548707,1.1607704178,0.1131716953
249,-0.2708932049,0.8805093768,-0.6607841351,1.2153481876,-0.5987342791,0.3173213797,1.2291751093,0.0812322836,-1.2090975727,0.6601896850,0.6211529073,0.5124158615,0.3148160663,-0.1024391039,-0.0866105421,-0.7684911607
250,1.2987663828,2.2385812176,-1.7774859552,0.2813839022,0.3312049456,-0.4000496578,1.3077915998,-0.7242248330,0.3310385057,-0.4575298595,0.5965774858,-2.7146745793,0.0929185834,0.2112545443,0.8978125238,-0.2382264269
251,4.8664730231,-0.5952678290,-0.8455990027,0.5636686131,0.2754020281,-0.4415923625,0.4006504423,-0.5294387348,0.8453326776,1.1403427852,0.4047311124,-0.6140131641,1.0797116523,1.7228361095,0.0146516002,0.2102345426
252,2.3857656013,-0.2890575598,0.6972284731,2.0075042213,-0.1037719417,-0.4275862103,2.4812791911,1.4540960918,0.9468366314,-0.6055384843,-0.8339971514,-0.9859639485,1.4148380920,0.0035684447,-0.0626968796,0.0045889610
253,1.7616414517,-0.0950034488,-0.4637062414,-1.0063226157,0.6406450838,-0.1362804834,-0.2813772376,1.3239771429,1.1660742113,-0.1809951639,-0.8458156288,-0.9650004056,1.7938174324,0.0490014879,-0.8545226639,0.1904083447
254,0.4209972155,0.2586253952,-1.3566674930,1.2889214536,-1.6163504260,-1.0953302349,-1.8973844605,1.6294612273,0.4742880070,-0.4532627017,-0.0049638414,-3.2238426064,1.0545033073,-0.9767356666,1.3250632281,-1.3415362050
255,0.3380956939,0.1061084257,0.9912454937,2.1702473972,-0.5977173691,-0.0546147638,-0.7447276404,0.6374432437,0.8137874293,1.8229607947,1.8091456042,1.0118017226,-2.3762213130,-1.1424878823,-0.2959787607,-2.0349830899
256,0.0338633114,0.6674509326,-0.0801158879,-0.5358843347,1.4385440405,-1.0320526839,0.2143642537,-0.2851383950,-0.3817483242,-2.4254128984,0.5462059607,0.9063727781,-1.6110045597,-0.2925072080,-0.5454709770,-0.1939276696
257,2.1961018076,0.9306897285,-0.5005447875,1.9606719753,-0.7120450426,-0.9225982622,0.4395571233,0.2588235755,0.2533786343,0.6586781021,1.0691593458,1.0833699442,1.3451467445,-1.1332810218,-0.3886960899,-2.2816379236
258,4.0250720035,0.2955472187,-0.4063971310,-0.5302968576,0.1049330418,-1.1638247590,0.1702817029,-0.9811466754,2.4538188181,-0.1328736188,-0.6391199333,-0.2379935124,0.0634717265,-1.0498747797,0.1071437732,-2.0948347958
259,2.8586851549,1.2510372113,0.0392382303,-1.3216909971,2.1213814485,-0.0870030125,-0.4354906978,0.4862890793,1.3772390861,0.4019008641,1.6521500954,-0.8484126782,0.0536467316,0.1078777258,0.0167301464,-0.8311339889
260,2.2472943376,0.1479748684,-0.5030099334,-2.0616438635,0.4972935938,-0.1754017731,-1.4957937296,-1.5230423618,-0.0240125460,-0.3423152759,0.8511289889,-0.4279491601,0.8274174993,1.1386851708,-0.6255614846,0.5136200308
261,1.1248628585,0.6517577041,0.7018552585,-0.9068671558,2.5429608901,1.1112755571,-1.7005094312,0.3281880104,0.5912906554,0.3275588501,-0.3365754810,1.3601315656,-1.1178385061,-1.2093640084,1.1813941748,-1.3658567122
262,-0.1608979268,-1.2126299244,-1.5594655594,-1.4698101003,-0.0237694615,-0.2308770034,-0.1240796753,0.0311557413,-0.4579042634,0.1187382736,0.1126199154,-1.8209282231,-0.9929776108,-0.6932891751,2.0568820398,-0.4854413308
263,-1.0439056657,-1.1366971782,0.6474646200,0.0499001017,1.0387019168,-0.3710590005,-0.1068302376,-2.1374371451,1.2058494862,-0.2241788429,0.9728612719,1.0092156685,-0.4467209951,1.0272587011,0.5725535225,-1.0115959878
264,-0.0069022974,-1.5630735337,0.8541073328,0.1729102649,0.7136553260,-1.9137857824,0.2301712763,-2.7459815419,0.4245530610,-0.7964566481,0.8746227015,-0.5590335247,0.2632618915,-0.2849785726,-1.1973665526,0.5459244913
265,1.1589937899,0.6459090699,-0.2720889235,0.9136806190,1.8193471674,0.0948946674,-0.1625028451,0.2514363413,0.4609139696,-0.5749473509,-0.5316143666,-1.1176735060,-0.5082075796,-0.9469929466,0.8693870914,0.5709118174
266,2.8292643875,1.2564958519,1.5754110591,0.1996797085,-2.3330028941,0.9814185520,1.1201817154,-0.8049382870,0.3422619059,-0.5524695719,-0.0496784206,-0.5080056065,1.4512420724,0.6158793400,0.1577053947,3.0429095096
267,-0.2568668387,1.4487907342,-0.2234358324,0.1550542985,-1.6724527456,-0.6786847814,-0.9189159011,-2.4017187129,-0.1688574724,0.4729806984,1.2007132279,-1.0186593797,0.6203400019,0.5197951863,-0.7020873487,0.7539440271
268,1.5815794637,-1.6004488541,-0.6988794164,1.2438785764,0.3332806744,-0.1203217610,-0.8294004221,-0.3239579779,-0.4730740443,-0.1416803044,2.4995731498,-0.8276867552,-0.0937096965,-0.1736141624,-1.9213430212,-1.6855234662
269,0.9388007607,0.0860745129,-0.7594399610,0.1042769540,-1.3226959195,-1.4744523262,-0.2276041871,-0.1664451670,-0.8268184604,-0.9829971496,2.0578286162,-0.7526125359,-1.7089216730,-0.5396035901,-2.0569440368,-1.0070962891
270,2.7628969196,1.9548669947,0.6384541166,0.3163913095,-1.1550466493,1.2584317456,-1.1046824063,1.2916621110,-0.8195051704,-0.4326323674,0.1253309758,1.7627861112,0.7674372229,-2.7045872136,0.4493534449,-0.5368181918
271,-0.2363382412,0.9820012472,0.4681642793,0.4394701374,-1.5297831894,0.2591799501,-2.1862138964,-0.1453307351,0.6734299328,0.1307573925,0.9331974395,1.3392139294,1.6221870572,1.0903621542,-1.6972273618,-1.4722840717
272,-1.5433203153,-1.4662215318,0.4898900777,-0.5938918431,-1.3383978658,0.3005263833,0.0821894142,0.2814945595,-0.1434482639,0.2993370365,-0.8592621105,-1.6792045648,1.8248903009,1.1998172027,-1.4011310683,0.5013686679
273,-3.1572119365,-0.0029770444,-0.3482105526,1.1788537678,-1.3326909706,-0.7614158367,-0.7680064369,0.0447552903,-1.7623369860,0.9389239427,0.8159767461,0.8591364542,-0.0517809421,0.7182483902,-0.2394136559,-0.7467399958
274,-0.9637975480,-2.2872455747,-0.5390363840,1.0240160184,-2.0582656742,-0.4558947617,0.3209159403,0.7718257204,-0.6899201974,1.1129116034,0.5834931620,0.7412855714,-0.4419663616,0.1456794046,-0.8324919896,0.6550767012
275,-2.3315147053,-1.9220517252,-0.2759105175,-1.5796638481,0.5629869024,1.8377012635,0.5699186117,-0.0154014346,1.3361218961,-0.0919015631,-0.7217192573,1.9463835563,1.9649136120,-1.7654281303,0.6718499947,0.5978853548
276,-2.5917162893,-1.7116713514,-1.2030117342,-1.1076201736,1.0151055588,0.0753069255,-0.3792918932,0.6872624818,1.6449664857,0.0742186820,0.1891356493,-0.3909541480,-0.4837438759,0.0524659505,-0.2873798340,-0.0456841436
277,-1.1504166623,-1.1904223228,-0.0078233347,-0.6637958349,-0.4633915611,1.4339501361,0.0013073800,-1.0014202464,-0.7477290475,1.1271666654,-1.9035903324,-0.4091187763,0.9756259743,-0.1917212382,0.2146359565,-0.1356610954
278,-1.9186468309,-0.6191591244,0.6666136247,-1.0729318250,-0.2515880671,0.9285573575,-2.6172134064,-0.1153764684,-1.0005811043,-1.2264542534,-1.2060763686,-1.0279569968,0.7597325134,1.6076494461,0.8505178624,-0.0706006835
279,-3.5596299653,-1.4145803199,-1.8395150399,-1.4060101911,0.1029122653,1.1017566282,-1.8425251914,-1.0722946105,1.2062426702,-0.6516448226,0.3734214388,-1.2746535033,0.3096356795,-0.8929138895,0.3325310396,0.7666070819
280,-1.8981283490,-1.8607058332,-2.3380397462,0.1211346856,0.7769294054,2.6979591071,0.5120629949,0.0789696463,0.1637375201,-0.7918134586,-0.3245686975,1.4983416517,0.4912403400,0.8919000006,0.1861408644,-0.2882345780
281,-1.5756447014,2.2519826392,-0.7558430213,0.0483476201,-0.2189178719,0.6984263608,-0.7613104360,-1.7131912854,-0.6400455036,-0.3511535878,-1.5505213324,-0.0386424282,1.4145713115,-1.1402721154,0.5627961324,-0.3356159628
282,1.6877644316,-1.0879484733,-0.6018272012,0.4015856633,-1.8126854558,0.7910815465,0.9481708391,0.6985737981,0.0611825723,-0.9499078917,-0.6028936769,1.1445440512,1.0542206817,-0.2484257063,-1.7802245815,-0.7763955264
283,-1.2474356461,-1.0284439774,-0.3686525064,1.8371925197,0.0761748223,0.1652905354,-1.2907874144,1.5635474544,0.3283804811,-0.2267191949,-2.1512566416,-0.2657059962,-0.1040529357,0.9594748870,-1.1665842379,1.0339562851
284,-0.9231768890,-1.3555968247,-0.0433137386,1.1395291397,0.7373900884,0.9255830872,-0.9549469215,-1.8625645236,-0.2886438769,-0.8064115756,-0.4737797977,-1.1164298281,-2.0098406219,0.2798317753,-0.0681796967,-0.0447540561
285,-0.5623808273,-0.2072872317,-0.4232557357,0.7758513293,-0.4748886242,0.4937183683,-1.1213680910,-0.1981043928,-1.0547964489,-0.4661881665,-2.1670263793,-0.4090720831,-2.1729561059,-0.2026126053,0.5017551329,-1.5658756865
286,-0.7949225231,-1.6767949254,-1.9002439653,0.0511367805,-0.1325961367,-0.2720262656,-1.1831029834,1.6890517073,-0.2408945754,0.9990097424,-0.9998586277,0.5167425728,-1.9307838466,-0.9891021578,1.0674542467,-1.9818096577
287,-1.8172148046,-1.2026996264,-0.3896316077,-2.1406875993,-1.0785110269,2.6087798721,-1.2885521690,-0.4058554136,0.4723157172,-0.8558441761,0.4098152668,-0.7391420926,-0.0791059496,1.5913555050,-0.6285777696,0.0010792368
288,-3.5670019081,-1.1074084692,-1.9465810050,0.2628666892,-3.0357522092,-0.7955297833,-0.5321747929,-1.2895605758,0.6518950933,0.1826473214,-0.7017131044,0.1335150878,-1.0512173054,0.8174195280,-1.7706918660,-1.0663415427
289,-1.0293466039,-0.2880073773,0.7088996728,0.0457414885,-0.9798746159,1.0744324041,1.2171745176,-0.8419628108,0.6805779161,-0.2515279220,-0.7078516154,-0.0307960959,-1.5838547604,-0.4307616751,-0.7725811513,-0.1268617562
290,-0.9835604868,1.7062110883,0.2829066730,-0.1823867357,-0.0543222917,-0.3021979980,1.0197630409,-0.7128410859,-0.0812772777,0.8964996772,1.2564865124,-0.6228162292,-0.0128859539,-0.3779641288,-0.9287245929,-0.2400690224
291,0.9268977037,0.1370767379,-0.3927728831,0.3599739384,0.0291963284,-0.0871620749,1.7267181425,-1.7663669679,-0.1765260541,0.5750433240,0.3529729948,-1.5819474915,-1.2085135807,0.4699620680,2.2778361858,-0.7579551573
292,1.4033745311,-0.5915747593,-1.5765011585,1.0031082383,0.5969552568,-1.0511995316,1.8541533313,-0.6611720000,-1.1232323985,0.9798661167,1.0746806534,-1.8268636955,-0.3079403509,0.5926023670,-0.1935188042,-1.0277016095
293,2.0865850989,-1.4180685910,-2.4023583559,-0.9160183638,0.4179016730,-1.1923720513,0.5275200014,-0.4008890526,-1.0086687534,-0.9945842062,-0.7166367959,-0.4863903020,-1.5254128218,-1.1277882955,1.0359620331,-1.7222170490
294,2.2220545108,0.3885097735,-0.0436165969,-1.2775000570,0.3220884810,-2.3712061820,0.4210465635,-0.6154498148,-1.1570600807,-1.0465702826,-0.4657939766,0.5016065899,1.8095339447,0.4522256063,0.2222855886,-0.0382083130
295,1.0678027675,1.0640923336,-0.8526345182,-0.0383370529,1.1076572887,-1.5572271134,0.0759910840,1.3798323763,0.2244266962,-0.0694441292,1.3834180621,0.5211744600,1.0317871719,-1.3254379301,0.2773527453,0.6968512407
296,2.8108315058,-1.4098560320,-1.1497971099,-0.3603062412,0.4196002036,0.2633824827,-0.0362325398,0.5162736487,-0.0682617571,-0.4779820429,-0.1049223828,0.7514333053,3.4595804437,-0.3499706964,-0.7860388064,1.2232812880
297,-0.5462723524,-0.8748810596,0.1914627984,-0.8497129052,-0.3845021001,0.4867298287,-0.6144094606,-1.2776005091,0.3390217798,0.3761015660,0.1156454207,0.1663283955,1.6675816459,0.7278981902,0.7560556436,2.2828893752
298,-1.6230012015,1.8310549388,-0.2487333751,0.5345802491,-1.2211392483,-1.1688427586,-0.0080216405,-0.5286215450,0.0895128177,0.2432519486,-0.1096877316,-0.7645908212,-0.3730362373,-0.6764829007,-2.6027519459,0.0756549091
299,1.5858017045,-0.1834214905,0.4300800250,0.5231315636,-1.6844278012,0.8114468678,1.3273279349,0.0782167981,-0.6799268444,0.1910341190,-0.1027637520,0.6040926827,0.4113660953,-1.2207346411,-0.2975607924,-0.2907189415
300,-0.0634880697,-0.9753311116,-1.1134469747,-1.0539212208,0.0022933299,0.1232475751,-0.0563839306,-0.5485679273,0.0916776755,0.2100716688,0.1060136360,0.5955997963,0.3261977400,-1.7772727378,0.4741277768,-0.1476619080
301,-0.8874838638,-0.4559795014,-0.2671723242,-1.3252049457,-0.3785638556,-0.9970850001,2.5279493472,-2.2468400243,0.7717997891,1.7354867484,0.9643181490,-0.5668126261,-0.7537875734,-0.2549344482,-0.7713238644,-2.1419479898
302,1.0283399546,-0.4303566220,0.1349587620,-1.1613417712,-1.1536456384,-0.7839863236,1.1697467967,-1.0436904425,0.6127003645,-1.2584104405,-1.4142344404,0.7303563289,-0.0041729603,0.1164083656,-2.1736048793,-1.2813798113
303,0.6459640728,0.4209096492,0.7053790223,0.4596860434,-0.6784831735,1.2777104043,-0.4196971595,-0.1880122937,-0.1644931631,0.8395607292,0.5181455575,0.8229602567,-0.4674322726,0.2516346726,-1.7501435285,1.2613191341
304,-1.3911946273,-0.6309635586,-0.3264399750,0.0289568414,2.9615005045,0.9076892801,0.3846117262,2.2092265482,1.4925669505,0.1457974027,-1.4910099043,0.2485746822,0.3177407686,0.3280741249,0.1860429756,0.2128851276
305,0.4400624409,-1.0694657830,-1.0219929784,1.3951844131,0.4214541130,0.7326714473,0.9726961036,-0.2663985206,0.5434376019,-1.2002386479,0.6710261782,-0.8401451703,0.6124582457,-2.1348220314,-0.4643817553,0.0401717936
306,0.7227593773,0.0893244036,-0.0600506678,0.5048165692,1.6262485390,0.5190066511,0.0937686133,1.7375068175,1.3624491270,-1.0907914277,0.4257537515,-0.2003526014,-2.2178735193,-2.1822473671,0.3571179113,-1.3110215849
307,0.8965654646,-2.8904491388,-0.9748196562,-0.1921757614,1.9652672568,0.1828820863,0.1300062021,0.1094617313,-0.4099696678,-1.3737493545,-0.0798971743,0.5476976439,-1.7776544331,-1.3215332936,0.5220728762,1.2713601985
308,-0.1864159150,-0.6280073386,1.2807262430,0.2763457299,-0.6625371609,-0.8578691642,0.4968337885,-1.3893333889,-0.0583912001,-0.5028935040,0.6493430119,0.2589601114,0.9318298258,-1.0429070265,-0.3005800525,0.9693632162
309,0.0743599346,-0.1438349298,1.0001576268,1.1594718199,-1.7938992257,0.8319873570,-0.0835428466,-0.0079426902,1.0874800602,1.0527305212,-0.2714288098,1.7210751889,0.0598582794,0.6010411360,1.6236100194,-0.3433232850
310,-1.0903723335,0.0658915708,0.3466226591,-0.3427712710,0.2229333253,1.0974638074,-1.1223805073,-1.1590828683,0.7539480387,0.4059174046,0.1805582299,0.4725297502,-1.1950622590,-0.0421122763,1.0027220498,-1.1396110177
311,-1.1534115543,1.6180702326,-0.5209326542,-1.6948473894,-0.3969425381,0.4314308978,-0.9054086021,-1.0573172662,-0.3299086255,-0.3124970597,1.2915865707,-0.0064563665,1.1708471685,-0.8107501007,0.7765072119,-0.7527201364
312,-0.4276961713,-1.1805781860,0.1691021900,-1.0425345963,-0.5795993924,-0.5580322261,0.9131597904,0.8994346828,-0.2866047869,1.0831749896,0.8169945290,1.8389670087,-1.2988667558,1.8488765407,1.1473825232,1.5508196470
313,-2.3438083831,0.6229819961,0.0927349361,-0.7958409577,0.2918037693,-0.8681197160,1.2251192611,2.6384048719,-1.6002270733,-0.3342071064,0.7538524251,-0.8448154953,0.7773837575,0.4678418743,-0.1890840045,0.2451296332
314,-0.1105520891,0.0194567044,0.5130808388,-2.0047110248,-0.3480840263,-2.3802968632,0.6853253623,1.7630611427,-0.3231255675,-1.7358685613,0.6340430065,0.0419539728,0.3551367341,0.0446468526,1.8025032585,0.1323394723
315,-0.0145662788,-0.0554671739,0.0817847850,0.4722645172,-0.2825224234,2.6910062136,-0.2314331246,1.5567660539,0.2005806788,-0.8762400986,-0.6123082555,-0.6917217518,1.5453730141,0.1483231092,0.1035228635,0.4562845406
316,-2.2244790522,1.0907097806,0.0580660540,0.1666310199,-1.3253381173,-1.0790658495,0.2474126947,0.2474187350,0.7831639111,2.2883232815,0.2701685783,-0.1970152048,0.3608463895,0.5211702157,1.1757569350,-0.2934377376
317,-0.9685203664,0.5201770496,0.0488361136,-0.2198210909,-0.2076681189,-1.3783604021,0.8086713019,0.2528350493,0.2802715311,1.3214910546,-0.3863564903,0.6506987421,1.3323853088,1.1079430228,1.1022690989,-0.2849137859
318,-0.0561656434,-1.6546275950,-0.2808364857,-0.1552422670,-0.5423481540,-0.6361674803,0.2094631788,0.2053112231,0.5215844026,0.3313935533,-1.0251944716,0.7586616402,-0.4401861399,0.7684731952,-0.7595536392,-1.4496081367
319,-1.7718071484,-1.0714929629,-0.7507262769,-0.2708287348,1.3171580233,-0.2270947591,-1.0522581448,1.1077170596,2.1059785020,0.4156097979,0.8569687982,-0.8202485597,-0.7481748498,-1.1732510067,0.3778649573,-2.9672615968
320,-0.7658241027,0.6690340878,0.4774259282,-0.2185319347,0.3653229059,-0.9808675651,0.5740635883,0.3563825971,1.3232559622,-0.7995766531,-0.2949829863,0.3123905979,-0.0548030482,-0.1088353185,0.6239225121,-1.0523691902
321,0.7940531566,1.1961550601,-0.7751739815,0.6797097813,1.5239967618,0.0895738762,0.7899749185,-1.1392341390,1.4126532336,0.1702462993,-1.1236888794,1.2582645364,-0.7365862708,-0.8162850567,0.2182964256,0.6900978060
322,3.2482285495,-1.1511470421,0.8329290227,0.7191662550,0.1091992152,0.6090931358,0.4604299006,0.4074731622,0.8066239933,-1.1803770236,0.2830647454,-0.2983826778,0.2233421668,1.7560443614,2.9647942768,0.3007377383
323,-0.1215375429,0.2540236879,2.4818901723,0.7500554385,-1.5132191140,0.4180284075,-1.8583149693,1.2133515927,0.2147731546,0.4961117992,-0.1604108066,-1.1123382867,0.2892035027,0.6730551555,0.8593818575,0.4359616421
324,-3.3581795276,0.4151951832,1.0090468000,2.4819290003,0.1299291355,1.3992329484,-0.3184061170,-0.1528222085,1.2832557457,0.9876267766,-0.3568963979,0.5818365593,0.7080740363,-0.2642857035,1.8433580212,-1.3176070664
325,-0.8560203925,1.7670514048,0.6204384355,0.7880464122,0.5518020543,-0.8407126384,1.5563149256,-0.6405155584,1.7626756478,-1.4008752257,-0.7760882958,0.6793834454,0.4521760174,1.0805791699,-0.4822510560,0.3727398414
326,2.8621197230,-0.3454199649,0.7742766182,-0.4604816554,-0.4779831894,-0.8417220218,0.7448181021,0.8063541312,0.3608493053,-0.5252385097,0.0928618458,0.8664466889,0.5199112964,-0.5341991645,-1.0870265722,1.8243467779
327,-0.2407307393,-2.1074188075,1.7052464488,1.3274315879,-0.6035824440,-0.0675974459,-0.6908081853,-1.0165854253,-0.1308456246,0.1924289053,0.7770167904,-1.5350915011,-0.5273920602,-0.3123204569,-0.3677734388,-0.2064466915
328,-1.8419472391,-0.4896103606,-0.2820743268,0.7972551156,-0.7915204928,0.1083100000,1.7539210776,-1.0951819590,-0.8816794770,0.5806922632,-1.7031495261,-0.2109019051,1.2076343347,0.0015082464,0.0348683997,-1.5139536432
329,-0.2797978389,-1.0083656424,-1.8130455173,0.8730985639,0.5014232647,-0.5417355126,0.7543591092,-0.8119858050,-0.2728341997,-1.5580485652,-0.1655091822,0.8633081337,-0.2178926286,0.0093854658,0.2563817907,0.0931605236
330,1.7112719150,0.1299214659,-0.0117146003,0.7715663216,-0.5334441451,-0.7814686688,0.2526213314,0.1661965302,-0.8420267894,0.2804108124,-0.6422335899,-0.1892224446,0.0296728645,0.2965691569,1.4040735722,-0.3811594172
331,1.4950229937,-2.5509028345,0.2390462584,-1.3187010074,0.6856958830,0.1571298593,0.6344514368,0.9168607154,0.2921392637,1.2296372749,1.5549741139,-0.3119813581,1.1171364348,-0.8301935301,-0.6638495462,-0.8164419411
332,-2.2929485111,-1.3646830817,0.6351933656,-2.2369669690,0.7476948654,-0.4576698879,0.8224737840,1.3877593988,2.0673767991,0.0251011228,0.9138953156,-0.1332074162,0.2627059505,-0.0226942749,-1.5339452193,-0.2812643165
333,-2.6380314262,-0.7467144320,0.1634278659,-0.6532014130,0.6226782871,1.0199311200,0.8427540510,0.5742371809,1.0808380462,-1.4415712682,-1.5692090250,0.1911924986,0.1866691169,0.1913765428,-0.6863455098,-0.2363704007
334,-1.1763488816,-0.6414820359,0.7835447902,1.8526415499,-1.4343275895,2.1086703583,-0.2891900248,0.8186890280,0.6427130946,-0.9050335344,-1.8183080835,-0.2619199248,-0.2891017865,-1.7068548166,-1.2041652322,0.1375108890
335,-2.3985923013,1.6324440735,-1.7251977246,0.9991821663,-1.6451749866,1.3163185606,-2.1443019819,-0.5223652197,-1.3673409960,1.9037723713,-1.8213547140,0.5199209352,-1.3744896288,0.2369852343,1.0721841910,2.6362457911
336,-0.7839330298,0.5968186596,-0.2518699333,0.5818896986,-1.1618331740,0.2084361416,-0.1481956970,-0.1625124106,-0.9313253176,-1.6155167172,0.9018605607,0.0783295498,-0.8865371826,0.2120712603,-0.3608892443,1.1968622423
337,-0.1328795997,1.6195422071,-0.6946633754,0.0943721267,-2.2492691835,-0.2670963546,-1.3914608801,0.5349178506,0.4273002687,-1.1480128188,0.0955071723,-1.2609779661,-0.7672134052,-0.0469325948,-0.0227059603,-0.3529269717
338,1.4283800335,2.2554715877,-0.3098210996,1.2433045115,0.0940515000,0.2101222600,-1.0179173640,0.5103600136,-0.7970430329,-1.5891775273,-0.6844801779,-0.3706683855,0.3473388928,-0.5723476952,0.0341227065,0.8877278930
339,2.4118637951,-0.3772463967,1.4079269951,-0.4297222024,-1.2704208482,0.9573755066,-1.2691111259,0.0928745124,-1.0341872425,-0.0462653998,0.5860218003,0.0273650182,-0.9804004881,-0.0490853179,-0.4067240752,1.7176943253
340,-1.8200585337,1.0510336661,0.0792390367,-1.9920082415,-0.6206175722,-1.7321506501,-0.6933334283,-1.8408973326,0.1924569648,1.3936050864,1.2085334438,-0.8214664609,0.1061453466,-1.1012633298,-0.5469874568,0.4279776236
341,0.6811317588,-0.8817477007,-0.7777316375,-0.2074752843,-2.5793731662,0.6650788562,-1.8224064468,-0.2672170821,-0.9093693570,1.8950327857,-0.4460801377,-1.3268891375,2.0955411509,1.8039607212,-0.6904899004,1.1739479302
342,-2.0478584301,-0.9381806364,1.0688688136,0.8924415447,-0.6553789697,1.5512554639,-2.4048997977,0.0755339705,0.3221715302,-0.2271835690,-1.7003262809,-0.2614208067,-0.6200836609,1.7610351960,0.4563769228,0.2521592143
343,-3.9011590287,0.3405377576,1.9656917210,-0.6084372435,-2.1960623090,-0.2561698125,1.2707248352,0.0435918791,-1.4462552674,0.4944277869,-1.0345071875,0.5789045557,1.6360746034,-0.8207277900,-0.4653241906,-1.4540326595
344,-4.2173750575,-0.6789551348,0.5701626895,-0.1027756246,1.5280754720,-0.9445439661,1.7033695248,-0.1110545846,0.4111270446,0.8949074773,0.2712986979,0.8798943028,0.3906530571,-1.1618712058,0.0652776435,1.3480906406
345,-0.8253576702,0.4476607888,-0.1337887114,0.3845605960,2.0439637409,0.1949931567,-0.2437733465,0.5704165287,-1.8967019609,1.0817287815,-0.5993080723,1.1525067636,0.1790336672,0.8069960396,0.2889658082,0.5645504204
346,0.1033919109,0.9980353668,0.2162415588,-0.9783058786,-0.0449598493,-1.2758575702,0.5189858149,3.4775058021,-0.9015381946,-1.1282641920,0.0728166551,0.5346728103,1.3303707445,-0.0096705466,-0.7393806136,0.0397390701
347,-1.5362894802,-0.1239903624,-0.0750792883,0.4696933885,1.2817711422,0.1543416908,-1.9239119167,1.0199372733,-0.6211318212,1.3815752489,-1.2089509943,-0.2988509797,-0.9648463233,1.1300582883,-1.2767656165,0.9623316982
348,-0.6067338502,-0.1818091668,0.0795216569,0.9367768667,-0.0144808926,0.4052790274,-0.8058484918,-0.6306482768,1.4045634118,0.2023882764,-1.4619367309,-0.0735630823,-0.4561418633,1.1252591434,-0.1806088294,0.6677968917
349,-0.0981413496,-1.2355884717,-0.4569556725,-1.5522919967,-0.5479976369,0.5246282474,0.1396760522,-0.2060573880,0.2529310514,1.5917977912,-1.1623866542,0.4250365806,-0.0106673121,-1.1628325942,-0.7359882811,0.7869478356
350,-1.7028017586,-1.2411335199,-0.7649874811,-0.5012692440,-1.0309532549,-1.1461759702,-1.6240438080,-1.1092288259,0.6596952325,0.1207671457,-1.8879490397,-0.9556539039,-0.1653469695,-0.8954830159,-0.2777585527,-2.8743478479
351,-2.1122008254,0.2543767542,0.6507320077,1.9340459214,-1.5920088840,-1.0582865565,-0.5523927295,-2.6939402279,-0.3589497861,1.0292183910,0.4312854369,-1.0577637630,-0.7641475671,-0.3386502777,0.0854892820,-3.3746883821
352,0.4266133727,0.8118220298,0.4949960360,1.5471990637,0.1433732209,0.3573633581,-0.2128807789,-0.6801741953,0.5044924997,-0.9929129269,0.8153974746,-1.2206058615,-1.5305660421,-1.4732434242,0.5880815406,-1.5049498666
353,2.0017168976,1.0826092424,0.6407658107,2.2883509034,1.7525582155,-0.8865630200,0.9125346846,0.6983279261,0.4501432265,-0.9629239302,1.0588642402,-1.3115286031,-0.9476783525,-1.3352992549,-0.2593927968,-0.5451220060
354,4.5706799503,-0.3637186197,-0.8944418690,0.9647687182,1.3812022984,-1.4098063637,-1.0411316339,-0.2040294303,-0.1096242925,0.0089353248,0.6931169503,-0.5115664727,-0.2954058146,-0.6271662016,-1.0689545184,0.9199432384
355,3.9547706686,-0.2875438928,-1.3619128072,0.3090646153,-0.2370248946,0.3700675965,-0.5885837596,0.0551393920,0.9472472651,0.6361768442,0.3463604347,-0.9130140424,0.1629201811,-0.4338491276,-0.0787950292,1.4366456081
356,1.7492312300,-0.2810102855,0.8924455340,-0.3178826476,-0.2561988574,-0.1266662878,-0.3741938812,-1.2699052002,1.1109332455,0.3057965530,1.0898602199,0.2706719323,-0.2470080492,1.4322214931,1.1347525969,1.5357089281
357,0.4906926082,1.2025361502,2.4206509680,0.8271747247,0.5106871485,0.1839718153,0.8558541974,0.3007786534,2.6213312982,-0.2086672350,0.0281562400,0.4450334559,1.3143608145,1.1101647360,0.4525482509,0.2702285001
358,0.8891158816,-1.9248443663,1.1225812331,2.6573332388,-1.0496919538,1.2085928333,0.1347231100,-0.3075708420,-0.3501715948,1.2323755693,-0.0307193686,1.6584856664,-0.2261188670,1.8184720273,-0.1116815403,1.3864335578
359,-2.0056223245,0.8183924323,-1.3625930201,0.9276556396,-0.5686867372,0.4867896317,-0.6796439882,0.5431464620,-0.6022377815,-0.0072438642,0.0672985073,1.6998778550,-0.4966799018,1.5818186763,-1.1881348286,0.7618659688
360,-0.2437368106,1.4221174816,-0.2052998139,1.3992467235,-1.1634131114,-0.6496047838,0.6691965605,-0.5511459379,-0.8429298139,-0.2451857262,1.9217230475,1.5721976930,-1.0399459821,0.4126059058,-0.3463707247,1.3762449807
361,1.6326512465,0.6555106463,1.3210526811,0.2572533937,-0.9184180614,0.9666914981,1.1129680513,2.1058316546,-1.2345699364,-1.5571840725,1.8074797504,-0.0807986174,-1.0846146457,0.1156110360,0.3869076630,-1.6197472186
362,0.3275582077,0.5261773814,1.9016197182,-0.1431426644,0.1588978646,-0.8171480383,0.6178858340,0.5063453502,-3.0383521104,0.2660906705,0.5248274440,-1.7256946844,1.7145693193,0.9846009569,-0.0323076201,-1.1149769190
363,-0.4807497815,-0.5027410223,1.0050537695,-0.3740968339,-2.0761134241,1.0485971031,-0.7595577302,-1.4390072678,1.1687577899,-1.7008088349,1.1810762868,-0.2405498494,-0.0275265585,1.5856351818,1.5255664425,0.0606376859
364,-2.1832322989,-0.2516767413,1.6471990498,-0.6840140145,-0.3239883063,0.5638516692,-0.9889384569,0.2329517886,1.0169478616,-2.3478606059,-0.9912487950,0.8221483970,1.0214752538,-0.8193406390,2.2217894166,-0.0488567564
365,-3.1161997425,0.8617962811,1.8510394933,-0.2173436881,-0.4565959489,-0.7060893916,-0.0169916926,-0.0829305172,-0.3540762414,-1.4025810256,0.3137427847,1.4634218016,1.8491879244,-0.1576152666,-0.1208723591,-1.0040576280
366,-1.4232117712,-1.1207649451,0.3318186144,0.1111863203,0.6324429213,-0.3912103686,0.3881990977,1.3444516101,1.3984161856,0.4288870891,0.8573836219,-0.7009918571,-2.4668701254,1.4469913167,0.9019092052,0.8615925749
367,-1.5002160800,-0.2736380135,-1.0719274896,-0.2472489148,0.1084724108,-1.6582398394,0.3151004402,0.8900178916,1.4482692684,0.4210863210,-0.7338954457,-0.7681683159,-0.0798097422,0.2682439286,0.6251169342,1.3652326742
368,0.8373505627,-0.6825810209,1.0842071905,-0.7814362338,1.3991029531,-1.2443742065,0.3780453950,-1.0389698728,0.0856457345,0.7324398966,-1.1164936708,0.9522268937,0.2934673474,-1.0880012896,0.0289583518,1.9310043137
369,0.0102401420,-0.0270667904,1.3739907385,0.0161284094,-0.8963323104,-1.5704129840,-0.7167069286,0.3847850712,-0.8547411885,-0.2041164985,-0.4463211759,1.0157477328,-0.1675237406,-1.5404983162,0.4888015657,-1.2969199531
370,-1.4915451632,1.5066609633,0.0799040794,0.3805466926,-1.3327159148,-0.6299937152,1.2220348161,0.8634375922,-1.3437890515,0.0700383661,-1.7327940093,1.0955849069,0.6088685823,1.9252821429,1.0105162232,-2.5697876165
371,0.7383469433,1.3324249246,-2.6162943265,-0.2221145144,2.2166504516,-0.8438191461,0.2274607791,0.1811445088,-0.2047645818,0.2991566116,-0.9037295658,1.6380441132,0.3508145296,0.1815631642,1.0900822291,0.7336709939
372,3.5846930634,-1.0428756811,-1.3706061961,2.4622506742,1.9208372755,0.2163296932,0.6348973225,1.2681726557,1.3675927646,0.5760165110,-1.4786465239,-0.2913188776,0.6865436243,0.6574568761,-0.4680540498,0.1508972544
373,3.3478793749,-0.0387052512,1.1667242638,0.3483687064,0.0492113307,0.9101019794,0.0796657657,0.5804452052,0.6778203779,-0.2372285154,-1.6653728725,-0.2717274419,-0.5289398666,1.0391129660,-0.0495684332,-0.3567308739
374,-0.4670258206,0.5874172326,-0.5045062690,0.3027606638,1.6088330974,-0.1491755251,0.5125664011,-0.1808459172,0.8566681988,-2.0684062154,0.1020589159,-0.4697867959,0.2342837764,1.0504969872,0.7709249035,0.8413433701
375,2.9590101417,-1.0704350296,1.6568935057,0.3468560856,0.9023330548,0.0920716378,-2.0494140444,1.0403707167,0.9863233793,-1.0379390734,-1.6090977359,0.5709917006,-0.4031507842,0.4694717216,-1.7663742474,-0.1309998609
376,-1.5798242420,1.6520643452,0.3558317246,0.5626988824,0.0514699262,0.2614489760,0.3945624089,-0.5481001303,0.1026672925,0.3576142725,-1.3351530229,-0.4809412666,0.1507269889,-0.4557649643,-0.8422007048,-1.1368537108
377,0.2454960956,-0.0436795355,1.7217449828,-0.6473956036,-0.6933644060,-1.0491394826,-1.4514614221,0.9866713618,-0.2400084084,0.1463908826,2.0056831712,-1.9011315624,-0.9614370210,-1.9054336229,0.2039196793,-0.0469629670
378,-1.3183512551,-0.1485671737,-1.0853285391,-0.4566507077,1.1004640708,-0.1037841342,1.2724145778,0.0428885195,0.5850953984,1.1605137629,1.5360161994,0.8067922165,-1.9411880638,0.5722193189,0.3549227543,0.2685007193
379,0.8599610252,-0.9513602293,-2.1927136060,0.0760087659,0.9774682061,0.6638559470,1.1467367047,1.2274490327,0.7220929282,1.2877746741,2.1704693264,-0.5699947993,0.6720631919,-0.5365344027,-1.2429402731,1.0829925593
380,1.4668604890,-0.0360503455,-0.4438507371,0.1339879950,0.1121498599,0.2156291808,-2.3608321474,0.0843497981,-1.1131113695,-0.9050639619,0.7974813297,-0.9683359297,0.1970707934,-1.0919310653,-0.4735483640,-0.1701649749
381,-0.1605577962,0.8206512730,-0.7929019989,-0.1732919792,-0.2975024394,0.5837041940,1.6043131565,1.0486057390,-0.7825672609,-1.3947517786,0.6504699469,-2.6888297748,-0.0011652504,-0.1912364355,2.5414799404,0.3111760177
382,1.2129996434,-0.8506942686,-0.7103571025,0.5710626649,-0.0769376819,0.7171636962,-0.6564025171,0.2418532643,1.8694167252,-1.0865842325,-0.2101053201,-0.2361296738,-0.6357582346,-2.6570207911,0.6519206251,-0.0088289795
383,0.6072782688,1.5617760723,-0.7957996956,0.5292564433,-0.1689868818,0.1646854255,-0.1470916124,-0.0607779561,0.1281552971,-0.1061738821,-0.8671980522,0.4027821775,1.6630744378,0.9925571353,-0.3188456969,-1.3468302264
384,2.3729425609,-0.6765391381,-1.5355036166,0.9824259011,-0.8446824791,-0.5066477822,-0.4554994678,0.2114793066,0.2061292753,1.3797829463,-0.5023991790,0.2955924593,-0.1538266284,-0.6649819248,2.3817888043,0.9644118466
385,1.9926479777,0.2693671029,-0.3254653346,0.8075731728,-1.2079517652,0.7462787399,0.7731034159,1.5733426276,0.2227744284,-0.6455814639,-1.9211311529,-1.5641368938,0.3779056790,-0.4053385541,0.7331912834,0.9604517230
386,0.1405969072,0.0466561316,-2.2694986684,1.6928215625,0.4531507616,0.7388515883,-0.0451768457,-0.1253004078,0.6796601310,-1.1378732406,0.7280372020,-0.6511459866,2.5113831388,1.8471124760,1.4746668977,-0.5458788251
387,2.7082747477,1.2514605245,-0.1252025133,0.7515746730,1.1118392224,-0.1394180561,-1.7429797330,0.4773695342,1.4441810055,-1.4176017724,1.4934343367,-0.7329207690,-0.4324496311,1.3578778614,1.1167590025,0.1966905157
388,2.8121836119,0.9646656299,-1.1602511812,0.5635974500,-0.0802932577,-0.3394112017,-2.1110616375,-1.1007873402,0.7547603466,-0.5129206215,-0.0839078369,-2.4619259758,-2.3858410742,0.2590706794,0.4324040859,1.2232707361
389,1.9803958719,-0.0827332739,1.5065185520,-0.2519366399,-0.3221370015,-1.6047562169,-0.3091670666,-1.1239154898,1.4755159030,0.4102448665,-0.7535724678,-0.2178562191,-1.0094410822,-0.4088338982,0.2479122757,0.7087481795
390,0.2054952187,0.2440448774,-0.7888773726,1.2186991504,-0.9951804938,-0.1340453613,1.1523451065,-0.4541010972,-0.4798576647,-0.3769539345,0.6172789867,0.1207794554,-1.8828098415,0.4761670339,-0.1598404596,0.5942651196
391,1.1868863656,-0.1408290855,-1.0452980505,-0.5195943147,0.1208399153,-1.5012403152,-1.4512933819,0.2713078584,-0.5870240143,-0.7034816921,0.3174172959,-2.3397757626,-0.1992230905,0.8665588266,1.0194377348,1.1788072141
392,1.9412242452,-0.8091386448,0.9199466468,0.5571875834,-0.6161137542,-1.3751719229,0.0959903766,0.7623524015,0.1533408587,0.3172705011,-0.1939935242,-2.5835136527,1.3275258834,0.4229673147,0.5140716709,-1.1405952837
393,0.0142616473,-0.4506423889,0.2846196492,-0.7041410671,0.4586047367,1.1957489199,-0.6307087691,2.7719944935,0.8465753643,-0.0802555333,0.6552645971,-0.1413811560,0.0994875774,0.4768692900,-0.1124267177,-0.9671412276
394,-2.6206632805,0.8805695926,-2.0929589578,1.8785930895,-0.2285004251,0.9405579577,-1.4650999824,2.1442785582,0.1789323922,0.0950131827,1.7719493781,-1.1416376575,-0.1378214078,0.6532013563,-1.3703912572,0.2772865397
395,0.1383910587,1.7811990513,-0.7726779297,-0.2607021268,2.2914941145,0.8265186205,1.1172650660,-2.4436973297,1.2534393198,-0.1466636326,-0.6880378442,-1.1727246511,-1.4505281071,-1.9587682945,-0.3113365304,1.0761685278
396,4.4530661509,-0.6292500749,-0.0478703604,-0.3762975396,-1.4943699438,-0.5035201854,-0.2661627650,-0.1298051678,0.9537571693,0.1230511636,0.2770051351,-0.1863183974,-0.0051125905,-1.0165767217,0.0520548992,0.1554995926
397,-0.4388282855,0.7713549248,0.0887779440,-1.1201145883,-0.2849640401,0.1714854588,1.1394724375,0.3125472381,0.9971650201,-0.9501492137,-0.5253813422,-0.0759856992,0.3929673315,0.9871147356,-0.7024619127,0.5902114879
398,0.4155139408,0.1698975889,0.2918758236,0.0810827916,-0.0866825628,0.4946823830,-0.7581288729,-0.7147673096,-1.5834884053,-0.8625134628,-1.8505725615,0.2033287131,-1.0773474819,1.4562799003,-0.3203045871,-1.7392376895
399,-0.2630370947,-0.3260515693,-0.4705952470,1.6801444380,-0.4536433133,-0.0759136147,0.7141240652,-1.3781702785,-0.8671539299,-0.2748923349,-0.9172370047,1.4598412384,0.3332937046,0.0029297440,-1.7331211197,-0.2606199423
400,0.7977600231,-0.5037687395,-0.1409812545,1.8104130870,1.1954732898,-0.6496583990,-1.5911204764,-0.1320948911,-1.4102113692,1.5001731879,-1.0466661989,-1.0541025025,0.7992452011,0.0316522284,1.1484573103,-2.7931173362
401,1.0073900553,-1.3430387587,-1.3443842662,0.6727953685,2.7555422974,0.5441257517,0.5625335411,-0.9498863739,-0.1658623233,1.4164811144,0.3990727154,-0.2777321575,-0.0122741271,-0.9424291462,-0.6616401668,1.5063555093
402,1.1378925661,0.8563103629,-0.1635683571,-1.0961194805,-0.4160003058,-0.3487314514,0.8381572260,-1.7447102765,-2.0789017665,-0.6717995241,0.6293948483,1.3274551305,0.9634629884,-0.9716488245,-0.3119584056,1.5678991587
403,0.5113134603,0.4991110319,1.4344448202,0.0466056701,-0.9539110897,0.2203651167,-0.0694923202,-0.3889384333,0.6191610797,-0.6873490122,0.2659046453,-0.3432592517,1.2736887969,-0.0504990139,-0.8950019132,0.2266096582
404,-0.4737469418,-0.3843702426,1.2245813714,-0.2487822540,-0.6489474907,-0.1663899060,0.5781925840,1.3356367590,-0.7100417779,-0.2241870505,-0.4700412482,0.9329812509,-1.0588367290,1.5854033169,1.3548794524,-0.9837866573
405,-1.6119521444,-0.2504522814,-2.2743417049,-0.0851426981,1.9879357270,1.0004891088,2.3398225594,-0.5050427054,0.3019372324,-0.3605953110,0.5727196668,0.2294212473,-1.3797993912,-0.1779034096,-0.9641252719,-0.1320284735
406,2.1655499891,-0.7445128312,-1.3738439706,1.0291133593,1.8242375847,0.5819384992,0.7447733634,0.9759010523,2.3363087478,-0.8870499264,0.5650153870,-0.8507180466,-0.5332063441,-0.0161155657,0.1936918830,0.4133551108
407,4.0214287116,1.1175036657,-0.4573440913,0.7439199887,2.1809085679,0.5476402263,0.5762547540,-0.0980923048,1.1544546423,2.2507920438,0.1738976192,0.5371984879,0.0775846508,-0.3475309123,0.5870954380,-0.6160670582
408,3.9892970722,-0.0319731679,0.1935084488,0.0064416692,0.3320005106,1.1219665262,0.6860152990,0.7159821170,1.5799420419,-0.4196550401,0.5336018409,-0.3255045078,-0.9013289402,-0.8221589280,-1.8744637592,1.2590472843
409,0.8794244954,2.0228486478,-0.8160685142,0.1009282853,0.2030749759,2.3355425720,1.8699701037,0.5709872368,0.6917324721,-1.0769156281,2.0503879219,-0.6850193277,-0.7277030363,-0.0128134805,-1.4026610939,0.3058919722
410,3.1217273357,0.8997775038,0.3537824102,-0.4966708830,-1.4202067483,1.2828413302,0.7764856280,-1.5614992707,0.4909191635,-0.3640715225,-0.0459494183,1.5761680642,1.5244942850,1.0217069072,0.1698208144,-0.3729024340
411,0.5071189481,0.6527041898,0.6129857060,1.1794364582,0.4362194880,-0.8025057687,0.2683615317,-0.3969267863,0.4535478095,1.9817726350,-1.7511707608,0.0386739246,0.7953551212,-0.0138035090,1.5552266079,-0.7322268893
412,1.3264785810,-1.6545635632,2.0348866780,-0.3251490133,-0.2423637323,-0.8382423335,-0.7631507884,-0.4495077068,-0.8037425684,1.1640406082,0.0397639702,-0.6512731232,0.0490953758,1.5119278148,0.0243104686,0.2816283668
413,-2.0461059371,-1.6900619382,0.4817527173,-0.6977549036,0.2724121874,-0.9456666737,-0.2455928243,-0.9705113944,-0.2206796198,0.1033480126,-0.4660424624,-2.8147832882,-0.1195977257,-0.4106472057,1.8690797969,1.6038254869
414,-1.9281215072,-0.9093851195,-1.1089899904,1.2629924354,1.2587488878,0.1684693226,-0.9438934610,-0.2530104900,1.1496535846,-1.3508832260,0.3076614916,-0.0492696242,-1.2412002256,0.2898939108,0.2305775269,-1.1622793632
415,1.4898295754,-1.3410330084,-0.2429870821,-0.2132845011,1.2041823632,0.3191260089,-0.2633697068,1.0160201071,0.8389811832,0.9691650156,0.4312494640,0.8746618058,-0.3209357757,0.4155105502,-0.4370386472,-1.3023913160
416,-0.1840860932,1.6131902077,0.1493163316,0.6731410897,0.0322540276,-0.2278362423,0.0189548470,-0.2514965237,1.9383050813,-0.7580811150,0.3995060615,-0.1574462211,0.8771781009,-0.2222275165,0.5203339497,0.8714773164
417,2.4984448644,0.2487452640,-0.8377323752,-0.1379632706,-0.3456530769,-0.2865117039,0.1714186010,-0.0808231243,-0.1915553015,-0.4641126433,-0.0110754856,-0.3668366332,1.1301410930,0.3924881130,-2.1148259410,0.3056567375
418,1.6799635905,-0.1691581673,0.6922111688,0.0697240490,-1.3985793202,0.2144677480,0.1597930486,-0.4228507416,0.2448690830,-0.3351926055,0.8079727795,-0.3346086464,-1.1485538536,1.2388194441,0.7377884963,0.4341948619
419,-0.0543456479,-0.1379891370,-1.9697060460,-0.2374199225,-1.9218541835,0.0766662651,-0.7037975804,0.8608097034,0.3756867375,0.8004004439,-0.1980158479,0.0485570221,0.4869348428,-1.1011876521,1.0719942993,-0.1301466213
420,-0.2431196975,-1.0914949868,-0.8514609163,1.8156335176,-1.6744272232,0.3700675609,-0.1876502695,-0.3054771268,0.4107166973,0.7208932250,-0.7940958492,0.8917331336,-1.6954209896,1.2076309929,0.4240375831,2.0319242995
421,-0.4539423549,0.2005030335,0.5408256834,0.1497718834,-0.7838895063,-0.0753173234,1.0489329196,1.1553491303,0.6630606240,-0.1032683898,0.2475605525,-0.6646972939,0.1671502357,1.1854724554,0.8285929342,-0.3944665337
422,-0.9931525083,-1.1696091076,2.4389318117,-1.7947842195,-0.8156062882,0.2675833510,-1.7900118023,0.7143315382,-0.8214663809,-0.3219288729,0.8300020654,1.2927400407,0.5927041519,-0.0315962432,0.6776287570,-0.8297602026
423,-4.7556420805,-0.8409322368,1.9487714724,-0.8817619548,0.1504803078,1.2638749321,0.1512662772,0.4504586573,-0.2839665164,-0.2643682607,-0.1852093680,-0.2066984611,-0.7455111457,-0.0061795827,0.9454643706,-0.0410453228
424,-4.9026656903,-0.7413535414,2.2641809871,0.9797328454,1.5668692427,-1.5348519773,-0.2282389388,0.4363693782,0.3601324074,-0.9054256977,0.6210169900,-0.1534561629,-0.3827112349,0.9618350794,-0.0897722478,1.2536821912
425,-1.3431910465,1.1007259286,1.6095248530,1.1769162166,1.1652914534,-0.4241255355,-0.5780941279,0.5343845923,0.2438494171,0.4509286765,0.5159614516,-0.3451517377,-2.1007852807,0.4246687964,-1.5716293784,1.8206541021
426,0.4120686596,1.2189284593,-0.3888230178,2.9043294045,0.2398396901,-0.4945688019,1.2575486897,-0.4903508048,1.6224732077,-1.2309660510,-0.9906966719,1.1984140244,-1.2412418431,0.8717737372,-0.0760847443,-0.7741434531
427,4.3719880457,-0.9134705303,0.4398549011,2.1214736607,1.6856676298,-1.4052870491,-0.9683455499,1.2373589571,0.8592942926,-1.2582382262,-0.0398962428,-0.8284580952,-0.1507386427,-0.1597251007,0.2611975292,-1.3672763260
428,3.0596879361,0.7393020251,-0.5375903686,1.2372406209,-0.8730169065,-1.5128413428,-1.1704143261,-0.6024611674,-0.6972089548,-0.7355631467,-0.0036486204,-0.2801243329,-0.1116714894,-1.4567945124,1.2859226996,0.0061397582
429,2.4288084408,0.3845998972,-0.0964036097,-1.5663828572,1.2218013473,0.4701874723,-1.3089609533,0.5498554113,0.1651321171,0.0074379247,0.1219330438,-1.0022981993,0.3005108676,0.8329917465,1.9252851881,-1.8722029403
430,0.0180940847,-0.1863575739,0.3082593565,0.7579805723,0.7003312021,0.5341386902,-0.0448523628,-0.1197112762,-0.5140548014,-1.5022771124,-0.5350770784,1.2556674194,1.7384651135,1.5872501002,0.6755246709,0.4722873981
431,-0.0735454327,0.0079907387,1.7689680497,-0.2440150277,-0.1613590650,-1.1131031063,0.1937989900,-0.6443915181,0.1188411707,0.0922688812,-0.8355231837,2.1697298027,0.3191401050,0.1892837633,-1.0668404255,-1.2627717730
432,-0.6446327418,0.0663545150,-0.4009023481,1.0082658615,1.0162931291,-1.1558765458,-1.3228993166,-0.7489900796,-1.2055747842,0.1995197983,-0.1367616493,2.6337436779,-0.0680138419,-1.5282408102,-0.7537171149,-2.4142594739
433,0.7539924719,0.5406571099,-0.0010892373,0.6869732191,0.8396587951,0.6827072063,0.4835106811,-1.4226159185,1.3910672360,0.4593681959,0.8259959252,0.6583812026,0.9806134005,-0.5078003410,-0.4574921068,0.1569152795
434,2.3882044586,-1.7278417107,0.6101889084,-0.4364941656,1.1369411851,-1.6671150225,-0.0706811274,0.6046463212,1.6824774786,0.6011870198,1.8457718114,0.8891881574,-0.0409296125,-0.9779008529,-1.9634898331,-0.0862582429
435,0.8501803980,-1.5855686174,0.5606774254,-0.4690051704,0.5234528277,-0.3189154730,0.2974024481,0.6453800396,-1.4215597498,0.2069117966,-0.5692511311,0.3093352621,0.5856264859,-1.4980986588,-0.5010529931,-0.2032382148
436,-2.0130114788,-1.2659872458,1.1477156219,-0.9764507397,2.9802238926,-0.0948889329,0.7345636276,-1.8215809649,0.5612243996,-0.2003460877,1.1637711112,2.2055043411,-1.7760600612,0.6470278730,1.9396027405,0.2617768136
437,0.2288479284,-1.4102040071,1.0148249133,-1.0978704246,0.8281249112,-1.0216247839,1.2076765011,-0.1503522231,0.6605836065,-1.0881980199,-0.4611251453,0.7534972632,1.3557898728,0.3135855548,0.8937334390,1.6449693760
438,-0.9179384979,-1.3500258797,1.2377719907,-0.2485503421,1.7155464036,-0.9521382727,-0.4615346516,1.7649781490,1.1849066764,0.7834611515,-1.2595309202,-1.3247074419,0.9923094166,0.4020957946,0.7441851741,-0.4468441958
439,-2.2359192953,0.7871145087,1.2888430992,-0.7593824014,0.6430441587,1.4167464686,0.4496542832,-0.0333812294,2.2974349181,-1.2733807992,1.1777399127,-0.7029172946,0.4310971145,0.3286832975,-1.8585221029,-0.8564840145
440,-0.5695955557,-0.1361114313,0.3172241187,2.6562199791,0.6231438112,-1.2080394420,0.9582360369,-0.4677842867,0.7660728476,1.3657503520,1.5393205930,2.3874951053,-0.2296671773,0.3142078603,-0.4842029873,1.0330775023
441,2.1205342977,-0.6763457849,0.2785135315,-0.0829132259,1.0622186664,0.6519257409,-0.5349890345,-0.6594941252,0.5379843543,-1.0230353462,1.4358707436,0.3128714707,-0.5643335746,-1.3862915541,-0.2259019816,1.0104893742
442,0.5408632636,0.8532507307,-0.7933878100,0.4942310510,1.1538052847,1.9325474645,0.2457768197,-0.4714425696,0.5537536520,-2.1374755665,0.3909266113,1.0939368840,0.4574890776,-1.1515830970,0.0775972963,-1.1647879680
443,1.9418738038,-0.6876235223,-0.0038045317,1.8470508366,1.0777318601,-0.2777302630,-0.7889781120,-0.2446194473,-1.1830654553,-1.0936395737,1.2531827460,0.0571754125,0.1010656610,0.9681907363,-1.1128993300,-1.0955878660
444,1.5091689273,-0.3420073449,0.6530860786,0.7290882647,-0.2974035272,-0.7841692987,-0.7894826219,-1.7126951580,-3.0700229101,0.9646098652,0.6871421609,-0.2780870604,-0.1073843727,-1.1011893956,1.6939154403,0.1301146540
445,-0.1406394154,-0.4327143815,-1.2797330390,-1.1732206388,-1.0876411187,-0.0160966765,-1.0232113332,-2.3277750450,-1.3524477306,1.3991644460,-1.8109515606,-0.0216325723,-0.6028308558,-1.0839805857,-0.2107904671,-1.4641245823
446,-1.3404622837,0.1555018796,-0.0977852610,-0.3761939610,-2.0566011867,0.0644481968,0.1571576642,-0.1797514169,0.0057043189,2.0948838761,-0.2770830720,-1.7125727910,0.0249544919,-1.1928450821,1.5815498063,-0.3237514252
447,-2.0173676603,1.8934008124,-0.4076320771,-0.8628644347,0.8812122993,1.7726577974,0.5420628098,-0.0111050556,0.5199203413,1.2195392056,0.3977591477,0.0588109909,-1.3071086831,0.1384242943,1.1111035221,-2.1544340422
448,0.1399860787,2.4053562102,-0.4685168657,-1.8711014050,-0.9399137489,1.8607114904,2.2711565859,0.0488894908,-3.4091184298,0.5930582019,0.2551328089,0.7942065860,-1.0496383390,1.1744364087,-0.3341819013,-1.6901358487
449,-0.4679974516,-1.9017513817,-0.7025972189,-0.1571340899,1.4628921242,1.1242397672,-0.2608826227,0.7088884731,-1.9913393913,0.8832016010,0.2809751036,-0.4655312442,-1.1830080355,0.2261462055,2.2790255045,0.2127667799
450,-1.5051955874,-1.5627106917,1.9177247538,0.0028606318,-0.6007341715,0.7439019743,1.2103845700,2.0513401045,-0.9903059996,2.0802443735,-0.0988617112,-1.6214751549,-2.6317266047,-0.6017084527,0.0390195516,-0.7839126292
451,-4.6822835148,-0.6824104539,2.0133552000,-0.7512794659,-0.1349272979,0.3292721400,-0.8228635224,0.7979333061,-0.2833208568,1.2397269853,-2.1106810314,0.6553729777,-0.1538371105,-0.4131040595,0.7072790655,0.5922628088
452,-6.1435794180,-2.2837204654,1.2421669246,0.2018779426,2.7277527700,-0.1702844475,1.0501748978,-0.0669833483,1.3358537588,0.9263723074,-0.0231199511,-0.3582095584,-0.8376327866,-1.7822221159,0.4374222639,3.0927152316
453,-2.6733513425,-0.1255482458,-0.6439885081,1.1030014632,-0.2662631389,0.4933638333,-0.5606613241,0.7704326480,0.4986301578,0.0101939144,-0.8383749038,-0.6499937486,-0.7827853344,-0.2078460574,-0.7343306806,-0.2855762347
454,-0.0696480204,0.2997852975,2.2388800210,-1.0255538514,-0.7893548637,2.4218492939,-1.5917525145,0.3685326899,-0.5336643124,0.6253645956,0.2094956971,0.4988290516,-0.7765623156,-0.4552233429,-0.1044393878,0.4195861431
455,-4.6396403874,1.7883220313,1.5432794229,-0.0401725649,-0.8039807512,0.1541959093,0.1738269009,-0.2591665554,0.7224302667,1.1323270072,-0.4679185441,-1.0896944665,-1.0150986000,-0.1900029050,2.0743542948,1.0074783396
456,-1.6643442647,1.5330949107,0.3170828460,0.5330008369,-1.9660414721,1.1807213003,-0.1307541914,-0.1257516266,-0.6652455108,0.8210349518,-0.1027864080,0.1313354873,-0.1033811294,0.9686875686,1.3441356025,-0.8749174041
457,-0.7063621741,1.6267306794,0.1467176864,-0.4306587028,0.1751335529,0.2892260571,2.7687120196,0.8513496534,-1.2801714470,-0.5284852891,-0.0897453763,-0.5448443129,-0.0421067378,2.1083535451,0.3163326900,-0.1650695080
458,0.8557644855,1.1987629925,-1.4518148011,0.2379334400,0.0522138771,0.7911938389,2.0127955684,-1.5072221712,1.3193246604,-0.2704015668,-1.0827232417,0.7412180305,-0.0628142395,0.4041081628,-1.4207139084,0.3295137865
459,3.6063043505,2.1358015648,-0.6669498089,1.3495558738,-0.4657505315,-1.9849365383,2.1345382342,2.1236554662,-0.8117255544,-2.9233410685,0.2968744162,0.1555218524,-1.5830200583,-0.2201427910,-0.9293715546,0.3952346349
460,5.5387894936,-0.6327716547,-2.5129518133,-2.2186060234,0.6471461776,-0.6799509849,0.6123964424,-0.9543566226,0.4443728288,-0.8371637131,0.8118619023,-1.3484296299,-1.4346459767,1.6869718804,0.1239499857,-0.2197459943
461,3.4438584983,0.9090777862,0.2796629199,-0.8230913313,1.0439791880,-0.6569894681,-0.7373673423,-1.2633170018,0.1092640815,-2.0741745282,0.4194861686,1.1062667466,0.6641563890,0.2779622576,0.8728062019,-0.1898161239
462,1.9166010088,-0.8895289276,0.3207956810,0.6706149190,-0.3658271894,-2.2010641766,0.5779044747,0.3795696419,-1.3108396862,1.1614139231,0.8029272265,0.0282282636,1.5572996485,0.0626649005,1.5592922424,-0.3478675577
463,0.5550824612,-0.1112302327,1.2589886199,-1.5272495402,1.1682827067,-1.3898364295,0.2784954415,0.8060310565,0.2586567144,0.7540476900,0.3628386963,1.3645838990,1.7067859426,-1.1833033547,-0.4792582149,-1.1366599972
464,-1.3022773946,0.4322206098,0.2716286554,-0.7996730739,-1.1024472152,-0.4323308719,1.6705068120,0.4440474609,-0.9857723034,0.3877813713,-1.6437262959,-0.4826760256,0.3690599693,-0.7559249909,1.8377372812,-0.1237518190
465,-1.8005871990,-1.0454765023,0.4156204953,1.3288048947,-1.0598851831,-0.9491002070,-0.4305112701,0.4153133303,0.4576850434,-0.6163114663,-0.9226478808,-1.0087438963,1.8473647748,1.7911139859,0.2684474578,-0.7857297452
466,-0.9041648323,-0.9249431888,1.9852301260,-1.7071413609,0.7012049338,0.6103190405,0.8211903750,0.3301518193,-1.3139940604,0.1596845083,-1.2476801178,0.7358157911,0.8058148334,-0.0384659553,0.2755483071,0.3556476110
467,-2.7129176124,0.3424029125,2.2619563194,-0.1360357834,0.8859348843,-0.0881738857,-0.5294423721,-1.7630581803,-1.3053231736,0.8354544066,-2.1377893927,1.1852902136,0.2164156808,2.2581351351,-0.9480648829,1.4210950730
468,-2.1966925514,0.2422722224,-0.2428754774,-0.0038501638,2.3612756929,1.1790454869,0.5634190869,0.1080496943,0.8510276813,-1.0443332495,0.2315574238,0.4127735486,-1.3479760367,0.3459799997,0.7504332747,-0.2082046293
469,0.6090728558,-1.8074956780,-0.3590182463,0.0785241760,0.5991709103,0.1328192443,-0.2833594475,0.0025128481,-0.6621930606,-0.8947375764,-0.5421388005,-0.2178916516,0.9307278054,0.9128399776,0.4270051777,-2.1291770860
470,-0.6564318304,0.1613104404,-0.3784709137,-1.8121163692,2.7197822659,0.2776396000,0.3233737750,0.1017872686,0.1922564191,0.7280745321,0.4459952465,-1.8808648629,-0.2828240772,-0.8425431241,-0.1815773182,-0.0459527624
471,0.5333749551,-0.4679345407,0.8109444782,0.3988048361,0.4057009737,0.3178062326,-0.6230436531,-0.8763728934,1.0287251313,0.5966582869,0.7303915785,1.2673791526,-0.2606907111,-0.9588340409,-0.0772798163,-0.5006286329
472,-0.0140412575,-1.0757779880,0.2315129350,-0.2540324234,3.1521254300,0.5110621334,1.3376924233,1.8440677222,-1.1448787963,0.3904729416,0.0400521139,0.1764083519,0.3654205704,-1.1329792064,1.1562398619,-0.4686642867
473,-0.4136693362,-0.5045100396,0.2828860147,-0.6805807075,1.3001164829,-0.3806363591,1.9315586166,-0.2694909742,0.4593984855,0.7243330920,-1.0064629189,-0.1307682529,-0.5996073663,0.6317941353,0.4946318402,-1.0077977140
474,1.3146585288,1.3442326599,-0.8981933824,-0.7708325097,1.9273666962,-0.1392616400,-0.8660806866,-0.2243499959,1.1610328971,0.5130648063,0.4335685572,0.7393232735,-1.0396544214,0.5955247608,-0.9405941523,-2.0559222701
475,2.2367176783,-0.6375681582,0.6705960941,0.4082440887,1.1594813142,-1.0581464304,1.8856428387,-0.6495570232,0.7123054949,-0.2540783722,-1.4871820053,-1.3852461571,0.3166175504,0.1404643923,0.1332141290,-0.5693887342
476,1.6144931844,0.6025276706,-0.0566602317,-0.3167132627,1.5464977307,-0.7861084607,-0.3740323893,1.7612641068,1.8182016868,-0.3474893283,0.1538084399,-0.4692745247,-0.9761012184,-0.6883105916,-0.6513055371,-1.5501698224
477,1.8698633850,0.9358923461,0.1037704758,0.0574958232,-1.0078550732,1.5418900522,1.1023804836,-0.4618544624,-0.2056232322,-0.1764568391,0.1636640905,0.1112384282,0.7114210595,-1.1854356451,0.4244793816,2.0657224664
478,0.5719371549,0.8793708708,1.2887409846,-0.3283183005,-0.2136514060,0.3257117416,1.2731646289,1.1372437262,-0.3240325019,2.1375583898,-0.6567720119,-0.6574316617,-0.6948680968,-0.9295698573,-1.3512135097,0.6056960157
479,-1.1187394753,1.2866857209,0.8989979765,0.0472456321,-0.5930033023,0.1531895685,0.1755005557,-0.3086077673,-0.4807904754,-0.5348267176,0.5832611499,-0.7686352858,-1.8633935390,-0.2192313172,-0.4895606603,0.9017302482
480,0.2948964544,1.5146453050,1.0039438702,0.3413802933,-0.7091120810,0.6434988031,1.4567226344,0.4349576186,0.8101892914,0.9538412589,-0.0611994251,-0.5254811230,-1.2378563132,-0.3271618844,-0.2690860889,1.4709902304
481,0.1441177060,-0.0380407827,-0.9106291560,1.4636482549,-0.0433395971,0.2401768189,2.0639738872,-0.3147139034,0.1241680347,0.2495992201,0.6473654533,0.7360206548,-0.2700173738,-2.2009330359,-1.0171990175,0.6981589814
482,3.3503253713,0.8334534119,-0.7475552819,0.2171461601,1.0133906071,-1.7515742701,1.2718106185,-0.1537479525,-0.8292984288,0.4001622118,1.0683972238,0.7912046507,-0.8841866643,-0.9180324204,0.4658169993,1.0082185384
483,3.4396649375,-0.9158536571,-1.2631734280,-1.3117600674,0.1090484628,0.4001169764,1.5055006165,-2.2221190596,0.2349802685,0.0864091593,1.2754097325,1.3401861316,0.3572402092,-0.7476678325,-0.8821235932,0.1840915956
484,0.9092765620,0.9803475018,-0.8768969509,-0.5493875270,-0.2253482297,-0.8797018801,-1.5519840762,-1.5633785169,-1.8214347046,0.6983071092,-0.2119316094,-1.0109480867,1.9089980534,-2.1387026985,0.3835278692,-0.1451794591
485,0.1831011002,-0.7274950737,0.0790517447,-1.6890240999,0.9934253870,0.2409855657,0.6722173122,1.1014347270,-0.2882364884,0.4624512532,-0.9771497137,-0.1929610758,0.9016355453,1.0622348325,0.3545352959,0.6287930440
486,-2.5994684338,-0.1914128817,-1.6289500074,-0.3055058846,0.0137403211,0.8151192414,0.0605555139,-0.3767665227,1.0245562124,0.4701897183,0.7202547716,1.7499819420,1.9166524961,0.4684363132,-0.2204937440,-0.3948708371
487,0.1736883089,-0.7886969066,-1.4249543579,0.0833927737,0.4350282310,0.1826254401,-0.2223974420,0.4219873686,0.1557235150,-0.4103198985,-0.9897028267,1.7062428425,-0.0087054520,-1.6570521195,-0.7451404349,1.1166821864
488,0.2084129231,-0.6341620165,-3.6005587653,1.4959922112,-0.8169677835,-1.3786165498,0.1995822433,-1.0777012374,-0.6789160233,-4.3263988496,-1.0906132037,-1.1112882386,2.8114946371,0.0560533443,-1.6621504417,0.4579704161
489,4.9006700983,-1.6721976898,-0.1717727870,-1.9390282784,1.1817463112,1.1983128553,1.5316748360,-0.5041278245,-0.0438853676,-0.7688975558,-0.9549479582,-0.4126209526,0.9995322725,-0.3512052488,-1.4524668302,-0.0051316642
490,-0.3221505585,-1.2012100602,-0.2539976076,-0.8197156967,2.0154226548,-0.2907920710,1.6182538927,0.1760647856,0.3943356395,-0.4770474383,1.2418366291,-0.4235451640,2.0380190373,0.3437279901,-0.8580920119,-0.6802776183
491,1.2155032134,0.1745232850,0.2231766019,0.7115695248,1.8473192175,-1.0572909864,0.0199575959,1.0815912040,1.1934836962,1.4167759585,-0.2706605977,-0.0231387073,3.0176717355,0.2872890986,-0.3718795288,-0.5126154037
492,1.7322297075,2.3915995234,0.7320762878,0.1053129844,0.7824550032,0.1286473296,-0.3343747927,0.7164433438,-0.6645454119,0.6380318187,1.4579726718,-0.2497772524,1.8928374499,0.8661382457,1.5861693135,0.6309672110
493,1.1150130592,1.0201982656,1.4039728364,-0.1864390442,0.4450264565,-0.1097748250,-0.1920189139,-1.8834324690,-1.0250187037,0.5631397084,0.7720753558,1.2156239489,-1.3591310377,0.1469091701,0.3009079766,0.2204633172
494,0.0482868075,0.2890051743,0.4295139524,1.0403487388,0.5501546138,-0.1775994065,0.6671886948,-0.7534891337,-0.9689529791,0.6000145808,0.1600450068,0.0039945764,-0.9304130321,3.4273227503,-0.4948208970,-0.3862361139
495,0.8948829926,-0.1918924297,-0.0001925494,1.0814658493,-0.6961802442,-0.0372937478,1.4625916979,1.4707142879,-0.9978967081,-0.1986334861,2.2888031288,0.4162121856,-0.5497009247,1.6728753854,-1.2689685874,-0.4082715277
496,0.7559598778,-1.0424470045,0.5872616542,-0.3594752773,-1.3734301629,0.6843020650,-0.8997912626,-0.1134279509,-1.0078604320,-1.3718966941,0.6326254481,0.0196116072,0.6250643179,1.9973354391,0.0824106579,-1.3755026342
497,-2.4265735673,-1.4903763780,2.9094434725,1.3629142840,1.0699382952,0.7748864832,-0.6702541256,0.6009991281,-1.7751199717,0.0940302694,-0.3318118439,-0.3218830952,0.9545724556,0.8225285838,-1.6170962242,0.0181821325
498,-3.1330884532,0.0633677672,-0.2397639273,0.6624532289,-1.9443562753,-1.8228834753,-2.4644530866,-0.5151449910,-0.1059066908,0.7399050377,-0.4597776070,1.4286712043,-0.6767535431,1.5612723462,-0.3568835069,2.0909606099
499,-1.0479906195,-1.0169588006,0.6539101614,1.7234682142,-1.3780335830,1.9053877532,-0.1040578577,-0.3340641847,0.8583752979,0.4115327973,-1.9446452992,1.6386020206,0.2502906546,0.2348961723,-0.3229711324,0.5276949350
500,-2.5773571107,-1.5266059045,-1.9356172265,-0.3649529289,0.9256833692,1.8928257450,0.7384784834,0.6116060775,0.1449664196,1.6853152840,-1.4190463644,0.8205844322,0.3978752031,0.7717710522,0.7532448528,-0.4595552973
501,-1.3784570568,1.4091179471,1.7324272566,-0.8263661584,1.3244625157,-1.4569544207,-1.2676968253,-1.3512529580,0.0270168360,1.0539927214,-1.4307930080,-1.8758215621,-0.2601800795,1.5049403224,-1.5909510698,0.0326595803
502,1.2277490213,1.1535898660,0.0874128286,-0.0383535966,0.4748782148,0.6359012875,-0.3938707351,0.0813299775,0.4477428169,1.6281255462,-0.1627037761,0.8322025553,-1.5316661435,-0.6903100674,0.1520394135,-0.7012999886
503,0.6232778579,2.2791658401,1.1793756795,1.1331233401,0.9545428654,-0.7020664292,-0.2954029183,-1.4496053999,0.0693230877,-0.6344350915,-0.7150827577,-1.1600961257,-0.6108735170,0.5538125394,-0.6171773803,-0.8131333648
504,2.4528282855,1.1870668103,-0.2962772309,1.2049140959,0.1459041165,-1.3839842994,0.2138582560,-1.0862990898,1.5798710558,1.1612125519,0.9789043681,-1.1592445218,-0.3403618172,-1.0083663697,0.4263120740,-0.7984756091
505,3.9241648668,0.4484762317,1.1380173528,-1.0532037148,0.2293603431,1.1992955900,1.4026103620,-0.8569729237,0.4497457196,0.6518198570,0.5877807830,-2.1881912919,-1.3618523913,-0.3096143534,-0.1631322223,-0.0326728648
506,1.7431152376,0.5649130082,-1.0850703094,-0.0230836434,0.3056934662,1.5311831527,0.4556332810,-1.5115283637,-2.0257176626,0.0784637884,-0.1365460046,0.2913946100,-0.8739164592,0.7240835550,-1.2804716955,0.9938860652
507,0.7883575500,-1.2766982329,0.6059743987,1.8107520465,1.0469989080,2.2146634241,-1.1774595177,-1.4031815895,-0.5419115934,-0.2647482187,1.7154455601,0.1591946304,1.2639384342,0.0254786049,1.0579366021,0.6426356025
508,-0.2254567917,0.2369086662,-0.2034093959,0.8520869879,0.2255694570,1.1005139468,1.0894887619,-0.9083400140,1.0661084379,-0.9576527031,1.9556046026,-0.9337155556,1.0641227748,1.2982140975,-0.0068607029,1.2760924149
509,1.8994035426,0.2351006294,-0.8152288145,0.6111853331,0.0438554171,-0.3195795590,0.3873681668,0.2291178891,1.1141832163,-0.5257794824,0.3610296518,-0.4735069952,-0.5045650173,1.2884067244,0.6905026700,-1.1492430195
510,1.9072851821,-2.2104639745,0.6758994813,0.3432690251,-0.5093188845,0.2592179749,0.9711174695,1.8378654139,1.0950501861,0.5490837131,-0.7727636539,0.1568255520,0.2608376431,1.7834400336,0.4109744829,-1.1149686336
511,-1.4863414503,-1.7478121210,-0.4448474353,0.4735826602,-0.7129509328,0.6012403840,-1.0520185861,0.0292614772,1.8129685212,1.2288750401,0.4942185102,-0.1699419820,-0.4148617131,0.6846693516,0.6412937803,-1.0025000542
512,-1.5292168945,-0.0719072274,0.2907846151,0.3944072317,-1.4296107037,0.2670037445,-1.5459758908,-2.1966390693,0.2445852663,1.6066978118,-0.4155768102,-0.0919896293,-0.0755260515,0.0894713511,0.2501632053,-1.4197334628
513,-1.3424021374,-1.0465059334,-0.3081723136,-0.5325702494,0.0756636801,-0.8577947595,-1.3016150017,-0.3040749653,0.8169450945,0.3723910761,1.4733860839,-1.9066142281,-1.5836314138,1.0412134492,2.1892432388,-0.1750229216
514,-0.1699229059,-0.2990628846,-0.4462025975,-0.4908842758,-0.1660865019,-0.3010281489,-1.1396490605,-1.6345133172,-1.0704842141,0.5293167180,0.2457592750,-1.9562059430,-1.3296567596,-0.7919052177,-1.8748981180,1.3160128449
515,0.1894069543,0.3456856563,0.3438902122,0.0751773286,-1.0955670922,-2.9691669840,0.6489491725,-0.3596384895,-0.2571165829,-0.7655892504,-0.9394305753,-0.9974139455,0.0959758452,-0.5668620918,1.0596706916,0.7871376060
516,1.4081350830,1.5821434916,-1.8211878826,-0.5445482095,-1.5741501319,0.6526055060,0.8132550110,0.3865885051,-0.5546669063,1.9848863226,-0.3306207077,-1.5236177492,1.5740627895,-1.0569066490,-0.5697270655,-0.1625693863
517,1.3556256952,0.3119159396,-2.3057749005,1.0007587953,-1.0033420761,-0.5204793817,-1.0226595410,-1.2444158425,0.5196969754,0.6564495619,-0.2786616041,0.1872313154,0.9705257828,-1.0466540258,-0.8498260195,0.7158249008
518,2.4848759407,-0.6255273565,-0.0137657945,-0.4563959122,-0.9143083986,0.2694418109,-1.2534786952,0.7391753963,-0.3527665224,-0.7684524484,0.3592392583,0.3926502483,0.4020597068,-1.0862423663,-0.3258875276,-0.5384046947
519,-0.4539934619,0.7986700893,0.1139051794,0.0988200922,-0.4741234653,2.0765318768,-1.1058806966,-0.3240461056,-0.2204062553,-1.5697813625,-1.3447839753,0.1284656381,-1.0211842397,-0.3070778611,0.1987379172,0.8612483872
520,-0.2459474790,-1.2029283459,-0.9599221522,-0.0316258886,-1.1967518897,-0.7958884382,-1.3042617953,-0.2306306368,0.0305715128,-1.5011727547,0.3664811037,0.3812074500,-0.8116732868,1.5785302569,-1.2785665349,0.9500689050
521,-0.9581789415,-1.4118731927,0.0096189844,0.5368042487,-1.2312187904,0.6805234265,0.8028591657,0.3531839042,1.3215293637,-1.7245571941,1.7292243198,-0.6503225674,-0.0932235591,0.9256273778,1.1026104155,2.1212603412
522,-0.9330800819,0.4124788928,0.3578295259,2.9574217690,-0.0123392434,-1.1324054280,-0.3549416001,-1.0093665403,-1.1766926278,-0.9498559432,0.4907475443,-0.3558251114,0.0514158111,1.0304473096,1.2210633641,-0.3079201942
523,2.2990042999,0.1707753965,-0.6051519800,0.9708441869,0.6094118742,0.7625360381,-2.1802418773,2.9193244752,1.6431032813,0.0510688560,-0.5025567587,-0.0427029141,-0.1107548948,-1.9085673446,-1.0479463270,0.9712115885
524,0.7814838621,1.0297690113,-0.1697223399,1.2357845509,0.8134963039,0.5700083735,-1.6274804303,-1.5990863641,1.2051836072,0.6709500378,0.5254765068,0.2614917191,-0.1861068441,-1.3858397220,-0.5379461531,0.7860016069
525,1.7257705727,1.7863454248,-1.5800952601,-0.1787268426,0.7654900059,-0.5513193836,-0.2593916238,-1.1156588731,1.3987654318,0.4614261309,1.3825682208,0.2357210125,2.5074704103,-0.4918937352,0.0235160999,1.2435153723
526,4.1250568105,1.2597272204,0.2015068280,-0.3891521649,-1.7851904849,0.7131392267,-1.1772591385,0.4952467689,-0.5945812108,-0.6935809682,-0.0965644527,-0.0030142745,1.3749255578,-1.6332230667,0.6776424717,2.0592488722
527,0.0202546280,0.8156213204,0.2521503714,-1.3217445272,-0.5601066437,0.7541767525,0.7371229425,0.1845823565,-0.1711370888,-0.5017083348,0.2503168450,0.2648512105,-0.4517319985,-1.3783962191,0.5874152355,2.4544562297
528,-0.3076626741,-0.0912407805,1.0206839765,0.5802008270,-1.5351127895,-0.0142766579,2.3730037131,-0.4224716489,0.0296664266,0.1002532861,-0.8231622248,0.3533195588,0.5347693156,0.4514168888,0.8959380793,1.2258161727
529,-0.6481165061,1.4432320024,0.0186082808,-0.3055350093,0.0524935496,1.5281148594,0.3648374790,0.0415857174,-0.4466774289,2.1792689453,0.3423029881,-0.1138453123,-0.4750892709,0.8499264885,1.1270561176,0.1577751583
530,0.7486231453,0.0016779916,-0.6172102377,-1.1340180434,1.4835358921,0.2988386502,0.2282307780,1.1705552414,-0.3515601072,1.1271079162,-2.0453365351,-1.0304179626,-0.5016613410,-0.5548777252,-0.7507408415,0.4645230348
531,-0.5125091735,0.4052429732,-1.4090062745,-0.4603550364,0.9766457015,0.6138589795,0.8635002358,1.8655085755,-0.6087839081,0.6336748606,-1.5281992268,-1.2569257126,-0.0200410494,1.2317523167,-2.0648502054,-0.3632209644
532,0.8853458440,2.5814209310,1.4367382063,0.5337078356,-2.1259755557,-0.5195788172,-0.5454466240,0.7520994428,1.3312412672,0.2757679469,-0.1553019248,1.6919954558,1.0122309388,-0.9086756082,-1.2906833667,0.0104004452
533,0.6522966831,0.4360843451,-0.2385951597,0.8200771727,-1.6086837565,-0.7900505950,0.5149846251,0.1457315595,-0.6780725997,-0.8003201149,0.7890592921,1.0875391261,1.1082817845,-2.0606115888,-0.6725346947,-1.4323066445
534,0.9022503595,-1.2551190043,-0.9310996449,-0.0946739288,-1.0111431332,-0.3712266061,-1.2564380074,-0.1214124132,0.1046247952,0.9047621184,1.0548894423,0.2738426149,0.2298733127,0.7216232539,0.2936251168,-1.0710453705
535,-0.8218188956,0.5136030552,-0.4791846326,-0.3340266290,0.7671330754,1.2507483063,0.4209156631,0.3146798728,-0.5805370277,1.9104143820,-0.5492327761,0.5858468032,0.5927093509,0.4903446297,-0.2223995311,1.2863579934
536,-0.9142406232,1.0600951605,-0.7032816927,0.5952733189,-0.9817078074,-0.5049190008,-0.1352574373,0.5372410248,-0.0405255674,0.1263443716,-0.6658674619,-0.4067680133,1.0136507465,0.2099672077,0.9794657353,0.6455065424
537,1.6100952609,0.2728433253,0.3220493158,0.0475904419,-1.2655479002,-1.7775243041,-0.8355987165,1.0973699574,-2.0970986917,0.4745632376,-1.2660036569,-1.5803427825,0.1463700969,-1.1934586974,0.9081313236,-0.6826293424
538,-0.0474859209,0.3913766035,0.4907546427,-0.7433791755,-1.4861129852,0.0228980692,-1.5464987841,0.0626461737,-0.0444041548,-1.3023120606,-0.9755647709,-1.2462833436,-0.0524274300,-0.5033804809,0.4082924460,-1.8497033093
539,-1.7818460851,-1.9985853536,1.2981441923,-1.3125149436,-0.5492800375,0.2933803342,0.5765553202,-0.5096376844,-1.3548237324,-1.2814608433,1.2195342894,-0.4406546853,1.6036847572,-0.0093738349,-0.4641572303,0.8739815375
540,-3.0917138526,-0.9273284906,0.0826959182,1.1091084075,0.0050081050,-0.0225062975,1.8764661025,0.0339224575,-0.7357680969,-1.5754608406,-0.7475036327,1.3267999816,0.5119209281,0.7752946143,-1.2656267759,0.7048455805
541,0.2149140094,-1.6748070090,-0.8476073904,1.5414599031,0.6156737914,-1.5746112342,-0.5596238527,-1.1747469813,1.4677520729,-0.7822441854,0.0420702159,1.8013453544,0.8949727456,0.3956281287,0.2326485961,1.1967913980
542,2.5044019472,0.7979927933,-0.4694776498,0.0173930443,-0.7678532878,-1.3086395250,0.2209283245,-1.2723176179,-0.3979371011,1.6582844024,0.1771151767,-1.0442512143,-1.0223940135,-1.3054341332,-2.1862699859,2.0946865076
543,2.6545889591,-1.2487241851,-1.0140879586,-0.4800756208,0.9856002397,-1.6646485638,0.9739562716,-1.0646297109,-0.8071886801,1.1893706396,-0.6552420598,1.0202827207,1.9131160979,-0.4874688095,0.1600429842,-1.1956963832
544,1.8521371948,-0.3532562887,-1.1451060604,-0.4479598214,-0.1724576180,0.1940945223,-0.9178574800,-0.3992501461,-0.0564270048,-0.5595703116,-0.6979647346,-1.7733776213,0.1402933320,-0.8293145543,0.8048565783,-0.5637954616
545,0.2607069180,0.1757467595,-0.1082494999,-0.3316592912,-1.2628687173,0.8573971357,-0.5620740513,0.0543912915,1.2994949714,-0.3720921229,-1.3706046168,-1.5213936747,1.6714897341,-1.9283563479,-1.7384220597,1.7316155777
546,-0.3600514111,-1.7522012626,-0.0696187040,0.5155527321,0.0730295927,0.2971861460,0.4733690050,1.2329688599,-0.8690661505,0.3367929334,-1.0680963811,0.0568638680,1.1067294462,-0.0673196854,0.0673182665,0.3541288549
547,-1.7069684131,1.4493224154,0.3843150164,-1.6202359100,0.3944800932,-1.8057636890,0.0738585423,1.2186436964,0.1740874852,-0.4396075847,-1.0617207637,-1.5351395571,-1.7717322185,1.0991030166,1.1071652048,1.1185675157
548,0.4584837376,-0.4009497757,1.7630897844,0.5461271904,0.4347441984,-2.0372950241,-0.8607866432,-0.9540751673,-0.8807833328,1.0289005854,0.1692602737,0.4788053070,-1.2411022645,0.3072957188,-0.1911332410,-0.8129054739
549,-0.6821195307,1.1110668329,-0.9253197801,0.8594306133,0.0820001372,-0.3727905553,-0.1215323968,0.0332450545,-0.3285909601,0.8480420265,-1.0463629998,-0.6614984765,-0.7650573863,-2.2124356677,0.0852209983,-0.2484499951
550,1.4710170784,0.0225245875,0.7081960086,0.2222855527,0.1002727542,-0.6632630139,0.2029362788,2.0128315868,-1.0536605701,0.4289519012,1.2845400807,0.1703910157,-2.4869824054,0.1934636896,-1.2144822293,-0.0628529471
551,0.3928810450,0.9573409280,1.2135488216,0.9022245855,-0.0484593798,1.0070613859,-0.5715526553,1.3096514547,-1.9556666069,0.6162123040,0.3774594081,1.3381950163,0.5553974800,0.0750482273,-0.8997477977,0.3853349558
552,-1.0932043835,-0.1633360443,-0.1533710559,0.7191352603,-0.9331586747,0.5226224957,-1.0647178334,0.3086835201,-0.6070475355,1.0859775850,-0.9549930729,1.4871582281,-0.2404257165,-1.1283481706,0.2905851543,0.6252680587
553,-2.0791667705,0.7521044382,1.2603930577,-1.4238348105,-0.2123873474,0.1546538211,0.0689097755,-1.4938333861,-1.9710909125,-1.2081167236,0.7926096227,2.4124107534,-0.2016451378,-0.8646239061,0.3623690507,0.6635231050
554,-1.1914139245,0.5233783063,-0.0879049390,0.8680855287,0.6523535375,0.8138555744,-0.3984242995,0.3007255922,0.4084096942,-0.4842308167,-1.3470959004,0.2489247629,-1.5435202842,-1.3207033139,0.4246957426,-0.5570007735
555,0.4918813422,0.7038531547,-1.0977194107,2.0737584325,-0.1935343244,0.1427956586,0.3026394533,1.0599315077,1.3441294821,-2.1890519052,0.0141734688,-0.0266062065,0.4113716840,1.2553116407,-0.9805649382,-0.4089343908
556,3.1841302161,0.7746779883,1.7528287041,1.1344655680,1.6945525661,1.4335221037,0.2214082142,-0.2558309775,0.2537806999,-1.0844070463,0.2266567970,0.4319066993,-0.0208878464,-0.4349468777,-0.3270045136,1.1638334610
557,1.5332884536,-0.1281122022,-1.2645177906,-0.5775746091,-0.1952851399,-0.2543243105,0.2334522248,-1.2987084848,0.7314836908,0.1240117899,-1.3362633099,0.8844794151,2.2657901833,0.5038156313,-1.3342262890,1.7078291668
558,0.8433647287,-0.3010546496,1.6524034033,0.4303435732,-0.8793583212,0.8451058216,0.1431513141,-0.9383602447,-0.8758051547,0.7203750916,-0.4525708713,-0.7327328032,0.2748714332,0.4096611154,-1.5696412902,0.0512562538
559,-1.6403620886,-0.2349889292,-1.7282723267,1.8141118858,1.2451011835,-0.4317614411,0.8857135606,-0.4509018215,0.3141933722,0.3537870147,0.0630945028,1.2408052962,-0.7478981566,0.2762987756,0.3657668224,2.8690181213
560,2.9627964827,2.8445368078,-0.6068904322,-0.2430830590,-0.5027782306,-0.0529568711,0.1457170704,0.4631616907,0.3074191221,0.5536276372,-2.8842758820,1.1927373357,-1.8852853846,-0.7357972114,0.3310709765,-0.6171263082
561,2.2685824383,-0.7012621139,-0.5799242983,-1.0329694721,-0.7174117669,-1.1441512580,-0.8864665629,1.1466872764,-0.3520755701,1.4431720906,-0.0954454362,-0.0508468597,-0.9580194110,0.5645646792,-0.1623262108,-0.8710424226
562,-0.6141188373,0.6872513519,0.1048518751,-0.9127858461,-0.9808497558,-0.8687557875,-1.2684543389,-0.4263370459,-0.1553430775,-0.0805389125,-0.3200420826,-0.4786147355,0.2799204410,0.2397554793,-0.7309090692,0.0201678994
563,0.1225199383,0.5284786264,-1.4381858610,-2.2580740719,0.5974637422,0.6061247689,-1.1775201414,-1.7832809729,0.0281958211,-1.8006187287,0.2783095113,-1.3444482098,0.3046562888,-3.5337437952,-1.9608883992,1.5151035292
564,1.0390722738,1.6751656542,1.3881248311,-1.6626098386,0.5677006266,1.0856796782,0.5295788474,1.0630597658,-0.7249431421,-0.7756408076,-0.6990977179,-0.0203858880,-1.6954255897,-1.2297896341,-0.7460587004,-0.3106931153
565,-1.3351990453,-0.1784367205,1.7266228229,-0.6885849290,-0.5554551637,-0.8297217194,-1.7922488601,0.0393424987,-0.0191008136,0.7775640689,1.4229297690,2.5212092398,-2.0037494501,-0.0900767711,-1.2731518870,-0.5749874815
566,-3.2630090026,-0.4292671549,2.3052005619,0.5347891485,1.0819743839,-0.1176455231,-1.4129087357,0.2046375285,0.1776935229,2.2955469990,-0.3234803443,1.0589701756,-0.1549922534,0.6940139410,-0.9350027764,0.4116845876
567,-3.5020153733,-0.8010998291,-0.9388778371,0.0340916593,0.7872644654,-1.2297664990,0.7380049535,0.8083608122,-1.3355323240,-0.3067742508,-1.3692360253,1.7701052311,-1.8907799856,1.4085188324,1.1771478204,-1.0038762993
568,-0.8797306575,-0.4764967708,-0.2271187901,0.4145407884,0.7673168323,-2.2882768477,-0.3020882808,0.6862937102,0.1118593435,0.2577727784,-1.1013574010,1.0177765310,-1.6352516970,0.1649079932,-0.3686963041,-0.7915433483
569,1.0341263333,-1.4885865156,-0.2271542356,0.7247026902,-0.5445929384,-1.3639125606,-0.0737912053,1.1894995654,-1.8784393104,0.8747906047,-1.3169574357,-0.1001039030,-0.0167013968,0.0269253892,-0.7168975257,-1.0435382637
570,-1.1740147674,-0.2542485824,-1.4862363750,-0.6353702491,0.1684151986,-0.2275813450,0.7385390694,1.4070796707,-0.9116785669,1.3069117308,-0.2754503784,-0.4830241614,1.8166977145,0.7451916077,-0.0528615379,-0.8939575684
571,-0.1445188380,0.3132946274,-0.8211372628,0.0716507027,0.8780330016,1.7840015085,-0.1447202897,-0.3325825322,-0.4470303413,0.4567467128,-1.2700891690,-0.4848580444,0.7283975345,1.6360140929,0.4981620254,0.4897647691
572,0.4169009123,0.0171268389,-1.0502112310,0.6177152040,2.2902808696,-0.9928608181,1.4962924856,0.1450476112,1.0772692536,-1.1485445843,1.5478382848,0.5964925391,-0.1162219299,-0.0464424766,0.3386826786,-1.6829130607
573,3.7210722178,0.6878807993,2.0118060162,0.4258347437,0.6725306421,-1.1220313301,0.2329152160,-1.4814129951,3.1444880624,-1.5981269012,1.4389485117,-0.8782364523,0.0509335236,-1.6447158760,0.8133754301,-0.8615304323
574,3.4632189151,-0.9016927418,0.0987560547,-0.4690703902,-1.2345018647,0.4959227515,-0.4192898638,-3.2270442806,3.4027866577,-2.1098898825,0.8860848276,0.2275370827,-0.1153315688,-1.2858719303,1.9004458154,0.2318624954
575,1.2093997104,1.7394379636,1.1121059000,-1.0188135323,-2.0950603558,-2.0084194536,-0.0025297549,-0.4234614537,1.7777474970,-1.2893315408,-0.7453029604,-1.8993536277,-0.0270388201,-0.5898177246,0.6202314281,-0.8702273142
576,1.1356318477,0.8074773311,-0.5604137052,-0.9338867671,0.5189701841,0.2275392227,-0.5543748873,0.3853956835,0.1617062143,-0.1859924760,-0.7042560973,-0.4692504439,-0.0366078322,-1.2755372463,-0.0518576065,0.3448093898
577,0.8186571280,-0.3267861611,0.6127673042,-2.2761694425,-0.7100954460,-1.5404154209,-0.0303944777,-0.9728816270,0.2609766611,1.2738729746,-0.5088889734,0.2782864635,0.2647407057,-1.6139926168,-0.6939682623,-1.3061694017
578,-1.0208601051,-0.9757349341,0.1202532571,0.6748647230,0.0305287455,-1.1328223967,-0.3232431763,0.7141959472,0.7546930073,0.3593040937,0.1589311047,-0.0855542171,0.7923312168,-0.3553382515,0.4845688378,-1.6478164449
579,-0.5367392757,-0.3579601867,0.4241473707,0.1015151190,1.1789930642,-0.3212048731,-0.6793581391,0.3126999117,0.9711195895,-0.9117346265,-1.2062051314,0.5795580808,0.3967999253,0.0224814937,0.5316816255,-0.1913201926
580,-1.1364017114,-1.6281567897,-1.0130276382,1.9566242430,-0.0542119310,-1.5249245055,0.0374437144,-0.9258014825,1.5090755197,0.7964901172,0.8670050878,-0.7373973579,-0.3935536481,-0.4348461736,0.0787993033,-0.8560482640
581,1.4842654481,-0.2249904383,1.8815775649,0.9536361840,-0.4039810218,0.2851601588,1.9722751943,-2.1906549532,-1.0104850265,-0.9489500898,0.0129367636,-0.1931009701,-0.6633722744,-0.4883851063,-1.3867148668,0.0635478966
582,0.9483094594,0.4679460869,-0.1146747855,1.3666764981,-1.0425031818,-0.7201167545,0.2170801161,0.5360454355,-1.6074801765,0.2902577386,1.4101854081,2.0056949402,0.1331614963,0.2165183419,0.8482934266,1.6055453243
583,0.7846804609,-0.1699635100,-1.1693170802,-0.9056234455,0.3849977418,-0.6353306128,-1.2078044072,-0.5487730691,-0.1035298135,1.4988186986,-0.9108049523,0.1419489059,-0.6995923586,-0.5822718179,0.2186830082,0.3178570364
584,0.1292961932,2.0505446495,0.5771278370,0.2887216105,-0.4253244227,1.6893664643,0.5961692386,1.1007130750,0.0677985771,1.0101885770,0.3349556574,-0.9462336838,-1.1144291768,-1.0261793679,-0.1168592389,1.7467941150
585,0.0907657404,0.4579964513,-0.1063127614,0.2730605255,-0.1202159528,0.2838060674,0.3539154428,-1.4862743022,0.7024009873,0.6350287594,0.9423327979,0.5228012894,-2.3550301981,-1.1801532870,1.0830740471,1.7566712124
586,1.6698382083,1.0636489177,0.1722142673,-1.0836371534,0.6752052349,-1.8384825051,0.5214275713,-0.7739641794,-0.7621676617,-0.1249048033,-0.0636795068,-0.0156238226,-2.3601475316,-0.4805527696,-1.5783137655,-0.1086736343
587,2.3014016559,0.2236610567,0.1174250754,0.0965057005,-1.0244486080,-0.7525098048,0.2695333856,1.4333048013,-0.1983390725,-2.6888292318,-0.0609832551,2.4133399713,0.1858475434,2.2004716243,-1.4114666009,1.8799220547
588,1.3739584554,-2.3443905646,0.0019066592,0.3436918421,0.4349520416,-2.2006635180,0.5667816945,0.5551437638,-0.6071718574,-0.7585854259,0.5943622992,0.9900037288,0.0824234293,0.8705323934,-0.1035771511,1.7757797706
589,0.0851008382,-2.3472214583,-1.2199842318,1.5478785150,-0.2207483733,-1.6940838349,0.2142038887,0.2694929755,0.8993557433,-0.3840491719,-0.5415275845,1.7568158316,-0.6738694290,0.8169115687,0.9347018811,1.4570440343
590,0.3012904896,-0.3300091364,1.5417911493,2.2221115820,0.3359802436,0.3975032394,1.5019243396,0.2957380843,-0.3750548756,0.1788437178,-0.7858624961,-0.4902368656,-0.1951059930,0.8601388944,-0.4188986384,0.1116401715
591,-0.5455460245,-0.2241271588,1.0112267217,0.4284512078,-0.2458501221,0.2061370288,-0.7664397334,0.3520564497,0.0778715451,-0.8283195788,-0.5367869841,0.4481679078,1.1727289872,-0.2684677649,-0.0796780099,0.4741330308
592,-0.4138121282,-0.9786510540,0.8328643580,0.4634262922,0.4134212501,1.0621087797,0.9162197170,1.6107398669,-0.5440870935,0.3803168078,1.1206235694,0.2138629351,-0.2891988156,-0.4390499049,0.1337920837,0.5817675457
593,-1.6494191466,-3.4727905548,-0.2358303408,0.0973750320,0.2694044254,0.6740210006,0.0339217425,-0.5351763756,-1.6442428155,-0.3220430201,1.2171717090,-2.1444485094,0.7136292753,-0.6802004184,0.8242722622,1.8027604068
594,-2.3757582959,-2.7564108584,-0.3756801864,0.2247943564,1.4828292528,-0.1477524824,-0.4855342731,-1.3090123574,-2.1299461309,0.5462783439,1.2836231331,-0.4030533408,0.3352963236,-0.1432464405,1.0001869928,0.0988061183
595,-2.4239662626,-0.8704927438,-0.6599539804,-2.1685481723,0.9125444455,-0.7343157995,-0.3869561185,0.9075890664,-0.5186954159,0.7975695328,0.0158005662,-0.4164699452,1.0973622268,-0.4010779453,-0.2210875418,0.4092258368
596,-2.3884383743,1.1621051619,0.3843486115,0.7714570214,1.8933321782,-0.7659055451,0.3121066891,0.0169891425,0.3544479185,1.7031748362,-0.5792400808,-0.6958525161,-0.9249040695,0.0696394517,0.6602657460,0.9411087014
597,2.2386308381,-0.5505384183,0.5597085109,0.5771428507,0.2195484565,-0.0099183137,-0.4819866801,-0.5892548863,0.7945298092,1.7745908861,-0.3269390639,0.0252497775,0.0874866006,0.3539518196,0.7050532965,-0.0336058334
598,-0.8383484052,-2.2764235036,0.6544948762,2.0066142566,-0.2229955216,0.5539852500,-0.1361856935,-1.1731312285,-1.0917204114,0.0596463446,-0.1822664130,-0.5889180119,-0.8808029135,0.8360103944,-1.0452605023,0.1404546477
599,-1.7221107804,0.5072917446,-0.1326881635,-1.8718347038,-0.1610986098,-0.6883810968,1.0882750798,0.4116266027,-2.1099944699,-0.7972285647,0.8342259299,-1.5813460113,-1.0915863384,-0.8042602578,-2.8145054259,1.8078923485
