step,target,strong_1,strong_2,strong_3,medium_1,medium_2,medium_3,medium_4,weak_1,weak_2,weak_3,weak_4,noise_1,noise_2,noise_3,noise_4
0,-0.5774518689,-1.5084947131,-0.6516136887,2.0544083734,0.2726207473,-0.9807762641,-1.0722619745,0.5169298889,-0.7567639413,0.4578893761,-1.4331666136,1.0582645070,1.1577077820,-1.5210636647,-1.0516390048,0.7168544742
1,-0.7659238308,-2.0805888339,-1.6039771166,0.7958708576,0.6189110844,-1.0467858172,-1.4795389857,1.6828397687,-0.5730701739,-1.9966326720,-0.8598143307,0.7903006702,0.8732505070,1.2635840790,-0.4520304491,-0.6071713241
2,-1.5299982825,0.4901711751,0.0123383280,0.3789517284,0.9182165155,-0.6719634984,-0.2617164067,0.6680274847,-0.6688422131,0.7927227691,-0.1782642047,0.1287347279,0.9529704756,0.0311654043,-1.5119002484,1.3945342199
3,0.0984249599,-0.0911415790,1.2273453335,-0.3039253421,0.9024823724,-0.2514545736,0.8639532344,-1.3296082964,0.0556508998,2.2101522511,-0.3403856585,0.7105476830,0.5897889251,2.0405823600,-1.3949181946,-0.3286742013
4,-0.2773369540,0.2150375662,0.3885683130,1.5404822980,-0.3192639550,-1.3309458415,-0.3971242461,-1.0445286704,0.9864268351,0.7817042674,1.4826097079,-0.8300513563,-0.6952310058,0.6145079893,-0.1170003019,1.6183322301
5,2.1635244236,1.3315334992,-0.5728977015,0.3193824156,-1.0948989911,-0.9589280381,-0.0100469712,-0.1089928400,0.1143707728,0.6741053169,-1.6737098044,0.1985389944,1.1546990728,-1.6716158105,0.6764168733,0.9312367272
6,1.7777993432,-0.6343189281,-0.2423428980,-0.4332286164,0.2717845615,-1.5224148509,-0.4616769393,-0.2680392272,-0.2448551583,1.4564108632,-1.0206010158,-1.6194194143,1.7155664676,0.1288086944,0.0195408458,-0.3236628263
7,0.0880364583,-0.0504598013,-1.4129025386,0.4019656533,1.3302224403,0.5956823664,-1.0861559685,-0.5020933183,0.3767320013,1.2115101466,-0.0512899922,0.1190296353,-0.3366939327,0.3502046975,0.2692314577,2.7941844649
8,1.1725334640,1.5054417023,0.3230842434,2.0682150021,0.8802974320,-0.9706868268,-0.0000248013,0.6005315152,-1.0879294293,-0.7481287559,-0.5911355524,0.5012224700,-1.7783435047,-0.1703687948,-0.1603089053,-1.6583364283
9,2.7931746894,0.0501601446,0.2541827116,-0.0049895118,-1.3316097021,-1.4821901853,0.0121176665,2.2578852977,0.3178488543,-0.2519392802,-0.1022424093,2.4222640441,-0.4824885585,0.6581917040,2.2629607405,-2.0182923114
10,0.7474535952,1.6314313949,0.7129590389,-1.2373832226,-1.0384853161,-0.7713385098,0.5935616481,0.6826720368,-1.0206295838,-0.0665455272,-1.5991120227,0.3943223801,0.0497470496,-0.0971955593,1.2438320203,0.0027887503
11,-0.5907252458,-0.6362907263,0.8155837651,0.7591779419,-0.2846552595,-0.9430116379,1.4831604458,-0.0246836087,-1.7280014182,-0.0934026721,-2.9455605508,-0.3081073765,0.3762413095,-0.0815154976,1.0875948221,0.3923324401
12,-0.9423251864,-1.4767856319,-1.3731233711,-1.2414667406,-0.4423069822,1.5926960763,1.0453542156,0.4232091287,-0.5034336131,0.2295795534,0.6730264161,-0.3156933229,0.6500746923,0.5307713021,1.6737796344,-1.4117725235
13,-2.2708735084,0.2519583606,0.9685610157,-1.4274862498,-0.0338875138,0.9217994414,-0.5484470996,-0.1129501714,0.3300103432,-1.3472946083,0.7254412134,-1.4555546382,0.6373318669,1.5455751666,0.4377030557,0.1700753243
14,-1.7059556457,-0.6498041955,-0.4516485659,-1.6694106141,-0.7268397536,0.7027809864,-0.1876559000,0.4946190215,-0.9441566457,-1.1441000481,-0.1381639619,-1.3298129121,0.2314086732,0.2945242641,0.7022287907,-0.3649404668
15,-1.9915415212,-1.1647061278,0.0537833252,0.5259869623,0.0202093827,1.3685361237,-0.7012362146,0.6098948891,-1.1053856060,-0.8224040957,-0.3346077534,-1.1778129474,-1.5583328618,1.2870591405,-0.7617206811,-2.3936261989
16,-2.3963666872,-0.6211414674,0.4846494610,0.0925422705,0.5715410928,-0.7919081813,0.5868815229,-0.3825930524,-1.1966943985,-0.7609659186,0.1100064649,-0.6271450050,0.2851764287,-0.2865532003,0.9197846238,-1.3176201407
17,-1.1704138996,0.8282306663,-0.7136758112,0.4080632805,0.5461833938,0.5964894774,1.6189184965,1.0502302878,1.0515227905,2.5202245864,0.8639713484,-0.1694961049,1.0688354222,0.2970933652,0.8226960376,0.6729591303
18,0.6304303487,0.9869165397,0.2739013024,2.1667446353,0.5855925427,0.0976779292,0.4868441970,0.5272747528,-0.9722435313,0.4561633776,-0.4936622139,-1.4566550689,0.6998703052,-0.2467679582,0.5714105072,0.4512535436
19,1.5591651211,-0.7801630329,-1.1672380979,1.9456547165,-0.2957834690,0.6748037212,-0.5883219169,1.8978251316,-0.5184670817,-1.7703955391,-1.1952631558,0.4609719934,1.5695182336,-0.2808984140,-1.1522911355,0.6666093162
20,0.7220377879,0.4597958078,-0.6615349550,0.5488348273,-1.1535253051,-0.2853989364,-1.3701972778,-0.6789962673,-1.1437336420,-0.2588321395,-0.0136496670,-0.6505691825,-1.6436607882,-1.9606465655,1.8972689754,0.3152742676
21,-0.2197059161,0.1739669029,-0.4725282671,-0.1532905051,0.1844675867,1.6528563878,-1.3109902227,-1.2115382294,0.6542623680,-0.6059180138,0.1991118758,-0.0368586269,-1.8531615847,0.6943330108,-0.9372437823,0.6844536369
22,-0.1611655726,-0.9791109686,0.0090361251,-1.4630646635,0.7082842670,-1.4164571967,-1.2361847198,-1.7872961237,-0.2700771900,-0.3862211711,-0.7842451181,-1.1368643563,-0.2928756917,1.4054664051,-1.1544433497,-0.4422686545
23,-0.8040309223,0.4826552309,-0.5541658546,-2.4909918818,-1.7441500423,-0.5596753611,-1.3965774929,-0.7659636246,0.6046096927,-0.3737588759,-1.8325103348,-1.5325596364,0.5258519476,-0.2820312488,-0.3305670562,-1.6179951168
24,-1.8339021368,0.5779034117,1.4454872197,-1.5561454990,-0.3188338180,0.5426775477,0.2248733224,-1.3838461853,0.6023222608,-0.9202104619,0.3151064451,-0.6224683170,1.4097975626,-1.9109682729,-1.4738376229,0.5407655184
25,-1.5530710477,1.6564640641,1.8137728419,-2.5120325441,-1.2138505349,0.4716982526,-0.1797569494,1.5519460884,0.0417864859,0.0949250975,-0.0167151636,0.3850287114,1.0013066714,0.5069639416,-0.6147799124,-0.7122981423
26,-2.5816138064,-0.2227825031,0.9028532682,-1.0061095741,-0.7028040593,1.0683765257,-0.1352437382,1.2675962764,0.2180786994,-0.7566349023,0.5690935721,1.5441593706,-0.4692621955,0.2872293381,-1.6290726491,0.6856978205
27,-2.7122052226,0.2690724624,-0.1240706447,1.2319570574,0.9773332943,-0.0992163528,0.6592261487,0.0219744456,-0.2835923543,-0.5093827208,-0.5809582203,-0.9407520944,-0.3113650556,0.5137087595,-1.9281316320,-0.8153610431
28,0.9918479604,-0.4762340967,0.2114221559,1.5236272306,-0.6136558654,1.3822813317,1.4148374690,0.8411510786,-0.4490636659,-0.0119006704,0.0163449614,-1.0923583980,0.4341019259,0.4043059300,-0.4103261964,-1.3268012552
29,-0.1879270817,0.8576493396,-0.7190710223,-2.0581482024,1.7842969388,-1.4187120477,0.4756481716,0.7024361468,-0.5431910143,1.4743146928,-3.4058378623,-0.1444699670,-0.0858827755,0.8944959557,0.4679547493,-0.2259290713
30,0.6806747643,1.4122343903,0.3577798264,-0.6750515993,0.8481727083,-0.7731323786,-0.0496461451,-0.9856966089,-1.7997314410,-0.8504409590,-2.4705908644,0.7837844216,-1.3528001016,0.5122441002,-1.8562468938,-0.5601604368
31,0.9866815037,0.5429266852,-0.4853312488,0.0040009856,-0.0601085338,-0.2285660021,-1.3704417804,-0.8606414173,0.2526187721,-0.5781799873,-1.3760388116,0.0531600738,-0.1629240741,-0.4284973528,-1.9326694484,0.4092641272
32,0.3469922225,2.2476114393,0.8734451325,0.3002900619,-0.7765456656,0.3609718639,-0.3666439879,-2.4573648279,0.5165509868,1.0079157666,-0.4213718776,0.3211472072,0.8037808442,0.4170925635,-1.9613418707,0.6798800373
33,0.6696577200,0.2181211691,0.6449239414,0.2620829002,-1.7524120035,-0.3196281378,-0.5806567526,-3.1760840867,0.1579261023,0.1681338348,-0.8909801437,0.9081760948,1.4492333513,-1.1464337407,-0.5365431977,1.1904747623
34,0.0814295915,-0.4619894602,-0.0698256080,-0.7796947568,-1.1970999484,1.8709905236,0.0256525796,0.1095447641,-0.8235601079,-1.0592179883,1.5312789609,0.2888558953,0.3476559093,1.9065390412,-0.9295697496,-0.4432930432
35,-2.1073064268,-1.2950538364,-0.3341955225,0.3027049890,0.1608411633,0.4468988599,-0.2683181050,-0.5461497781,-1.9206133506,0.5229148141,0.9406328795,-0.2577200911,-0.2666405770,1.9691555694,-0.7682579391,0.9719785507
36,-1.2956013085,-0.2805222114,-1.0538601105,0.2591638120,0.8752281484,1.9795347104,-0.8060187300,-2.1900236152,-2.0718761891,0.8346243216,-0.5879973355,0.7435553948,1.5044123518,2.2858513204,-0.3205581204,-0.8469733815
37,-0.7329774581,-2.1924343844,0.2318872849,-1.0196457792,0.5629817854,-1.3747073474,1.1290911090,-0.5717516177,-0.0235741488,-0.4879227408,-0.4279302812,1.0563226224,2.7001644309,1.7743060072,-0.1623773255,-1.6731711983
38,-1.2113826573,-0.0454186952,-0.0467705768,0.4271745390,-0.3901781089,-1.4306192496,-0.0523593709,-2.3560238354,-0.0600118369,0.2007264140,-0.0925594071,0.1742763417,0.8538616384,1.0306645047,0.5534282011,1.4131610439
39,1.5039099716,-1.1940168947,0.1746282777,-0.5876525878,0.1396583959,-0.2120916129,0.0480162039,-0.8744532661,-1.8920255351,0.3582986663,1.1357981348,-0.5670933823,-0.1410553051,0.2862738333,1.5683053165,0.0737013863
40,-1.4151360663,0.2854620586,-0.8768160379,-1.0332172192,-0.6742698742,-2.6203090670,0.5582328429,-2.2239323894,0.6136810958,2.1170482204,1.2815547647,-0.1803326308,-0.2769432712,-3.1126932066,0.3086556012,1.8472326247
41,1.9857762783,1.6015453744,0.3875268458,0.4461614042,-0.5511549636,-0.6439529886,-0.9735129035,0.2362208136,-1.0952149239,0.8780772902,0.8551188946,0.2587406889,-0.9174243456,-0.4534317796,1.9944829394,-1.0782358707
42,0.6427378625,-0.0642222753,-0.1997297714,0.5519407947,-1.9644814587,-0.8963704897,-0.0961877440,1.6658476091,-0.2271921482,0.2181701104,2.1703137198,-0.3551182270,-0.1390525228,0.5717477557,1.0555243840,0.4090577497
43,0.5363081013,-1.2976846576,1.4242422291,2.1079469061,-0.1383606214,0.7248141354,1.0517593915,0.0260815260,1.0561528097,-0.4309477495,-1.1815906337,0.6670730304,0.5719844990,-0.3165239798,0.0253345738,-0.9652919035
44,-0.4867001933,-2.1830317342,0.0931866763,1.8014019416,-0.0870883418,0.6099214990,-0.4128502504,0.1347917776,-0.0140016374,-0.3950422028,1.4283239011,-0.1007395433,-1.6023286505,-1.5438243640,1.8466426330,-0.0608134676
45,-0.8037629940,-1.7904926572,-1.7760818500,1.8161176716,0.4349640620,0.8556809570,-1.7019627309,-0.6212313262,-0.8265466433,1.0891968725,-1.9267568891,0.3682681832,-0.5654094072,0.8385623484,-0.1625981289,0.9063613967
46,-1.0344664237,0.8468553814,1.2541792177,1.2801953099,-0.0573630331,-1.0588345044,0.5737611246,-0.7160826852,-0.7775182171,1.0764488342,1.3098680779,-0.6088409181,0.2068046355,0.2619184063,-2.2235077618,-0.2258326324
47,0.3601164574,-1.0950684198,0.8712018139,1.4350583239,0.5165856089,0.1633984946,-1.3104821068,-0.9934818736,-0.3957781457,0.2344652705,-0.7070146575,0.4513405721,-1.6345742150,0.0480668817,-0.5204033150,0.0722097863
48,-0.4241127902,0.1902022322,-0.4068872316,-1.7777598973,-0.0429832277,-0.0300622719,0.2164272557,0.1636617350,-0.1442118455,-2.4615833542,0.4492653164,0.3711806749,-1.8384555055,0.3062526466,1.0491238478,-0.7344359462
49,0.4334575898,-0.5211236922,0.9995491202,-2.1269544983,-0.2329734716,-0.5360843826,-0.9050543452,0.3354469566,0.9872968404,-0.2380345717,-0.5991227286,-1.4332799304,-1.3779561516,0.1778570416,-0.6236262130,0.6824857343
50,-1.5255956307,-1.1389325037,0.6074986555,1.9431304945,0.8597110185,-0.2020830949,0.0597017226,-0.1222242868,0.8765235625,0.6369872579,1.9248227220,0.4968068263,-0.0974393862,-0.8349301245,1.3029768676,0.1634158294
51,-0.4295616344,0.8240087194,2.7703317788,0.2036183742,-0.1084822434,-0.5805651947,0.2868044459,2.0578262491,-1.0797474560,-0.1160449942,0.1930921615,0.2721503394,-0.7352379345,0.6954929241,-0.0122184515,-0.1936174017
52,-1.7924094745,-0.8327937684,-0.2659011202,-0.9365689778,-0.6952234658,0.8206759123,0.3932588737,1.0719008820,0.4837967598,-0.2860077065,0.3255942257,0.7675970247,0.2379562031,0.2657902303,0.7117917130,0.1665203037
53,-2.1462602679,-0.2486613090,-0.7481218820,0.8461851238,0.0104379783,-0.2005767408,0.1559513636,0.3640304305,-0.5281428311,-2.0033806072,-0.4487955435,0.2927885808,-0.2790181627,0.0449624552,0.2802170960,1.6493338960
54,0.3120526936,-0.2387411308,0.3248975681,-1.4826284996,-0.4597510841,0.8987957504,0.2167599637,0.3138398717,-0.4215620525,0.3799784288,2.4156531824,1.0018170428,-1.2022075803,-0.4874647136,-0.2877695389,0.3995897189
55,-2.8094740772,0.1859777174,0.0401741660,-0.4376962027,-1.1206573270,0.8588586659,-1.3832911615,0.4700961897,-2.6221495916,0.0977666763,2.8801660949,-0.4212032022,-1.9861531424,1.3405556328,-2.4994672001,0.3644386931
56,-3.2684721669,0.7294298429,-0.0855439910,1.3583817968,2.0245602335,-2.4251355759,-1.2338123229,0.1772051350,-0.0088102760,-0.1146579435,3.0271364279,0.2443000450,0.1451273393,1.7109264154,-0.7235094487,0.9687788460
57,1.9745779349,0.2394820716,-2.0789050251,-0.1642778500,0.1861865798,-1.1305640009,0.6475176593,-1.3831476666,1.1935317720,0.9855893740,-0.6352336806,0.9002592856,0.1258541867,0.2196577505,-1.9224858221,-0.0671621153
58,2.9963446969,-0.3121845396,0.0855994890,-0.1618200046,0.1649783767,-1.5280403185,1.1765217323,0.4902524658,-0.0324291560,-0.4276010611,-0.0157519414,0.5880324673,-1.0473702038,0.2731796234,-0.2464785737,0.0470323680
59,0.4467115116,1.9951294123,-0.2907344546,0.0761219477,-0.6661719972,0.8645697998,0.7355543092,0.3152630325,0.6992570955,0.4300925466,1.1976084668,0.4414978449,-1.4994839128,-1.3584585449,-0.0666250541,-0.0314498280
60,1.3163138646,0.0233496289,-0.9248108984,-0.5284932436,-0.3828255078,-0.5177755760,-0.6025356791,-0.0611938902,0.4442905266,0.1152227384,1.5913906879,-0.5361861222,0.7450375206,-0.5844689210,0.7715425812,0.7167955674
61,1.2137816620,-0.0385594984,-0.1726317181,-2.0193072891,-0.6538211490,-0.9170927075,-2.7029580450,0.1724106575,1.0539442929,0.3934115241,0.5640405964,-1.6126557399,0.0937818933,0.5893707831,1.6947607231,-0.8683215384
62,-1.4600427044,-2.1001298033,0.8303885392,-0.1847969001,0.2870687801,-0.3857028851,-0.5450673887,-0.0146490472,0.2724896620,-0.9638826868,-1.6135004879,0.6766781397,0.3726062568,0.9126749693,-0.8213044429,1.1784390638
63,-2.9834636511,1.0897025238,-0.3194703331,-1.8812974972,-0.0377196673,0.4752025409,0.1658744415,-0.3082050328,0.5776199015,-0.5150608047,-1.8977708284,-1.5026990833,-0.4843852530,1.0614903057,-1.6976107631,1.8719141892
64,-0.9090933665,-1.3201254026,1.7463652591,0.4542006640,-1.8546319667,-1.0667340037,0.0116848871,-0.6859652802,-0.7748558388,-1.0099662151,-2.6558797813,-2.1269136966,-1.0309474089,-1.5964830949,-0.4180844172,-0.4336842102
65,-3.0656844925,0.2453432609,1.0371816300,0.0694180652,-0.3169309252,-0.4446552660,0.5563654361,0.5132871877,2.2130534891,0.0777827299,-1.1116138096,0.1269040273,-0.7948010958,0.2510418273,-0.9488020111,-1.7598331903
66,-0.1381632148,-0.5726668558,0.5452878940,0.2242067192,0.2395428239,-1.0641638582,-0.1399569247,-0.7096751088,0.6880887579,1.9181714378,2.0819413208,1.8306048039,-0.3963959143,0.5598238911,-0.5333969741,-0.2797465210
67,-0.6801801334,-0.8530658045,0.6123630529,-1.2669095132,-0.0286756017,-0.2970108348,0.3528380527,-0.3751632480,1.2338172686,-0.0509642676,2.4640707418,-1.3918811142,-0.2825908241,2.1615754325,0.0974753068,1.2284784635
68,-0.6566732159,-0.6288048931,-0.2239524816,-0.1776051614,-0.2134252551,0.4224343532,-0.5468675668,-0.7958917349,0.6994324570,1.7856014815,2.2016648934,-0.5301024517,-0.4447068258,0.3158528350,-0.3374121167,-1.1982200466
69,-0.7851019783,0.1063356831,0.2795740055,-0.7656503881,-0.6473187750,0.8731316212,-2.1910504911,0.6638161259,1.0948666692,0.2797846721,1.1077766579,0.8277669160,-0.3578854911,-1.1085782032,0.7514721771,0.2573872947
70,-2.2167610453,0.6108295932,-1.2526351197,0.1847058454,-0.8991026743,0.9944822119,-3.1176127512,0.1202044734,0.9005849568,2.0970112585,0.8914692588,0.6769222413,-1.1393167803,-0.3947006735,0.6425281067,-0.1305857387
71,-1.1940017828,-0.2248378544,0.6568553255,-0.8090396109,-1.7146775716,-0.5937178339,0.0807446071,1.3282764676,1.7109614147,0.6302558905,-1.1264620793,1.0550490348,-1.1666261613,-0.1509246128,-0.8799809395,-1.7086127582
72,-1.8199129165,-0.6908212514,1.3009680401,-1.5797919076,-0.7986994939,-0.9438415127,0.3594202962,0.3504281675,-0.6790987856,-0.4054102013,-0.2350928395,-0.9019863434,0.2326052779,1.3778996638,-0.0068241371,0.2619545512
73,-2.2873895587,0.3686045599,-1.2822512242,-1.4250945518,-0.5249317437,0.0623975963,0.5497361015,1.5245474814,-0.7229661833,0.1581692760,0.3151147533,-1.4180043125,-0.7138285887,-0.0368595542,0.9098854521,0.0119557351
74,-0.5094725349,0.4023407637,0.3864737994,-0.2118354838,0.4075608936,-1.5471865948,-0.9253336132,2.2544967690,-0.4408337935,-0.5712301695,0.7173859242,1.0797883290,0.4561073811,0.6818304667,0.8660178374,-1.8668167227
75,-1.2921477663,0.7559942719,1.3501725084,0.2684912285,0.8258662483,1.1184961701,1.0430712605,0.7409762141,1.3325467008,-2.0450663999,-0.6709038065,-0.7090385277,0.2284771003,0.9847550717,-0.0085085198,-0.3309074095
76,0.1356955820,0.2619010178,1.7766246925,-0.8989851243,1.4572820023,1.5718269974,-0.1970497419,-0.4539729347,-0.3353741664,0.1825539846,1.0309756566,1.5963219151,0.7829471954,0.8032551835,0.0937073905,-0.4561686106
77,-1.5040799351,-0.0825130262,-0.3417421957,-0.2184005234,-0.4893287959,0.9346982049,0.3293293816,0.2387205043,-1.0128376129,0.8267914544,-0.1585867818,1.6416611359,-0.2392913836,1.4260865664,1.2581068107,-1.0860583408
78,-1.4479160557,-0.2703164244,-1.5157546855,1.4057392960,0.1809943212,0.5840498063,-0.2855488630,-2.4846755149,1.0475267602,-0.3460465202,0.4875716294,1.2198801097,-1.1967451062,0.6844288896,1.3305779468,0.2425383777
79,1.7345648693,-0.6785863249,0.3242700745,0.0040292411,0.6785156970,1.4611732143,-0.1047085225,-0.2672465459,0.6345798778,1.7833380253,1.3629854352,-0.0629333525,0.0280618966,-0.9703410909,1.0656689891,-0.9357604846
80,-0.0077591419,0.7072165861,1.9504783700,-0.8591432747,-1.0898734652,1.0376557436,-0.5862866689,0.1738080714,1.4716772901,2.0935843354,0.7926834030,0.7516514927,-0.8537023197,-0.6155547465,0.4552125918,0.2394240521
81,-3.0806511316,-0.9823499743,0.7558942391,-0.4944835282,0.0532774398,0.4567849945,-0.9567711621,-1.2912010032,1.3310300990,-0.7386771089,-1.0668931589,-1.8676701117,-0.5956609820,-0.2866782065,-2.3567825345,1.2003116247
82,-2.0135612039,-0.6386750888,-2.2362745911,-0.9507163890,1.0838006870,2.6533794035,-0.9155333599,-0.4266668123,-0.2488568358,-1.0490831891,-1.4900515983,-0.1629449604,0.2618543615,1.6005659497,-2.7056279109,-1.0162069620
83,-1.0325420514,2.4633486876,0.8540268315,0.3234122018,0.5831700619,0.5493603860,1.4151283113,0.1717233336,-0.8533765700,-0.5205634738,-2.0458115436,1.1275677007,2.2394415816,-0.8611091220,1.7611332065,0.2048459496
84,1.6907691550,-0.7373377008,-2.6948512035,1.0669935289,-0.6976939409,1.8549330228,-0.8487468350,0.2863141591,-2.0943519453,-0.0909788958,-0.9201134946,1.6237076210,0.1921424843,-1.9735692247,1.3174606606,2.4690446543
85,-0.1965795570,1.1133974890,0.6375706523,0.3420058648,-0.6198856571,0.8442268013,-2.0993597212,-0.8324249866,-0.8697851189,-0.5571501274,-1.0355507152,-0.0551514853,-0.2632094381,-1.1581032426,1.0126141119,1.4685444732
86,-0.7918650490,1.3024715796,0.7493370834,2.7115155976,1.0499462664,-0.1029364517,0.4146590968,-2.0176309270,-0.8994539926,-0.6635077268,0.2564845317,0.1570431924,-1.2400642218,0.2378069632,1.8758563823,1.0670051898
87,2.2968605855,1.5238380495,0.6658615752,-0.3414255664,0.4177519096,-1.6010386883,0.4532350082,0.3991080142,-1.8168816630,-2.2363900610,0.1042339862,1.5212156992,-1.0988742196,0.4971469267,0.5358446739,-0.4036154856
88,2.2835889424,0.7708710007,-0.3169247899,0.0803411512,-1.2390340743,0.8449725987,-0.7459297097,-0.0621844053,-1.0361879651,-0.6226925034,-0.4830242676,-0.6302262769,-1.2028570835,-0.0548214083,-0.3581554541,1.7606375562
89,1.3578023575,0.9606221827,1.0827854412,-0.2371983010,0.8383945556,0.8816244357,1.0471580357,-1.0735617567,-0.0301356393,-0.4091675954,0.9250120733,0.0456080010,1.2772601780,1.6753781350,0.3815418668,-1.4367584143
90,0.6566923854,-0.4264385942,1.1738423171,-0.9664210759,0.9314146341,-0.2307420190,0.6912593480,0.0868306460,0.7389050531,-0.0860709506,0.4451972283,0.6717746457,-0.6925542504,1.9110097836,-0.2349399472,0.8717938943
91,-0.3248466659,1.3590143291,0.1447616416,-0.1435149775,0.5643921820,-0.8577610562,-0.2855026490,0.5355674805,0.6254047880,0.1725584741,-1.5862321879,1.5385849610,-0.4091001832,0.8424121936,-1.3356195889,1.3895170585
92,0.0104574285,-1.4512237392,1.3150661691,0.3617030048,0.5174556834,-2.0297581691,-0.7955916859,0.5625720172,-0.0397952368,-2.4701764013,-0.3846762353,0.1089329413,-0.1317202952,0.2915816148,-0.0770306713,1.0288893637
93,-0.5197764838,-0.6358732189,0.7773314838,-0.0427117213,0.3789838457,-1.2461822190,0.4774207693,-2.3360767241,1.0289751999,-2.0021907660,-0.2288829993,-0.3209656126,-0.8827941317,-0.8741166847,-0.3106167976,1.3340951505
94,0.9322113918,0.9730248223,0.8434940233,0.2748232411,1.4826970183,-0.1011667603,-0.1108124776,-0.4883341219,0.9595694006,0.7194413152,-0.0298228660,-0.0668152481,-1.2937547355,0.1305103928,0.6688564387,-1.6866195527
95,2.3523417143,0.7991759330,-0.4630827808,-0.1242619454,0.7348495944,-0.9553257320,-1.1670438930,-1.0900626164,0.7973724487,1.8633883079,0.6815937817,0.6870088822,0.1305605831,-0.5402412217,-0.1185585057,-0.1678002286
96,1.0588038548,-0.4305760755,1.2608616595,0.8195683129,0.0571132058,-1.0214617440,0.4404500091,-1.0369194305,-0.9080837247,-0.2454962702,-2.1899335359,-0.4628512305,1.8667515730,-3.6083534849,0.0422569526,-1.9601309640
97,-0.2629761469,0.3783341795,0.9343481510,0.2272527237,0.3486968333,-1.1066713586,1.3450870433,-0.2626988883,-1.5669770173,0.0060433640,0.4939426474,0.2515139448,0.3431796866,1.0015169350,1.0231577540,-0.0140043162
98,0.3999482038,1.7384851732,-0.0370219352,0.0797793660,0.0070192964,-1.6292750896,0.5385920541,2.7216651801,0.7407587502,-1.1667456817,-0.2215114833,1.9749140328,1.0310170960,0.7684783959,1.2073657703,0.2735432557
99,1.4299449027,-0.4076573715,-1.0466877489,1.1326057388,1.1765342020,-0.3924967006,-0.0527195337,-1.1262865304,1.2432452051,-0.3273898679,2.0120303395,1.3073366656,0.2234066857,-0.9931809805,-1.3370357287,0.7759316364
100,3.0097838047,0.5028494139,0.2311755646,-0.3616464315,1.4817402952,1.3535224794,-0.8168577165,-0.5121899275,-0.6705069314,0.5847117478,-0.9673691280,0.6841349515,0.3153185897,0.7765627308,-0.3239495710,0.4168610192
101,1.0814414389,1.6045011157,-1.3979043794,2.3518908720,0.7731177333,0.4195241286,-0.3684675267,-0.1499576259,-0.5405140071,-0.3117229944,-0.0107247449,-0.8081131106,1.5909379378,0.4498136797,-0.1894101590,-0.4644387680
102,3.7448226870,1.1418711134,1.0424922798,-0.2204242804,0.6931563328,-1.4458487804,-0.3090001932,1.1500471575,0.4808156606,0.0352695983,-0.0612800830,0.8449225183,0.6310851503,1.5937081697,0.8915911274,-0.8573898915
103,1.3756406747,1.3465727041,-0.1838786503,0.8783924745,1.7130226946,-0.7506909250,-1.0825414900,0.9297197675,2.6150573246,-0.4888964269,-0.8743312350,-2.0426922318,-0.3580615352,0.8428255776,-0.6557424669,0.0383476779
104,2.9631026442,-0.3675028315,-0.3291424952,-1.2328149882,0.2473355082,-0.8819606599,-0.7278080473,0.4977971889,1.7013793070,0.5098807236,-0.0187445462,-1.6184350080,-0.7979222258,-0.5516892879,0.2845657597,0.0855989056
105,0.9955456938,0.0439568235,-0.6418695732,0.6678483196,-0.5432774855,0.9319151382,-2.1313904045,0.7156187614,-0.1803582288,0.2755785294,0.4099938795,-0.8923375046,-0.8150159781,-0.3939238664,-1.3193426398,0.4503041772
106,-0.9761208992,-1.3372151660,-1.5277933467,-0.3810421127,-0.2400560944,0.4961461737,-0.4434329197,0.6232964160,1.3536002550,-0.0706463883,1.0637500767,-0.7844102215,-0.0074827521,1.0720277062,0.0855610183,0.1572942482
107,0.1410432034,-0.4289347967,-1.3406120780,-0.7313526001,-1.6724780890,-0.3719321297,1.5520194334,0.7115306269,-0.4495558507,0.5575137891,-0.4436729044,-0.0080793015,0.9752032881,-0.9883382320,1.3253480725,-0.8281840017
108,-0.8376269465,-1.3787929530,-0.1652084412,-1.2755560550,1.0953086187,0.8147334786,1.9626240742,-0.7532470781,0.2712757689,-0.7653301390,0.3409462237,0.2188401427,1.2009590138,0.7049717485,-0.3364088095,-2.6994509738
109,0.4066172617,0.1706009763,-0.5012383695,-0.7093573911,-0.3336280869,-0.2583762883,-1.3888090406,-0.4885934824,-1.0679644314,1.4755461071,1.3101887880,-2.0900061957,0.6707672586,-1.2057369598,-0.2628684138,-0.1010596969
110,0.1036882340,-1.4696501985,0.3570895739,0.4121242159,-0.4198139991,-0.1402571287,0.5742975436,0.8448637301,0.2424780803,0.2971397314,-0.1156885179,-0.6311104658,1.5632023831,0.0607984707,0.2024155577,2.0539639502
111,-1.1540742428,0.5339126654,0.1076397311,-1.5262716120,0.6224870289,-0.7110202134,-1.7620054037,0.7748983920,-1.1617525107,-0.1366885203,-1.0515187717,0.6812934913,1.6260211416,-0.6219169830,-0.5670320238,-1.3779788779
112,-1.5791978128,-0.6170197940,-0.4775899264,-0.3827436349,-0.2388258123,0.2285043573,0.7261206673,1.8484638322,1.1023522119,-1.2565526689,-0.6409657030,-0.4340030178,1.4452005263,0.1323799981,-0.3532612891,-0.7361940244
113,-0.9565367626,-0.0257304705,0.8435897691,0.1448559488,-0.5783529799,-0.1614670363,-1.0200831039,1.5520834614,0.5146300322,-0.3155181963,-1.7323841104,-0.4950103649,-0.1198322036,0.6717337834,-0.2216455852,1.1573233404
114,-1.3871005090,0.3390681875,0.3195754865,0.2278682982,-3.2067113080,0.7505696049,-1.4544777470,1.9258754672,0.3979218160,-0.9339914276,1.3882053447,1.6414805229,-0.2618826692,-0.4277595122,-0.0274868194,-0.0518105398
115,-3.8341709583,0.8223017829,-0.7042625885,0.1833654642,-2.0095362743,-0.5085189726,-0.7205293213,1.2831665915,0.5185591509,1.0489154206,0.3809631177,1.1085482438,-0.0071290197,-0.6042755982,0.8825651346,-0.1122959983
116,-1.7667941586,-1.6952067814,0.7904162801,0.6712549896,1.5733736833,0.3436051494,-1.3367082617,1.9261381067,0.3006581020,-0.7664112344,-0.2710659379,0.2937387564,-0.7531979579,0.9813642397,0.5626395565,1.1795168558
117,-2.7720933096,-1.0518053960,-0.6411744470,0.4507893835,0.8770638280,-1.2427557410,-0.7877901056,-0.6767569422,-0.1203235291,1.9505880940,-0.5447642016,-0.6123270003,0.7195176733,1.8939947206,0.5792439531,2.3625624489
118,-1.0742431306,-0.5138460997,0.0306122790,1.8054690260,1.7451845776,-0.0185401872,0.3041127682,-1.5182286853,-0.1651434513,-0.2416103367,0.0328186572,-0.3687541946,0.5098965428,0.2222721895,-0.4523296190,0.9342157762
119,1.3523676662,0.1738770105,-0.6346690324,0.5887566727,0.1076932829,1.0128973366,0.5869449487,-0.6901970773,-1.8420499858,1.1464666165,-1.0478570909,0.1434224232,0.2098441933,-0.2952864753,0.9718349108,-0.9112160289
120,0.6295883970,1.4441875633,-0.2939103167,-0.3631704251,0.4925672908,1.3956064405,0.2137972850,-0.0115259319,0.3958808546,0.5178924268,-0.0730981027,-0.2704506028,1.1390993135,-0.7477667393,0.8906800217,0.1700306365
121,0.1934347763,-0.3420291608,0.6379903481,1.4805118804,-0.2654807000,0.1045901818,0.1541359021,-0.2430700732,0.7993556257,-0.4075474874,0.7020074977,-0.5580370985,0.1099471224,-0.5041140524,1.3743878122,-0.4455785393
122,0.5848918014,-0.5128985447,0.7539694101,0.2542588657,0.4495886257,-2.0492132088,-0.7202470685,-0.4065996697,-0.8408767986,-0.2768636681,0.2851582485,-0.9749692247,-1.4136674733,0.9721158157,0.2265543623,-0.3763385185
123,0.4425121250,-1.7296592767,-0.0075921208,0.3551519487,0.6327281691,0.9923406681,0.4553513768,0.0033199961,0.4393870104,0.9378589849,0.3632221347,0.3716838773,-1.2303733020,-1.0729769489,0.3010478985,0.5419555582
124,-0.9068160615,-0.6063075584,-0.1911663519,-0.9850037867,0.1702267338,2.0394078688,-1.5450038413,0.0025628549,-0.4553043183,-0.4541657685,-0.8053412608,-0.5112641273,0.1936602237,0.6943357242,0.6424830016,-1.0332095829
125,-2.4493165824,0.0604100725,-0.0684520183,-0.5026582034,0.4706065030,0.8977723784,-0.1079960556,1.2958326680,-0.2272468650,-0.1164175368,-0.1251674301,-0.2189442652,-0.0520701927,0.0321706727,2.1726282354,-0.9018444353
126,-1.5689587953,-0.0631969213,1.0402169377,-1.2948141241,1.5191805261,0.3953990218,-1.2030896036,1.8902931157,-0.0973983148,0.0071786913,-0.0448406439,-0.5243632448,-2.9354870582,0.4615878256,0.5511242945,-0.9416268362
127,-3.3074698232,0.0250221447,0.1327811352,0.3471982756,0.5306124473,0.9519675825,0.5640687777,1.6473205034,0.7201603813,-0.3124528244,0.4700069356,-0.2725384551,-2.0389421297,2.6040356104,0.2800083814,-1.9668365370
128,-2.5106412010,-1.4828538746,0.0180592404,1.6341626746,1.5768870715,0.0287315477,0.7382997554,0.8972588314,0.1520551683,1.5357461797,0.0483433915,-0.1691561619,-0.2561127162,1.0427991529,0.4663269848,0.9637595691
129,0.5078103986,-1.3305548060,-0.1760333811,-0.0658964347,-1.6189773331,-0.0534686189,-0.8707895027,0.1821396306,0.9010454546,-0.3622189956,-1.0337227204,-0.6720829681,0.1594775234,-0.9752497789,-2.7008229279,0.7260353400
130,-1.8863097726,0.2262551922,1.2756060514,-0.1930946787,-1.9269498794,-0.4206650320,0.9169877905,-0.0885532258,-1.1416769140,0.4991835199,-0.5982168473,1.1810002570,-1.5604902623,-0.2905757152,0.3274080858,-0.5169904653
131,-1.9708769442,-1.4035284258,0.6027247729,0.4742937802,0.2690668326,-0.7426700697,-0.6000579738,1.4148006471,-0.3040346985,1.4950250500,-0.5443700542,-0.2975775446,1.2794148407,-0.0477615964,0.7808932756,-0.8227755987
132,-2.0056542206,-1.2834954802,-1.3123764208,0.9167594775,0.1300235127,-0.0263825659,-0.7535647140,2.4200756731,0.4157567743,-0.7462956965,1.3746008886,-0.1984199509,1.2508704975,-0.8299114054,-0.1797994303,0.5358767719
133,-0.4602110878,-0.7028208701,-2.6053121087,-0.4891525410,-0.7240363957,-1.7054681360,1.0645200359,0.4223634887,-0.3098234893,-0.8307181875,-0.5303316433,0.4941731059,0.7009030834,0.8681670377,0.5555883484,0.6417789765
134,1.2644750917,1.0130682003,-0.4327049811,-0.4763095871,-1.6010002232,-2.1372550482,1.9504830333,-0.4223533112,1.1767561903,-1.5842378029,1.1730650221,-1.1980427258,-0.8574336535,-1.1778264273,-0.6007747279,1.3883253609
135,2.9927607701,-0.1138880866,-0.2620198976,-1.7067200699,-0.7743666562,-2.7582089440,1.4246101544,1.1861111514,0.1066469944,-0.0288260050,2.3153484701,-0.6752386359,-0.8388228013,-0.9963806839,-1.2047725491,1.6879932122
136,1.6673409481,1.0243586441,1.5163937443,-0.0073204369,0.3079105780,-1.3580353302,-0.4347570856,-0.0973417038,-0.5575326337,0.9630486679,-0.1752383963,1.3764533146,0.0183207597,-0.3290837318,-1.1299201245,1.5441177776
137,0.4485198616,-0.1042822402,-0.6921633292,0.8304631199,-0.1371805370,-1.2995341185,0.1248785957,0.6887246587,0.6263586863,1.7479180810,-1.6676250800,-0.0336776894,0.7926944939,-1.7122293602,0.7311507592,1.4954270653
138,1.6122723682,-0.0878487895,1.4310973056,0.7855496483,0.9694292277,-0.3365046134,0.1525278754,0.7097809891,-2.0960369864,1.5015180725,-0.7786328116,-1.2117443788,-0.5421432315,-0.4764145852,-1.0702534373,0.9724352989
139,-0.4658098736,1.4647191756,0.6492629447,-0.4334406358,-1.1044903723,-1.4984442266,0.5190005794,-1.9468740595,0.1773310934,0.8287597356,1.1901167695,0.7144732867,-0.7468337304,-0.2796773936,0.1015568988,0.6285522350
140,1.2359723456,-0.7536711164,-0.5030548394,1.6698786179,-2.1419922268,-0.0474718441,1.0914771044,0.6627768343,-0.7945882897,-0.8267107098,0.0375475230,-0.0834866505,-1.1188164430,-1.3208611118,1.4905912069,0.2749582525
141,-0.0126651630,-0.4206638310,0.0369959396,-1.0569818054,-1.2826728433,0.1757932820,-0.0401256167,0.3367923015,-1.2547730070,-0.6177625847,0.9950584952,0.5475936452,-0.1973476418,-1.2889653364,0.2522946126,-0.7215847678
142,-2.1625908135,-2.5694959962,-0.8303347391,-0.8944299190,0.3770890385,1.8631999431,-0.8096357180,-1.6470930746,1.5333990528,-1.9960570512,-2.2356524380,2.1036647014,-0.6581704581,-0.9570047134,-1.3329586454,-0.1819489426
143,-2.5274385981,-1.2972668339,-1.3516502231,0.2230581363,0.2812436515,0.5367903640,0.1788642743,-1.4628193942,0.8352332042,-0.5192714645,-1.6560306812,-0.2790147415,0.3499861864,0.6970535031,0.4122504675,-1.0174614124
144,0.4558997838,0.5257627545,-1.0491509353,-1.1527408634,-0.9222115856,-0.5507941450,-0.6086992512,0.5152689480,-0.3423380937,-0.2910965068,-0.0317753519,0.0495704359,0.9797575935,-0.1080929419,1.6378586479,0.1224923941
145,-0.2964427926,1.4826909300,-1.7068810684,0.4227569022,-0.5409735632,0.5024077741,-0.1384159606,0.5480846980,-0.2059577040,1.5079743378,1.6711570624,1.8828429371,1.0794274898,-1.5198438544,1.0181880915,-2.1266177327
146,1.1624015304,0.3786002028,-0.1667334833,-0.8251753794,1.6366618438,0.0133402515,-1.5041140675,-0.0421167865,-1.5225645868,2.7173025129,0.4197050021,-1.6982760185,1.2950569400,0.8033691082,0.0310491174,-0.7346037209
147,-0.0077267248,0.4730677671,-0.5767155299,0.5517990516,0.8427918451,2.7336538637,-0.1208219095,-0.3542960639,-1.5995347493,-1.3069226502,-0.6780962839,-0.5693713313,2.0164720012,1.3621936403,-0.2867913945,-0.4882335700
148,0.2107627002,-0.4243387749,0.0539345108,-0.5786255266,-1.1414775100,-1.0676209484,1.5749437341,-0.6175944758,0.5206003747,-0.9669240887,-1.3825488459,0.9775167659,1.2127738213,0.6933200029,-0.7204434380,0.3373975747
149,-0.3037603529,-1.4969829692,-0.9805489395,-0.6388134829,-1.0770546320,-1.3714906254,0.4062804303,-0.3213402381,0.5968741168,-0.2692612856,-0.8433283720,0.1361617433,0.6689945080,0.0605521000,-1.0607471726,2.0803334676
150,-0.8880165494,-0.1866751440,-0.8349338068,0.4067567660,-0.4411761754,0.7264289225,-0.6331473922,-2.3674485412,0.2862738201,2.0230121255,1.7829937963,-0.1389177334,1.6124429491,-1.5773979472,-0.9125246015,-0.5154028953
151,0.2906654986,-0.4877405299,-0.1410570784,1.5685251237,0.6594659485,1.6595222571,-0.2114681649,-1.6572065623,-0.3711103697,-1.5451320309,-0.0271556351,-1.1251713843,1.5658314497,-1.0264686488,0.8044644870,0.1576648827
152,1.5024079077,0.4178350464,0.3266806758,0.3884354388,0.3919861822,0.4335804077,-0.8573288152,0.7329968578,-2.2593241383,0.1072549272,0.0349564851,0.7252381796,1.0107761691,-0.9261720534,1.4594514559,-0.1142172749
153,0.7466355920,0.9439076011,2.0373335687,-0.3312684100,-0.4539244677,-0.1171264972,1.1633529060,0.9251570554,-0.2773042626,-0.9322802305,-0.7694783065,-1.3551841064,3.2853717849,-0.6601191822,-0.7347652751,0.8526066348
154,-0.0188695400,0.0230467994,1.9161381439,-0.8761558033,-1.2838179586,-0.0799308647,-0.0407116194,-0.5047914071,1.2801094789,-0.6000090464,0.7455785867,-1.3813055521,1.7962891598,0.1427003528,-1.8011956723,0.5476428668
155,-1.4302367495,-0.0318534892,0.1868145509,-0.0908777293,0.6132891605,1.2249698184,-1.2308618531,0.0875186645,0.8314094675,1.8369274462,0.8146799052,0.7993755867,0.5925617215,-0.7501782457,-1.2166129629,-0.8929846912
156,-1.1512357936,0.0832131544,0.9066551597,-0.1963919410,0.8450822365,0.3553103448,-1.0710979802,1.8411233800,0.2411967775,-0.0145782916,-1.0458333510,-0.0001459662,1.6038128705,-1.0079502550,-0.9226087848,1.3616381481
157,-1.9329656586,-1.1256953788,0.4983154374,0.1835083976,1.9458390162,1.1514880788,0.4183707736,-0.1963857624,-0.5566405556,0.2322924977,-0.8014732012,0.1744095714,0.4371599510,1.7543913779,0.3038756866,-0.5783072804
158,-1.2717981516,0.5272125604,-0.1614547497,0.3933382330,0.7074300057,1.2953159272,0.4899110742,0.1357307400,1.0702963166,1.6466105693,-1.3212288522,-0.8866636014,-0.8333016777,-1.6762815282,0.0422500809,0.7682757619
159,0.3250448801,-0.2594017154,-1.1178644752,-1.9618778274,0.7576175185,1.6119856605,0.9381774482,0.9629850870,0.3516539549,0.2665402912,-1.0997387407,-0.8631550753,-1.1478527758,-0.4836587626,-0.1335963149,0.7996632275
160,-0.2917460258,0.3477543758,-0.1828312712,-0.0530955288,-1.0090452070,1.5876969901,0.7201692263,-0.4217744275,0.0312604536,0.6141731398,0.3270027246,-0.1536415812,0.5403260255,-0.8222231059,0.0054806117,-0.2111374819
161,-0.1277411202,0.7930131882,1.8027977787,0.7147302977,0.1196294752,-1.7703598177,-0.7082758492,0.9492312645,0.7934607659,-0.1216682461,0.4699987209,0.5488181700,0.7234939769,-0.3260433108,-0.0739761216,-0.1385423162
162,-0.0234099803,0.8234974852,0.3322771331,1.7116991318,-0.1684391258,-0.0630542525,-0.3928585056,0.1647346956,0.1152698635,0.2332711182,1.3996562351,1.4157186369,1.0627076372,0.0588398493,0.4863358947,-0.0895180097
163,0.5403109069,0.6463095586,0.1554282904,1.1858267367,0.0129847374,-0.3283313992,-0.5471527142,-0.6995142412,1.6941571421,-1.0639957393,0.3417329985,0.6256039199,0.5137878335,1.4625585315,1.1038520516,-0.2950525271
164,2.0887350659,-0.0492299579,-0.2008967619,-0.7927406724,0.7105579973,-0.7430906513,2.0986665362,-0.2106587972,0.8684736404,0.3254895229,-0.2832824993,-0.1329762871,1.1522534133,-1.8857744097,-1.2334408667,1.8041783266
165,2.2534501141,1.4499523553,0.2520177379,-0.6705394699,0.2059164433,0.7115405030,1.6085655508,-1.6922334739,-0.3479508196,1.1933681825,-0.7993340373,-0.3552646513,0.7809950785,-0.2160767385,1.3881633181,0.4655398579
166,1.6001959793,-0.0940497909,-0.9747532683,-0.7978835725,-1.3055435753,0.4703908684,1.4452772422,-1.3667742694,-1.9213720356,1.0724670853,0.7569774319,-1.0152763723,1.5144679302,0.5474335429,0.3382236236,0.9197158476
167,0.7348736150,-0.6495226924,-2.0358735671,-0.7616180729,-0.0467758103,-1.1807602845,1.4387352386,0.0563743923,1.1691955320,-1.3862953313,-0.1490501233,-0.1817841914,1.0795135682,-0.2586900178,-1.2992484251,-0.6601768485
168,1.7220294484,-0.0145434400,-1.6773204721,0.1203650667,-1.8732479345,-0.0258017268,-0.2457457659,-0.4119800979,-0.0672149982,-2.3927202013,1.2961531694,0.6777635134,-0.4558026900,0.1854833254,0.7159641283,1.9344816725
169,1.7489299323,-0.7322019972,0.3854059262,-0.4863807045,-0.5800195731,0.4765290901,-0.3689923764,-1.5111282461,2.3652585100,0.9887664451,1.2387281991,-0.0872470893,0.6575928585,0.8854611971,-0.3711599322,0.0558239607
170,-0.4780250397,-0.2523136038,0.1401127083,-0.7343815172,-0.6143679603,1.0561107971,0.1502331127,-0.5919857171,0.8913964775,-0.3299539768,-0.6449067327,-0.4215188822,-1.7947505130,0.7192508149,3.5478199182,0.8882172997
171,-0.2816286292,-1.3562652448,0.3696860646,-1.0894940234,-1.7039629279,0.7449861170,1.7314773060,-0.1105967276,-0.8140256983,-0.4826643489,-0.3132893120,0.1780083645,-0.9015548227,0.0322450602,-0.8255802492,0.0841162790
172,-3.0619647663,-0.5406363396,0.2356418406,1.0103492196,-0.9634969472,1.1402217124,-0.4045781739,-0.6896279871,0.2983591258,1.5596027326,-1.4269991999,-0.2950689789,-1.4997817873,-1.1669969979,-1.4796897579,-0.5166772679
173,-1.8849866699,1.1922599497,0.0342694579,-1.1041226840,0.6157404648,1.9218875468,-0.6583470025,-1.5146623449,0.2650856008,0.3924070976,-1.8088034912,-0.6658157184,-0.1435835914,0.5618437384,-0.5309991305,0.5522252566
174,-0.9463039667,-0.9185515027,-0.1758396042,0.4453056609,0.0266916553,0.7853240538,-0.1672287976,-0.5436138704,-0.3936360048,-0.1756917866,-2.0155338433,-0.1658086576,-2.9643626112,-0.9693911148,-0.4988440282,0.1754525275
175,-0.8604807367,-0.0888770188,0.1843668545,1.0893013923,0.9191722589,-0.3464612387,0.6264428702,0.1736339249,-2.3790564268,-1.6174826874,-0.3074777364,0.1115246273,-0.7388905926,-1.1569824238,-1.2566343730,0.2741217175
176,0.5567723996,1.0168947511,1.1346999637,0.2348666835,-2.5230950699,0.8519553491,0.2786148494,0.0614884079,0.9049403802,-0.1697261994,0.0053114803,-0.4961392296,-0.6636309780,0.8247525264,-0.7670692117,-0.0781045050
177,-0.4224334790,-0.9212409029,0.6541359999,-1.5801792110,2.8358249138,-0.4766971531,0.6755049854,0.4444851701,-0.7501211628,0.1202814694,0.8462944007,2.2142882825,-1.0051145036,-0.8545509795,-1.0961670476,0.3579019098
178,-0.7010783116,0.2143733357,0.6324329871,-1.6616064237,0.6199433152,1.9064879046,-1.4420029018,0.2716585001,0.1769580066,0.0484999076,-1.5744797053,-0.6460496281,-1.5362558846,-1.9571455119,-0.2678482070,0.1106826511
179,-3.0959586992,-0.7835263903,1.1061066982,1.2363722663,1.5128587569,0.8090118135,-0.5940104540,0.6707430513,-0.1608731680,-1.1083952020,-1.7386439053,-0.7436723638,-0.0814217796,-0.2171446579,-0.3742571418,0.8100055050
180,-1.6064900010,0.6162796578,0.7314551797,-0.5819432463,-0.0856096381,0.5209085971,-0.4053957504,-0.9443843712,0.4167434613,-1.1212517435,0.0594856660,0.0971003713,-0.6174332219,0.8343728103,-0.8071791084,0.3169803999
181,-0.6287586679,-0.2144715916,0.4212768985,0.8942921018,1.0403429940,-1.9534542109,-0.7749589545,-0.4109733229,0.2101596292,0.1828857037,0.7654406524,-1.5054600367,-0.4981244092,-1.7567471302,1.4010986688,0.5545787890
182,0.4928724180,0.5357058782,1.2094548058,-0.4048835203,0.7205107333,-0.1927042496,0.6628313001,0.4328436523,1.2481782304,0.8599968829,0.4150257444,-0.0525086847,0.9031784905,-0.0242289911,1.6301609805,0.6301989068
183,0.3059271879,-0.8017718982,-0.2565533834,0.3218072887,0.2646394287,-0.5376371274,0.6287490725,-0.0543699489,1.6214442928,1.2962606132,1.0104163094,-0.5518345799,-0.3549398840,0.8129099030,-0.7290675696,1.0703063733
184,0.7242086425,0.7837082852,-0.9342327097,0.8183222378,-1.1226465446,-0.3402514573,-0.3444043415,0.4636811735,-0.6796731310,1.7462662470,-0.4521823067,-0.3193328722,0.9910793824,-2.0042407131,-0.0241051648,0.7204281286
185,0.4088170023,-1.6195279498,-1.3402977565,-0.3418954399,0.4616980114,0.0988951667,1.0622375829,-1.1996817193,1.4080298046,-0.4665307115,2.3018241568,0.8998837329,0.3335795149,-0.2036141552,1.0777293737,0.2761429356
186,0.7664602328,-0.4927152361,0.2778114181,-0.6181515204,0.4070460392,0.2264697587,-0.3750414239,-0.4375440648,0.6686169383,-1.3153288912,0.3499339964,0.2616879352,1.1563559884,-1.3623575041,-0.8095838080,-0.8535910926
187,-0.6049590639,-1.9780793075,1.3241298940,-0.4969083232,0.2205511390,0.4799149480,0.6084318825,-0.5944126871,0.8165211811,-1.5223825350,0.2531250060,2.1635488794,-1.0105844371,0.4535618243,-0.7066510200,0.2386194143
188,-1.8267207170,-0.4299555881,-0.4949473347,0.1378682961,-0.2431756420,0.1623567819,0.9755569556,-0.0313011018,-0.1742107623,-1.7879459401,-0.9890615691,0.8810319152,0.8045195655,0.3662853626,-1.1122896597,0.3322716744
189,0.2681806579,1.4090712247,-0.1614554188,1.8980455509,-0.6838647745,1.2039201547,3.0264219628,-1.8108085846,-1.9205606283,1.9406602780,0.9874930509,1.1532204471,-0.0654154025,0.4010934392,-0.5602293429,0.6852144423
190,2.0521525254,-0.2592285912,-0.0841563266,-1.0486725485,-1.3556291036,-0.1444069157,-0.0709192435,-2.5422217983,-1.8000317243,2.1983201475,1.1662541051,0.6847159243,-2.9935061184,-0.3381659423,-0.5989110017,-0.4613276596
191,0.3008668597,1.6568495080,0.3313190717,0.7522371263,-1.4055216389,1.2370279066,1.1466747025,-0.0556279964,-0.4878394073,-0.3369916984,1.7723907776,0.2444089670,-1.9211255014,-1.0895282975,-1.5753556705,1.4868688295
192,1.3448991830,1.9668424090,-1.4021084394,0.1056012715,1.3054420942,0.1871157657,-0.6634639179,0.8214260291,-1.8325422241,0.2966592629,0.2832911977,0.7099189662,-1.6445481452,-0.3757122510,-0.1428860676,-0.1663661746
193,2.2992386711,-1.2939145205,-0.7672100426,-1.5372752081,-0.5074675851,0.7370879348,-0.5514491854,0.7301644525,1.3203393405,-2.0043916287,-0.4571816988,0.9147541724,-1.5302656842,0.7533058566,-2.1602498077,0.4104278022
194,-1.4621834422,0.9527387101,-1.1426655430,-1.0265161992,-0.7177644025,0.3508491887,-0.4546692373,-0.3302776945,-0.7378690543,-0.8345297571,0.5511744354,-0.4636525436,1.2939975760,-0.6381376407,-0.7914373455,1.8595106360
195,0.1458449027,-0.4847173512,-0.7467729140,-0.8432895568,-2.3101638081,-0.8953732967,-0.0743952471,1.2936761791,0.8890008425,-0.3898305742,1.0475515280,-0.3111140357,0.0371609035,0.3646206150,-0.5410187417,-0.5989856152
196,-0.5136903789,-0.4774582655,0.7090992263,0.6118315484,-1.5881199908,-1.3624667268,-0.1834433959,1.3193384132,0.5892645422,-0.1387906830,1.6303215397,0.3556013329,0.7529134839,0.7111834649,-0.9909126570,-0.7685096485
197,-0.6696725294,1.1514773479,-1.3884196096,-0.2589355426,-0.4935471255,-1.6173504954,1.6552721582,1.6843474824,2.0440876572,-1.2439633071,-0.5760989998,2.5818861533,1.1611231550,-0.0693104260,-0.3901573741,-0.7436130264
198,2.5247311427,-1.0635874603,0.1414118070,1.4312667009,1.0380444947,-1.0246880982,1.1554943890,1.4619390113,-1.2522966182,0.5794976926,-0.4518823023,0.4625237345,-2.0172510255,-0.0879261161,-1.2238906302,-0.6062114792
199,1.6698380336,1.3327527986,-0.0628272761,1.1869375183,0.1195742530,-1.0006338408,0.2491323564,-0.9301530063,-0.2584431167,-0.1946974524,-1.2803567565,-0.7152787430,0.1367944301,0.8721817934,0.1010476413,0.4796007225
200,2.7260075376,-0.1837746661,-1.0066971166,-0.5726004886,-1.1857734668,-0.6236606909,-0.3179930360,-1.0445787934,-0.0543243940,1.3014422473,-1.7923565709,-0.2896205046,1.2850711410,0.4179443701,1.3942782029,-0.0941345372
201,0.7458874015,1.1877404315,0.0641308308,2.0591273790,0.7044323448,-0.1058948521,-0.9396007227,-0.1943307870,1.5523056770,-0.4182467870,-0.4950589357,0.1935787598,-1.0226807499,0.8429695116,2.0088378379,0.1660836090
202,1.7748508721,-0.6460013666,0.7150193770,-0.3563248315,-0.2126944593,3.2598348480,0.1981655807,1.0779962290,-0.7761699937,0.9791067715,0.2527451216,-0.5240484584,0.3180936452,0.9762637403,-0.1741986079,0.0197382576
203,-2.7566455501,0.0584843194,1.9873692452,-1.0219021142,0.0210382236,1.2332890347,-0.4536851775,1.2846108546,1.7741391836,1.1819122348,-1.1636351933,-1.5067986591,0.2665089539,1.2247820226,-0.6173026343,-1.1967094063
204,-3.6026613514,0.2993362588,0.3261078432,0.1983275224,-0.1387681857,-1.0877941292,0.1897155834,-0.0499222280,0.0281873405,-0.4508219165,-1.5534742679,-1.3519273369,-1.4714703947,0.9102396772,-0.1817669440,0.4581949005
205,-0.7774874954,0.9753375655,-0.0714796581,-0.8102199368,-0.7410147329,0.1871482027,0.3066938960,0.8733757730,-1.4756613495,0.6049345707,-0.9187041691,-2.4384370098,-1.5989068296,0.1223791894,0.1483835598,-0.1286813839
206,-1.0302207204,-0.1198497403,0.5084969764,0.5893817415,-1.0708229342,1.8924483205,0.4917907522,1.3308346904,1.4687996206,0.2062564848,-0.2925003756,-3.5155183818,-0.9725511488,0.8410938161,-0.3354924209,-0.0085221371
207,-0.8781022859,-0.4290709502,0.9059481168,1.1569421890,3.6327838668,2.3458762027,1.3196176341,1.6893657098,1.0485447923,0.2533334910,-1.3603893760,-1.8781157973,-0.7188300601,-0.0991213103,-0.5556003438,-0.6827525555
208,1.0304894947,-0.6944652950,-0.3236854199,0.7681990020,0.4707637014,0.6750674003,0.7448171968,1.0182117422,0.6514475709,0.5996132441,0.1274944284,0.7700338257,0.7825814002,0.3877348732,-2.2134929341,-0.1226347799
209,0.7247353973,-2.7045946387,0.5862060503,0.6622863690,-0.7320458232,3.3174219001,-0.0790580807,-0.2180496477,1.4538426892,0.1022112318,-0.3108053032,0.8846695987,1.2548080694,0.6510910381,-0.5703908846,1.5007044944
210,-4.0647974029,-0.9571659415,0.3104511980,1.1117023771,0.2375456864,1.4252261073,-1.5506233154,-0.1807971516,2.2817601027,-1.5432763942,-1.0295188204,-1.6174483562,0.9946559903,-0.1160103954,-0.3903386135,-0.0437135546
211,-1.5089814235,-1.5130331082,-1.0305027079,0.8127259765,0.1101815188,0.0019250111,-0.6829270850,1.1428803085,-0.0735028219,1.1348666442,0.1759741313,-0.8164720105,-0.0205407045,0.5292319638,0.9953366771,-0.9483584033
212,-1.1263171408,-1.1361257724,0.1357644651,0.1452249309,0.3194474789,-1.5037350399,-1.9808987260,2.6013105493,-0.4308198804,-0.8597310487,-0.2357402031,0.0581585057,0.5901267552,-0.9505321410,1.0179833647,-1.5346863243
213,-1.8909091603,-0.4163423885,0.2566794478,0.7742312188,0.2721131469,-0.9873845458,0.2808708176,0.0347511308,-1.3139664230,0.9406185243,-1.4474698586,-0.3751406699,0.4793544600,-1.1170191062,-0.5513467420,0.3397815792
214,-0.8389175085,-0.7377230213,-1.2802977674,-0.7606637100,-0.5928895553,1.3201491382,-0.8370858467,0.3605750594,0.6133338747,1.7187424153,-2.6225368063,-0.3446573740,0.8899950655,-1.2374897031,-0.8262104854,-0.1167139684
215,-2.1152801046,-0.9013598370,-1.6792455569,-1.1401570816,-0.3892906218,0.9709617895,-0.9452998446,0.6558337612,1.3930390269,0.2450615767,0.7259791249,0.2360400202,-1.3346187114,2.3722905270,-0.6532923096,0.5878017082
216,-1.3508652814,0.0388760288,-1.9317070342,-0.5133739316,0.7860797843,-0.6548223674,0.0495884776,0.9940759771,-0.4502534218,0.2266049148,-0.9865419915,0.6972130963,0.3666635022,-0.6139390211,-1.1797464218,0.7631331119
217,0.6205966257,-1.9615048309,-1.1220210034,0.0171772521,-0.8049263086,0.8877831198,0.0279702076,-0.6220304003,-0.1050584366,0.6013597940,0.2886036779,-0.7228582697,-0.8245517301,-2.1509284145,-0.8192728155,0.0183119847
218,-0.7110719848,0.1272754597,0.5617022206,1.2725018334,-0.1208529978,0.1927127159,-0.5951326347,0.7107156118,0.1895503588,0.0242313071,-0.8419460059,-0.4891951436,-1.2420534132,-1.6629287640,-2.0555869111,0.8253993955
219,-0.1897219667,0.4118269534,1.6291169836,0.2016749676,-1.1149417453,0.3897970938,0.4154692551,1.3251936184,0.2707773450,1.3098376390,-1.6525100344,-0.7280067574,0.4243104910,-0.2445835270,-0.2013619236,-0.5635697882
220,-1.1355307981,-1.7497540519,-1.0006289016,0.5016156145,-0.3744348640,0.6349950092,0.8039063036,0.8291768237,2.2630071257,1.7420975279,-0.1372721433,-1.6029357179,2.7772154738,0.9299475256,-0.5089256001,0.4287680931
221,-0.7743584688,-0.0636218378,-0.7230635833,-0.9098337795,0.4428264952,-0.6299006935,-0.3450831648,-0.9961722822,0.2506569592,0.3619605405,-0.5383867942,-2.0117671794,0.9230222424,-0.6896060219,0.1267040450,0.9645485718
222,0.7017531684,-1.1178321562,0.4869272073,-0.5488963124,-0.4494869628,-1.2833242631,0.8575110328,1.5563838936,-0.7756933978,-1.1416951466,-0.8660050660,0.5432263002,0.8736803953,0.9181408248,0.0697080805,-0.3353137616
223,-1.2951318920,-0.3083672169,1.1390735150,-1.5626128085,-0.3845125084,-0.6467843198,0.1259762281,0.9118198253,-0.1180363642,-0.7377908105,-0.4919330330,0.2496960284,0.5816886567,2.9858044338,-1.1780627437,-1.2640935815
224,-1.9732367306,0.1539865031,-0.2365849713,-1.0545948813,0.6752480598,-0.8965457706,-0.7248889156,2.8093746623,-0.1195729296,1.4261973362,-0.9913350123,2.1714846903,0.3715829064,-0.5032726605,0.3017325295,-1.7808430041
225,-2.4786605617,0.5535849688,0.6911069234,-0.4401723381,0.0897915156,1.3294607802,1.1720487602,-0.4947325631,-0.3667410300,-0.6522053635,-0.1588564595,1.5199073382,0.6522913834,0.6844533735,-1.3902775645,-0.7830261947
226,-1.0503669760,-0.9038931111,0.7499889489,-2.3482318912,-1.2983198943,0.3582961512,-1.8389791819,0.2406219475,0.4139612873,-0.4855816339,-1.5218645002,0.8614807491,2.2860417436,-0.3942700354,1.0199084232,-0.3904487970
227,-4.1681596894,0.3694413152,0.4050235486,-1.1989201931,-1.1569413910,0.6329300410,-1.5288416191,-0.5567510014,1.1391372409,-0.1850059967,-0.6110543661,0.0709468769,2.2704700630,2.0504406270,-0.5925333560,-2.1472529512
228,-2.3255301910,-0.2327897007,1.5937113589,-2.0902062668,-0.9797236908,0.6751556475,-1.8486151482,-0.2103933299,0.6323337235,-1.4810142512,-1.7825290849,1.6486393892,-0.7960515635,-0.3606525732,0.8157449215,-0.1437250660
229,-4.5421920295,-0.1520613712,1.1204630539,-1.6905384086,0.5186965589,-3.1887954738,0.9679709258,-0.5883479252,-0.7359267312,0.2286646921,-0.0080501960,-0.7535903811,0.4857468118,-1.3381032778,-0.8092461375,-0.5750686891
230,-1.0314287093,1.5595665422,-0.8171803359,0.2104111700,2.6763292609,-0.3497865890,0.3756923727,-0.5125274471,-0.4440535557,-0.5964534739,-0.7692403098,0.2705794590,-0.6185763031,0.9427163292,0.2535760439,1.0981712387
231,2.5821332694,-0.3699474537,0.6196887634,-0.7686855377,0.6710170066,-0.6815103085,0.4107070875,-0.0777446889,-0.1541609361,0.8275534786,1.4667294755,-0.0994409636,-0.4424523175,-0.4292540373,-0.8487809877,0.0650992777
232,0.3204480237,2.4937161926,-1.2479978397,0.8034710697,1.7179336834,0.5091833690,0.6714489296,-0.8544338676,-0.8644629188,-0.7570853471,-0.4512310991,-0.4362592077,1.1943283270,-0.1335221308,0.7618365095,-1.7038047198
233,4.2369081404,1.5465948559,-0.4556770649,-0.3067891112,-0.0344556205,0.6942375406,-0.8024773077,-1.1150140400,-1.0018455779,-0.1175611213,-1.1293976172,0.2021856730,-1.6472716269,0.0948190644,0.1117711653,0.8593545819
234,2.2440340220,0.3441127425,0.6481655244,-0.8172282679,0.9522698668,-0.8295153402,-1.1399891377,-0.9951563526,0.5281111170,-1.8605449840,-0.2848547447,-0.7916514838,-1.0543272252,2.1266238182,-0.2678119411,-0.4989597936
235,0.9071239182,-1.8572496587,-0.7204172467,0.5068121582,0.1778319190,-0.8254107823,-0.3013389124,0.0652549281,2.1294160632,-0.3301221001,0.0063826719,-0.6927789353,-0.0818568126,2.3404522584,0.4991420609,-0.6554298403
236,0.3012553418,1.0300687895,0.9039370731,-1.5244970868,1.4881589761,0.7256360299,-0.1806133631,0.6500605505,-0.3688863558,0.0313217235,0.5317437523,1.3736313829,-0.0608119145,0.4243256609,1.4656361129,0.1208639674
237,0.1558318182,2.1725134381,-1.0598342607,-1.4983840977,1.1594618878,0.1363292711,-1.0236877592,-0.7168866495,-0.2130418556,1.8874691137,-1.6942042732,1.5608409712,0.5556367572,-0.6514292143,-0.4844133146,0.5206300801
238,1.0010222270,0.4498589138,1.2911999424,-1.5798160077,2.1718757072,-0.1393098482,-0.0183236658,1.5560537304,0.5345543969,0.9571184456,0.8970295786,2.2836876317,1.1544273671,-0.7281088841,-1.8603692446,0.7172388653
239,-1.0175858868,-0.1270428476,-0.3700704677,0.2140414680,1.4591836337,-1.5523796587,-1.0069962245,-0.7631296056,-1.4839278444,-0.2822974934,-0.0503160111,0.9157753281,1.2210482533,-0.1175124379,-0.1317793082,-1.4496599839
240,0.9407704425,-1.0543370835,-0.1445503437,1.0114882533,1.3269638248,-0.4928974425,0.7540800816,-1.0009627628,-1.3273065388,-1.8696237716,-0.3911907066,0.2407774186,0.3993713191,-0.8457036043,1.4770494646,-0.0800831853
241,2.2441603357,1.3616957358,0.2355637202,0.3651237340,1.7318995356,-0.0463326253,-1.5938222654,-0.1744494450,-0.9289734951,0.3637275678,2.0073909167,-0.0043275797,1.1817264640,1.2648364258,0.9450138937,-1.2159387961
242,1.6695997923,1.4609029274,-0.1912137655,-1.5355550724,1.8209721759,-0.1465133748,-0.2953281157,0.5495597848,-0.2540395015,1.4705573517,1.4513546920,-1.0640273819,1.2053247687,0.0000110931,-0.4759068412,0.2424363616
243,0.8232663964,0.5280606939,0.2818838944,0.3656157039,-0.0096043957,-1.3055648451,-0.4232391673,-0.5990091350,0.5687030544,0.2642060540,1.4327484760,0.2452329497,-0.8660448797,-0.6560706718,1.0665238852,0.1453660194
244,1.4405184338,0.6413326936,2.2688721671,-0.5674283073,-0.9110083354,-0.2155496906,-1.8799705482,-0.3854219614,-0.7271683252,-0.4000163658,0.6382339892,1.6250171123,-1.2077476251,-1.1770582277,0.7037667119,-1.4404373368
245,-1.9516551829,-0.8451804227,-0.3043230346,1.1519280925,1.8267261853,-0.9242002592,-0.9037564472,-1.2738452405,-0.9874453680,-0.7392293934,0.7858071164,-2.0821855500,0.5802242241,-1.0197034292,0.5447767003,-0.2570935832
246,1.4891592109,-1.6630585472,1.2450447800,-0.0333353649,0.5855465977,-1.6059440759,-0.3531307069,-0.5207769671,1.4500343338,-1.8582888681,-1.4969331649,1.6368639512,0.5503882455,0.5100864727,1.4242913606,-1.3756406510
247,-0.5087374475,-0.2487667128,1.0386413767,-0.4559889404,1.0704711603,-0.9523551790,-0.1710240190,-0.0213662517,0.1681476592,-0.0645130385,-1.0898868167,1.1521729579,0.8097368855,-0.4490834250,-0.1801439173,-0.4590261806
248,-0.4538126372,-0.5552483396,0.2866402361,0.4636786732,0.9572134939,-1.5446731415,-0.1271300338,1.4151144051,-0.9481103137,0.2035881337,-1.2991606772,0.5265164637,1.8022017566,0.8036234619,-0.7056076500,-0.6725136053
249,-0.4027865897,1.4761956301,-1.1552436448,-1.6566768408,-0.1495066107,-1.3820784853,2.4903644391,1.4838746576,-0.3806935938,0.7308571329,2.2844958294,3.2904179020,-0.8043149622,0.0174100639,-1.2620765609,-0.2973534584
250,1.5226726857,0.8271372616,-1.3080010201,-0.4628226182,1.1258611664,0.2690926629,0.3769632985,1.3156934505,0.6699106309,0.4218896388,0.3129546548,0.1948519205,-1.4143337345,-1.1330731878,-1.8230204902,-0.6127229062
251,1.7035861260,1.2215255248,-0.9875153587,1.0035338908,1.4021363460,0.0704924628,0.3543364389,1.0698580281,0.5554973094,0.6204182847,1.6968424257,1.7749005611,-1.0396497873,-0.3015323307,-0.9895667365,-0.4961172080
252,2.9352508790,2.8504764232,-0.1335730871,-0.7952347829,1.1404357155,0.6745738151,0.3286773075,0.3347601568,-0.5728850496,-0.3681390807,1.2784366894,-0.1767972368,-1.3026296168,0.2326068146,1.3165122357,-1.7156150278
253,2.7060187688,0.6836268902,0.4414280566,1.0460918109,-0.2817467598,1.5935856651,1.1791128467,0.3868465261,0.2444976685,0.0254720465,1.0685697256,0.6518216634,1.4489491777,-1.1344552637,-0.4938463271,0.7463348080
254,1.6216470268,0.7889247552,0.3046803519,0.2313785534,-0.7459013607,0.3549772332,-0.0419053198,-0.4582334997,-0.2820125524,0.0278408735,-0.2984068855,0.3208342458,-0.3399173785,-0.1718234857,0.9918467135,0.2218088476
255,0.2832842963,0.0454482296,0.9242201647,1.0706177379,-0.8796750996,-0.0896778059,1.1325877140,1.2327527723,0.2523007951,-1.6638664011,-2.4017676922,1.0483633378,-0.1038720401,-0.8248935221,0.0983404474,0.8944959095
256,0.0460103479,-0.7550592461,-1.0810841817,-0.6102123928,0.8486689250,2.9643178848,-1.3394924184,-1.0679322943,0.1622368086,-2.2092653566,-1.1423395950,0.6887972584,0.5164203177,-0.0714562992,0.0404367501,1.3123180012
257,-1.9036216042,-0.4414292067,0.0722221770,-1.4240427329,0.5847158146,-0.2780509970,0.2504894061,-1.8956119098,-0.9083437567,-0.0672807663,-1.1414860801,0.5431770389,1.8757311975,-2.8035455329,0.7158012110,1.0380304523
258,-1.3287837265,0.1145151126,2.0863763264,-0.7758849843,0.7163553185,1.1279376677,0.1692318883,-0.6781512824,1.2895589225,0.2596718891,-1.4108877062,0.0616776626,1.3209484719,-1.2652634751,0.9119569875,2.2132270422
259,-2.8730135474,-1.2286139929,0.2400450628,0.1102311087,1.6474177694,0.7189906230,0.2360809205,-0.2288305990,0.5707197016,0.4073348450,-0.3566300336,-0.5391564808,1.1455831298,-1.3599485339,0.5012255487,0.1905662974
260,-1.3305553249,0.3183110912,1.5076803275,0.3436771393,1.7148809890,0.1401790004,0.4632547709,-0.2657444801,1.0167283676,0.7978903324,-0.2926872955,-0.0448696380,1.0254019193,-2.0414217905,0.2213088960,-0.7522163432
261,-0.1323459148,-1.1336946820,-0.6675914774,-0.4064417999,1.0854771979,2.4649750323,0.4084740616,-0.2954836322,-0.3256430631,-0.2705225071,-0.1484071408,-0.4631206605,0.6117848570,-0.5818475790,0.4101042593,-0.4399494283
262,-1.6698992895,0.7510588620,-0.3053707044,0.5844077670,0.2533229387,0.7623691565,-0.3770753734,-0.4508238401,1.1020945971,-1.1611317813,-1.9704755978,-1.4166431209,0.6460436072,-2.0274836914,0.1540587314,0.8948532985
263,1.1514941833,1.3858907624,-1.2751150183,0.5169538224,1.2282811744,0.4386400586,-0.3406970145,-0.3170102682,-0.0723407745,-0.7661307957,-0.1054705402,-0.4192520443,-1.1072470870,1.2922557782,0.9528529546,0.1763788362
264,2.8492613669,0.8337793328,0.1723685047,-0.6672802329,-1.4497588183,1.3328548113,-1.6424706320,0.6121225159,-0.9477978100,-1.7204398721,1.8493813575,1.1732148250,1.0117994688,-0.0241550900,-0.4271937089,1.3285304047
265,-1.0973122431,0.4627838226,0.2001772506,-0.8440653931,-2.0782983741,-0.4845885133,-0.6169741793,1.2027475755,0.1604237883,0.9011808319,0.7248147270,1.9702514624,-0.5406752585,1.8966720848,-1.9332292089,1.0806075380
266,-2.2581670291,0.8389453837,-1.3525681360,1.5137847032,-0.3343252639,-0.4109483954,0.5751228434,-1.2768252113,-0.5752203681,1.4168456629,-0.2250385683,1.7158251085,-1.1123409402,-0.6860716496,-1.2218926388,-1.2855216079
267,2.3805857561,1.5250010786,-0.2087309142,-0.0896765692,0.3571571228,-1.4645590793,-1.5687898714,-1.8344263647,-1.6077224330,1.5942787198,0.1092838730,0.6811865531,-2.7009733192,-0.2111513604,-0.2753498797,0.2546246241
268,0.4857291955,0.8668053410,-0.1273082258,0.1910219978,-0.3179267065,-0.5886559440,-0.8191258040,-2.1567976458,0.7850469684,0.1071399075,-0.9343863101,0.2446526918,-1.5260484622,-0.3211121246,-1.8409480359,-0.1411208231
269,1.5272243940,0.8677594688,0.5718171279,0.8241192564,-0.4446453980,0.2600880150,-1.8070907358,-0.5374979343,-0.3712053358,1.3034662885,-0.6719260679,-0.3321873621,-0.9007948807,0.3747585677,-2.0960307105,0.3644670099
270,0.7493419641,0.3770553830,0.0391574834,1.3248551690,-0.8292395979,-0.9867229721,0.9639187610,0.9238266431,0.2307748999,-0.1552836329,2.2554641986,-0.5779413754,0.9821607028,-0.4282243515,-0.9431231126,0.4700670819
271,2.0495038570,0.1197761339,-1.8316271683,-0.3710881113,-1.2782623065,0.3718958429,0.3693169740,-1.1160109291,0.6078542200,0.1975548081,1.0081382449,-0.8105556766,-0.6759703387,-1.1154076440,2.0573489895,0.6711205024
272,1.0164647393,-0.2487319130,0.0152319149,-0.0089164808,-1.3249653949,1.6387816308,-0.8826590478,-0.6173399221,0.5122998926,2.0524533412,0.2588953253,-0.3416011018,1.2631201479,0.6612912322,1.4291221482,2.0745731295
273,-1.4836971875,2.3415171759,0.0653317411,1.5173769253,-0.0554800438,1.8982581135,0.9740288654,0.6400388509,0.7619264834,0.1670521133,0.6245135636,-0.0162645754,-0.8159410356,-0.3497860573,-0.8561273240,0.8792320140
274,1.2796452788,-0.7869281827,-0.2581926052,1.7704620272,-1.3289504036,0.5409425451,0.4578488960,0.5496973060,0.9188093621,-0.2727733811,0.0007938455,1.2049374816,1.5879332396,-0.2746359210,-0.2959259158,2.9423888302
275,-0.0223269307,0.1304567415,0.2555179271,0.7578022396,-0.1756658473,1.8695262029,-0.6105829237,1.5665815575,0.2079615442,0.7594201880,-0.1345687828,-0.4049828201,1.4203514618,1.1877843905,-0.4477869639,1.7130955024
276,-1.6950851065,0.4053736686,-0.1224217879,0.2465823551,-1.3537539522,1.4003748967,-1.6829635576,-0.7447256754,2.4422513875,0.0560610225,0.0567038738,-0.8877223209,-0.0677023440,0.6587731282,-0.7935801560,0.2130952391
277,-1.0366266990,0.5470778450,-1.5702210367,-1.7984728629,-1.3480414255,0.4813406288,0.0742864578,1.0602016438,0.1783054394,-0.0267293952,1.6672546706,1.0797208209,0.5297345333,-0.0423090553,-1.4172673315,-0.1432230208
278,-0.2803345677,1.0479780904,-2.0078737663,0.6406975347,-0.3211849866,0.4126524422,-0.2153025618,1.6057763682,-0.0202369912,1.9813020615,1.3993200523,1.4498322707,0.4998906911,0.1117422011,0.2955387697,-0.6006349316
279,2.0299046665,-1.0711762914,-0.7899424076,0.6682856686,-0.4275887614,-0.3056932670,-1.3241632538,0.7806638954,-0.3116243425,1.0365464344,2.2998097471,0.6588166753,-0.2366063281,0.4945716024,0.3722788384,0.1016129443
280,0.1463629781,2.7120549764,-0.3339820576,2.5266651611,0.6622017478,0.5057347794,-0.1757439329,0.2097156759,-0.7252512615,0.8590694144,0.0686658054,-0.2762664279,0.6363511701,1.8605481681,1.4973043636,2.2828420783
281,3.3502294843,1.2170766733,1.5264429802,-0.9294723798,-0.6052054826,1.3492779829,0.9695559199,-0.1954423904,0.3737488683,-0.3894853169,0.7540989121,-0.9867448435,0.1967332260,1.1496542714,-0.7345274281,1.6568827779
282,0.7347640215,0.0798580089,1.5348639093,-1.1719863493,1.2151499447,-1.3950593720,3.2253673158,-0.5167044105,-2.1103043363,0.3949917081,-0.1341692825,-1.3803263418,0.6824987620,-1.9057498463,-0.1681922360,0.0676432466
283,0.4358292547,0.5575330257,1.9172095990,-0.9231235558,0.7865291460,0.2398064114,0.9056978616,-1.3464820750,-0.6220659143,-2.0305656032,2.2258057296,-0.1406569573,0.8208314979,-1.9428022055,-1.2299988052,0.7923052711
284,0.1013769489,0.6906987659,-0.6149353104,0.2226729352,-1.1706226603,-0.7419556414,0.8275292755,0.5200689557,-1.4853325135,-1.9557350741,-0.8768589873,0.5639642659,0.0476777145,-1.4060888500,-0.3277065656,1.5979599739
285,0.2304964701,0.5209184176,0.3863406622,-0.3908991880,0.6334770554,0.0220445068,0.8236624333,-0.6534916524,0.5568885037,-1.8856343246,-1.7914020156,0.3768411906,1.3574966721,-0.6554372669,0.8375167075,-0.7774662768
286,1.0747337735,0.3827052351,-0.2792068958,0.0638512634,0.4750555305,0.4083686229,0.4885445624,0.3298425982,-0.1379750907,-0.8936735360,-0.2355250721,0.8031310093,0.5978030008,-0.5076470851,-0.1258221989,-0.1024413277
287,1.0602270010,-1.0459811932,0.0703956422,1.2925524911,-0.7095885878,-0.3816756574,-1.8884121551,1.2477191053,1.6390809219,0.4020230762,-1.4089843974,1.1498932293,-0.5538425291,0.5594540596,1.2827942632,0.4408941611
288,-0.5741370007,0.1007529135,0.5349989953,0.1980242463,1.0014934354,-1.6399358078,-1.6783370852,-0.2754915198,1.1776832202,0.5918196494,-2.0674057067,-0.1890328792,-0.1784517974,0.1456565010,0.1531242839,0.0084292184
289,0.1665370964,-0.3180215582,-0.8786360157,2.2759960713,-2.1816314877,1.1716027109,0.6015384317,-0.8694713972,0.2824645675,0.2563023721,-0.6304967531,-1.2120638477,-0.1947630591,-0.0510737044,-0.5631416217,0.0342864079
290,0.8351861142,0.1365793168,0.2729631678,1.9875483927,-0.7862160172,-0.4384139946,-1.2039766921,-0.3085011858,0.8084727644,0.7178401255,-1.8888355615,-0.7222699557,2.1700019766,-0.1360379649,-0.4672900454,-0.6256151333
291,-0.5880030745,0.8915153191,-1.1072270082,0.5037857699,-0.9328987781,-1.0883816874,0.2909555758,1.3259936908,-0.6431830000,1.6217006325,-2.7248332032,-0.1753343909,0.9080409993,0.2538268905,0.2775040417,-0.1917127136
292,-0.7118177522,1.1063739426,0.6716662260,1.3349206304,0.8227497943,1.3456867885,0.2225655158,0.9458440211,1.0305158304,1.1331631657,0.2981516692,-1.3527424241,-0.2279874935,0.3522635709,0.7421799498,0.7566948878
293,0.3494941155,0.0187847465,0.4058931591,0.6798513904,1.2044021951,-0.9783806543,-0.2160557144,0.1904170671,2.4387520176,0.7785295359,-0.3738973570,-0.1003014489,-1.1781957462,-0.8720376134,0.3550770786,2.1232382617
294,0.6157276618,-0.4706464531,-1.1212518405,-0.6236631900,-0.3911716423,0.0942649008,-0.4314236211,1.1954891530,0.6941715093,-0.7280928364,0.3109342139,0.2074866902,-0.2460624277,-1.1454297231,-1.6392219865,0.3296514343
295,-0.3369878485,-0.6258517953,-1.3410978996,0.6438357190,-0.0936882228,0.4102890876,0.6371390774,0.1897733107,-0.1811062341,0.5448314876,0.8838623792,0.3459430380,0.1380385318,1.0859477197,-1.6950815474,-1.6065131967
296,0.8176003157,-1.3927139762,0.2966537409,-0.1505305975,0.5110852221,0.5547302436,-1.3934668239,-1.1713108587,-2.2731938170,0.1008839289,1.6534983724,0.0759784575,0.9850217290,-0.8218415264,0.1847400284,-1.6389664455
297,-2.1351971932,-0.9250561487,0.2064708154,-2.9325863768,-1.0600548101,-1.8410326425,-0.8198210470,-0.6661621347,-1.4620323368,-0.1493451017,-0.0067276136,2.0991149547,-1.1825061249,-0.6296727523,1.3753155033,-0.3526451627
298,-3.8105479650,0.0838282135,-0.8101966471,-0.6450248656,-0.9278072451,0.5632507989,0.1071162531,-2.6086789993,-0.5731660167,1.4467101767,0.5509112376,-0.1110397694,-0.6569894044,0.1130850520,-0.3840294356,-0.3746974367
299,-0.9764854469,-0.8338666401,-0.5901023150,1.8313541810,0.2317707822,-0.0308292386,-0.5205067895,-1.2833073952,0.2393059390,-0.4744149747,-1.4521150870,1.1098463279,1.8814777110,0.8460317150,-1.1113075329,0.5704648187
300,0.2457164461,0.1021449937,-1.1180378979,1.7599988394,0.9711017621,-0.0735431814,0.8796621586,-0.1555581674,-0.8255662915,0.1113297204,-0.1767132412,-0.1792469981,1.4202632101,-1.7053872853,-1.7347273043,2.0616962505
301,2.7169918616,0.4157414383,-0.2647336253,0.4850257042,0.9953183537,-0.8196168281,1.3461308494,-0.5090890342,1.3601804738,-0.0772528871,1.2170480068,-0.7262790057,-0.0910690719,-0.5181712463,-1.4969727855,-0.5029737487
302,3.1147244290,2.1478938046,0.0871138062,0.4468793472,2.0491576987,-0.0318870759,0.5426136066,0.0284467899,0.1377578193,-2.0911503459,0.8361020860,-1.1310645368,-0.2486077567,0.9873436554,-1.6099115511,0.8328560066
303,5.1179487768,-0.6251630619,-0.0911772914,-1.3303195761,1.1441790656,0.6742151065,0.1697008295,-0.7408802698,-0.0491521381,0.3817936308,-0.2613262773,1.4275369937,-0.5797490609,0.2654617535,-0.8451178609,-0.1154015335
304,0.9980219462,1.6234430982,0.0528481347,-0.9621664024,1.1822235923,0.3465951677,0.0559684089,0.0616199462,1.2475054673,-0.6140774839,-0.0969685355,0.0840137423,-1.1552014502,0.5481342206,0.5395748121,-1.6782358019
305,2.2961079874,-0.3357100699,-0.6124317636,0.7511531147,1.4812311627,-0.3111543671,-0.5374000112,-0.5812839552,-0.5041082205,-0.3828735832,-0.3093632122,1.2729317777,-0.0869609945,-0.1128219657,1.0563254823,0.1896166218
306,2.2175692325,-0.0492713395,1.2852816561,0.5056057326,1.6048352865,-0.0534773308,0.0296672560,-0.9008931749,-0.4845972485,0.6301433032,2.4994682649,0.8783379298,0.3681749751,1.1152799112,-1.3334848074,-0.7084930564
307,1.0104442123,-0.8946729031,0.9254754024,-0.1657692710,1.3221147585,0.2778962980,0.5277395614,2.0262917099,0.1489824884,0.0034101936,-1.3039171484,-1.0874852658,0.9363495854,-0.0721539551,1.1031087097,-0.0186741031
308,-1.9724765094,-1.1608451135,0.5296456848,0.5164776836,-0.0431727015,0.2601936843,0.3693345416,1.2117431677,-0.5400441136,-0.5657574669,-1.1030489785,1.4140772038,1.1209136943,-2.0773167065,-0.6359017312,-0.3956529263
309,-2.3983659688,-1.2493716829,0.5641815500,0.9529778322,1.9854626711,-1.1967644111,-0.3136671922,0.2711606947,0.2562241947,-1.1367302000,-0.6137764092,1.1659332641,1.9309330884,-0.6033231195,0.4438677375,0.8056464843
310,-0.0755329812,1.1565905331,-0.3061467365,-0.2619948631,0.5678604062,0.4273572859,-0.6888692110,-0.1978721956,0.6092680811,0.0510806488,-0.6775962222,0.8616449256,1.6529086645,-0.7087118264,1.8412528333,-0.0654402618
311,0.9029775438,-0.3211436658,2.3443413475,0.4956380875,-1.0414366277,-0.2941585321,-1.0730630576,1.1737897834,-0.2603241145,-0.1465599016,-1.9459140884,0.2333906837,0.2166563692,0.2409260424,-0.6636782299,0.1840306612
312,-2.2065527503,-0.7042646325,0.3041701573,3.1987616900,-0.0259476352,-0.2241487717,0.8765767866,-0.2871360841,-0.3403994584,-0.8688055859,-0.0270515294,1.9170033091,0.7741551521,-0.1420980736,0.2505065997,0.2663964665
313,0.6897485223,0.0343108808,0.0867781226,0.6201215359,1.1342804029,1.5217587479,1.2911478836,0.6368914979,1.1123059314,-0.7550114545,-1.4593207979,-0.4672101612,0.5718872999,-0.9764000883,-0.0646011983,-0.7151158642
314,1.0915903683,0.1124017786,-0.4463165609,-0.7655087537,-0.4595572701,0.7966415160,1.3496014401,0.0537404083,-0.2486442916,-0.3416244567,0.5905309028,2.1263664344,-0.1976807676,-0.4185692289,0.4709175912,-1.3696996240
315,-0.0311553057,-0.9012797132,0.0428629613,-1.8416141644,-0.1250364951,-0.4862168564,-0.5915311326,1.0999551543,0.3002631642,0.4381248527,-0.6526816837,0.7552660162,-0.9750518220,-0.3823563120,-0.9725520017,0.9409360387
316,-2.3776782986,-0.5136269177,-0.4671674928,0.4000179763,1.5826411188,0.3509538765,0.7302941952,-0.1300643359,-1.3547757722,0.7764254351,-0.3135628339,-0.8436766394,-0.4895889611,1.0997061223,1.8950909667,-0.8538397567
317,-0.4006028214,-0.5169888410,-1.0068188508,0.0170137474,-1.0945912061,-1.6603152185,-0.7260027225,-0.1758302024,0.1196982912,0.2828862268,-0.1045447833,-0.8651280182,0.9383360055,-0.3110728373,-0.4358388329,-1.2693389015
318,-0.0640199387,-1.0563476786,-0.5331076448,0.3114927214,0.9673113678,-1.3802106023,-0.1523005550,-1.8498553470,-0.0239805074,-0.8178833708,0.9600769487,-0.2587050384,0.7472966070,1.1888158313,-1.7414663319,0.6266686769
319,1.1871039721,-0.4722925761,-1.6174238183,1.5155444795,0.5407625665,-0.0682269435,-0.1691414010,-0.9337811418,-0.3463298461,-1.3423060001,1.0621968300,-0.5107080590,0.8787040804,0.2274968825,0.7307278911,-0.0292758787
320,2.3670605956,1.1409781341,-1.6034556745,0.8342848845,-1.2644283236,0.1624657595,1.0879410110,1.8423911193,0.3917133111,-0.5466946328,-0.1994851651,-1.3716469004,1.2756568678,-0.0066103241,0.1576623606,-0.5163021026
321,2.2586605575,-0.1510108120,0.6056829128,-0.2529192793,-0.9098327842,0.2171770402,0.6463688819,0.3690076729,2.0056222513,-1.6227264433,-0.2445575554,0.3590526427,-1.2474769198,0.7366582114,0.4071115985,-0.6299705738
322,0.3960148788,0.0397547781,-0.9082596678,-1.8162782419,0.8163718854,-1.4676617026,0.4526028349,0.2542646269,0.0124099845,-1.0377002262,-0.0787650994,0.2805797966,-2.1417573431,0.6855476985,0.4149742708,-0.1773906335
323,1.7023020500,-0.0660496472,2.3862517340,0.2987274714,-0.8945611974,-1.2065260662,-1.2478786344,0.9269575160,-1.2368922029,0.8679149080,1.6223257463,-0.9950766807,0.2841686714,1.2063113328,0.2195474048,-0.9593467569
324,-2.5838189894,-0.6861334058,0.9759486947,-1.5670330181,0.1177253409,-0.8288505166,-0.2895952559,-0.7305040443,-0.0153051645,2.2166584514,-1.2347609038,0.8742410379,0.8102239059,1.3563509386,-0.7513358574,-2.3127358406
325,-3.0728957679,0.2658705991,-0.3937535130,-1.3833050398,0.5780484037,-0.3982078904,0.4463732318,-0.3744842045,0.1002733536,-0.4185040271,0.7473054664,0.6393188193,-0.1167087513,0.6969699959,-0.1084197055,-0.2246851122
326,-0.8358888832,-0.4343185814,-0.4861653333,-0.1830710604,0.3686221749,0.3567163211,0.7579010654,-0.5178874018,-0.0242477237,0.2593142172,-0.5177383563,-1.3180733603,0.6498900483,1.1298184754,0.3119845560,-2.1492533416
327,-0.0560970417,-0.1487183760,-0.7703620766,0.5803548508,1.2761249978,0.5578240166,0.0882617931,1.3449327598,-1.1553795100,0.5122808673,0.1904053805,-1.2453263181,0.5005591693,0.3840051171,0.6530449344,0.1685051715
328,0.0021719962,-1.3892530411,-0.9415235510,-0.4845138756,1.9051186973,-0.8157665745,0.6348929714,1.2033025924,1.2368800620,-0.6771952511,-0.3691533430,-0.5426453167,-0.4273186678,-0.2590104802,0.0315888991,0.3890676687
329,0.5181940936,-1.6159958737,-0.3716658835,-0.3595937120,1.6254183874,-1.6094064023,-0.4016471821,1.1927101557,-1.1966899499,0.9928794097,-0.2693706212,2.0857310157,1.2679558312,0.4887685341,-0.5653529619,0.7168270003
330,-1.2930716373,-1.3620761090,-0.1958026920,1.4103696992,-0.1766761389,-2.0417961683,1.2617453694,-0.7833775401,-0.4753017487,-1.5041407740,-0.2910654797,-0.6345123282,1.2058930997,-0.5098881651,-0.2012667786,-2.3620578165
331,1.2154155095,-0.4428789270,-0.5780133031,1.3433051519,0.7982239444,0.3655579881,-0.7218305069,-0.6649956844,-0.3083039902,-0.3011222674,-1.1458276927,-0.6559648937,-0.8578969408,0.2833654593,-0.0293308831,-1.2913022299
332,0.8919304218,0.3599169109,-1.1622796385,-0.5950383944,-0.0343404682,0.6174416093,-0.8740283820,-0.8590812199,-0.8449445594,-0.6344804358,0.6709657310,0.7477595317,1.4173068117,0.8281739348,-2.6802162758,0.0111812918
333,0.1055328919,0.7278308920,0.0187807425,-0.1215077006,0.6306742820,0.8251405453,0.8125428016,-0.1714260318,0.2272034769,0.0233358995,1.4412516558,-0.7706985188,0.5065366170,-0.2813147514,-1.6972350022,0.5567088823
334,0.8335467021,0.3447367938,-1.1326087871,-0.5180728184,0.1645265244,-0.5534378719,0.5950258793,1.0352693488,-0.8988770225,0.0852870712,-0.4314678701,0.7298163760,1.0442937481,-0.6346589206,-2.8231543877,0.1172876879
335,0.8687526789,-0.2642564752,-0.8972540810,-0.5649434373,1.0939438242,0.8789910736,-0.3716126810,-0.5753400076,1.4572967859,0.6303357217,-0.8769455028,1.1022245081,0.9655363792,1.0802170243,0.3163844856,-0.1174765739
336,0.6062040293,-0.7228789262,0.2263803168,0.0677557934,0.8887808378,-1.0647045023,-0.2694957799,1.0619255584,0.5986512392,1.2478819427,-1.6004241587,2.3873749999,0.6746664142,-0.2777534371,-1.6787511451,0.8079590021
337,0.0510687822,-1.2146296349,-0.6326336920,-0.7725749268,-0.7069294136,0.7477264803,0.1320755811,-0.2349063060,0.1616860547,0.4990437043,-0.9044086208,-0.2562400127,0.6564377647,0.5029774176,-2.0512274796,-0.1630035461
338,-1.4548406822,-1.4662083856,0.3107736891,0.4095399837,0.1354906141,1.2065540848,1.1673745751,1.3336627731,-0.7062690683,-0.2072222897,-1.0115137087,-1.4642439176,-0.3650360655,0.6805372805,-1.2690303891,0.2891285181
339,-2.2268919839,1.0030042948,-0.0103903113,-0.1803354160,-0.1156679042,-0.8034356122,0.2138374410,1.2797316458,1.3676073471,0.0757505755,-0.7485662276,-1.6025434366,0.0842695668,-1.3737804510,1.3317135942,-0.3409029509
340,0.4303139640,-0.0150549299,0.6861026129,-0.0438475795,1.3835354130,-0.0836748683,-0.5982106273,-0.5700067982,2.4337099120,-0.4490488814,-0.7978382944,-1.3907482643,-0.1706369577,0.3720343644,0.5060661357,0.3753612755
341,0.5537891732,-1.0845986841,-0.6785175749,1.3487064154,2.7609167977,0.2333389411,-0.4413214984,-1.1032128538,0.2747218830,0.6870225512,-1.7606525957,0.8665406625,0.3495982061,-1.0461487245,-0.4755025060,-0.0079115297
342,0.3982317098,0.1984646953,-0.7680866679,0.0045670741,-1.2407815144,-0.8943879521,-0.0902816054,0.3916635900,-1.0166764121,-2.5820637831,0.1868509157,-0.4812953502,1.1747578874,-0.3672017035,-0.5567513326,-0.1634080979
343,0.7006733302,0.5011832842,-0.0901523126,2.1052641438,-0.0200710811,0.1550299332,-0.4315449295,-1.4051641041,-1.8000389779,-1.2854579110,-1.0807171767,-1.3736051824,0.6900748081,-0.0986478754,-0.0380003124,-0.6251633125
344,1.4327743741,-0.3104912750,0.2800726303,-0.2160292205,2.1888944936,0.3136763215,-0.4483910051,0.4909101595,-0.1329826515,0.9925018970,-0.2068793703,0.0903049026,0.5610682876,-1.1495365219,-1.3081283734,-0.7942676381
345,-0.2162540704,-0.3750163942,1.0179836223,-0.8337495786,1.0204495976,-0.3308660589,1.1801189259,-1.6401631443,1.0630027924,0.8118103956,2.4757584480,-1.2456260983,0.2144191675,-0.8956303636,-1.0334488422,1.8692328759
346,0.4955880674,-2.2726200687,-0.0249904104,-0.7926708724,-0.0472964707,-2.2355638764,0.4987519492,-0.4509742529,0.2626755802,1.2631495285,-1.2673015855,-1.8862809208,0.9518479333,-0.8250621087,-0.4684333387,-0.0370994977
347,-1.1506969729,0.3281504442,-1.5954313132,0.4528849724,-1.1621398690,-1.1650642191,-0.9785475422,1.2126164759,-1.1719508046,-0.4215341323,0.9786408664,-1.1107253083,1.2167046167,-0.7892504554,1.3166202863,1.0239121952
348,0.5617740032,-1.9759661740,0.6588448133,1.1231372811,-2.3886176647,-0.3018583871,-0.5321338875,0.1193668281,2.0990626018,-0.1556105978,0.7216198890,-0.8827321411,1.1444966919,-0.2768584170,0.7125148424,-0.3420262453
349,-1.1490997774,-1.1771390950,0.2501717144,-0.2280214921,0.9370175224,-0.3738700159,1.4473266252,-0.5609580828,1.2940166109,0.8981826442,0.4872431534,-0.4808825414,0.1598602071,-0.4225599903,-1.5690095800,0.2827084929
350,0.2434159378,0.2216958862,0.9550874951,-0.4991651645,-0.2414535473,-0.9678021197,-0.4148731445,-2.7736794963,1.0527555820,0.9410700579,0.2310647407,0.0883861992,-0.2892764214,1.3491960972,-0.9251670463,0.6980179602
351,0.2716024149,0.4649114732,1.1101365312,1.0492814888,-0.3323382467,-0.7181521439,-0.7893516139,-1.3804090808,0.2205632765,-0.7240134311,0.3025577168,1.3126929865,1.2804857407,1.5037247233,-0.8307710768,-1.3716401002
352,-0.3998258896,-0.1180093464,1.7927746523,1.7821214956,-0.4187462797,0.6497393311,-0.0823637471,-0.6070408598,-0.9016815036,-2.1598991357,0.8699356767,-0.5981324261,0.4998975697,-0.3042339064,-0.8581601639,-0.4140186431
353,-0.5836159335,-1.9492820984,-0.4862167304,-0.1589797154,-2.9213369905,1.0545254032,-0.3329107659,0.0450013087,-0.1581007689,1.1784552023,0.1467696905,-3.0193595951,-0.0311480895,0.0463165570,0.4973462062,-0.6281703194
354,-2.2499646818,-0.0124692511,-0.9694816157,-0.3999146354,-0.4776819121,0.5857175365,-0.1545059979,0.9277727746,-1.8913306396,0.2010656590,0.6854533254,0.0665633275,-0.6517720322,-0.3418069065,0.5360684473,-0.4676801771
355,-1.0545041972,0.3361368738,-0.9820195114,-0.8580407412,0.9327840954,-0.8360529193,-0.2291589984,0.0431983093,-0.1988455584,0.3683259175,0.8335745541,0.0045957186,0.2140761458,-0.0569778244,-1.0370800444,-0.0280998096
356,0.9065059539,2.4881686608,-2.0708988220,-0.9764816392,-1.1299344146,0.5065998567,0.7768188617,1.9040425534,0.6252744647,-0.9297202203,-0.1695815264,-0.0615927896,0.0347002563,-0.5596671406,-0.6604824523,0.0184337140
357,2.5096191061,1.5362074935,0.3339509329,0.9871444420,0.0148699008,0.2241400000,0.8900059158,1.0124554812,-0.2001188448,0.6386545218,-0.6826046909,-0.5222432458,0.1873399602,0.0592076241,-1.2014627846,-0.7457225986
358,3.2747064836,1.0660541003,-0.0337124234,0.8090384600,-0.0156161917,0.3077501420,1.4668151493,0.9447299469,-0.4586939078,0.2356373016,0.6445569248,0.2873444099,-1.2675987807,-1.5040238984,-1.4454390886,0.1901976254
359,1.1756679142,1.1945658365,0.7787471391,-0.2404156694,0.0512013108,-1.0520891278,0.5445592981,2.2970320469,-0.5111133359,-1.2170235935,0.2300096167,1.6091238235,-0.3915781175,-1.0947242041,-0.2800040840,-0.8415278270
360,-0.2989983757,0.4731418682,-0.6747892289,-0.1610313965,-0.3970817989,0.7023371889,-1.0382587637,2.6676896801,-0.2587265325,-0.1597822077,1.9829092606,1.1762445055,-0.4408699784,-0.7876241930,0.2674151278,-0.3432917243
361,-0.7885218581,-0.2552585835,-0.1594566139,0.6130781008,-0.3793476363,-0.7062864930,-0.6453014647,-0.3723474805,-0.3826730006,1.4330912549,-0.8587795504,0.6188256967,1.2463167070,-2.3559340560,-0.5960664079,-0.3415817016
362,-0.5201551779,-0.7461341650,-0.0335243769,0.7681144524,0.1016529943,-1.0449600051,-1.5445178216,-1.7440761029,0.0687059468,-0.7117813479,-0.6001183673,1.2398619060,0.9602547310,0.0816548509,-0.0256835753,1.9717847346
363,0.2330298320,-0.7168465460,0.3646998634,0.7074326214,-0.2172966812,-1.1021876721,-0.4583182588,-2.2528786402,0.0703116332,0.0846723873,0.9870091366,0.4433465409,0.6183974051,0.9393982063,-0.0863881218,0.7124871538
364,0.2719473829,0.7420942861,0.2441694609,0.3300331227,-0.4268518577,-0.0317535156,-1.2073852412,-1.7075596433,0.4289578320,0.0943997209,0.5541565145,2.1389614820,2.0771285224,1.7312331625,0.6305985060,1.2027872543
365,0.6461278655,-1.3141441595,0.3096713212,0.2096631970,1.1143134323,0.1950900613,0.8044990326,-0.0721157273,0.8709166041,0.1370482101,-0.0392676193,0.3677161402,0.6352367278,0.6844562685,-1.1394065427,-0.7501402698
366,0.0533447958,0.7835291578,-1.3192294747,0.3161596900,-1.1702203433,-1.4346856994,1.1163235682,-0.9451511589,-0.5086450185,1.8000795533,2.9986273397,0.8148666270,1.1680168172,-1.9699482132,1.0392926682,-1.6935089397
367,1.7618437997,0.7976837050,1.0470783271,1.1448709239,-1.3291866464,-0.9769905637,-1.2996418526,-0.5444462465,-1.5034204901,0.7339634626,1.1718558465,-1.4552270953,2.0676970559,-0.9852804780,2.3039949742,0.4315465599
368,0.5089216795,0.2552388673,0.1724362276,1.4848221220,-1.2553072877,0.2671083018,0.2176916104,0.1726967807,-3.3615773818,-0.4863153876,-1.0646517255,-1.7808320433,1.3455050179,-0.3581045925,3.0357918959,-0.7466175199
369,-0.5788180624,-0.2349783966,0.2277189230,0.0097679552,-0.5141604319,-2.8082969733,0.9181119999,-1.1819856131,-1.2776404785,-0.4690423273,0.6752735860,1.1413437118,0.5696654951,-0.1579038019,0.0740592531,-1.7558781329
370,0.6996915365,0.2940574503,-0.0520945327,0.1568000836,-1.1969388035,0.0348367558,0.1322019032,0.3097166156,0.8137563386,-0.2857726306,-0.7433252876,0.3903140907,0.8218799139,0.7541539644,-0.2901417719,-1.0635178201
371,0.3479876917,-0.4989737775,1.6312084772,-0.1006317152,0.2446005384,0.6559276363,-0.9273562167,-0.7578206279,-0.6690559888,1.2800289611,0.6016142293,1.1293197850,1.7221581431,-0.5845160837,1.0901975525,-0.0021363577
372,-1.9791229140,-0.1307405225,2.6670653300,0.4021128081,0.8269263402,0.4531234075,-0.7120607399,-0.8097160599,-0.6512186396,1.0633228305,0.2028243657,1.2520122738,-0.7932338363,0.3321125998,1.4662773817,0.8097662601
373,-2.7406521304,-1.1811434592,1.0800035843,0.9110668044,-0.4121790392,0.6060947621,-0.2882301788,0.2682132675,-0.4994682598,0.3977508194,-1.2194127791,-0.0738474894,0.5488833329,-1.1397027560,0.2571744116,1.0076147734
374,-3.2569615387,1.3411877647,0.1210233521,0.8204318318,-0.3642419862,-0.2998938852,0.2999624177,-1.1084608080,0.2445739574,-1.0452056423,0.9973904647,-1.1195877699,-0.6584304336,-1.4503505315,0.0685149911,0.9218521308
375,0.9973820673,-0.8381449764,0.6922524657,0.0581424121,0.1331884842,1.0010489968,-0.6923862720,0.7211325578,-1.2691554158,-0.5295283362,0.5893407789,0.1968630000,-1.0365077820,1.3195219143,-0.3871828188,0.1080054903
376,-1.0555199969,-0.4996575467,-0.2238664804,-1.4896871506,-1.1523486107,1.5906665289,-0.4483778457,0.1784923957,0.3606904595,-0.2105101239,-0.1418788758,0.7556923759,-2.1009753166,1.0650761200,-0.1847388760,-0.3917392558
377,-3.7070064605,-1.7887957045,0.3034581447,0.0133105409,0.2636842176,0.5183663598,0.7897828063,0.0489863410,0.7171241717,0.9086928270,-1.5803597372,0.0621906832,0.2858874540,1.3087139535,0.6063107952,0.7879765287
378,-2.9978714487,1.8559660000,-0.3893902154,-1.2991472611,0.2688025567,0.3142000823,-1.1509293501,1.4926265266,1.2449067719,0.1678379064,-3.5738548585,-0.9729420330,0.5309213034,-1.3286625205,0.0085947257,-0.4419496004
379,-0.6788720740,0.8070429621,-0.1950901462,-1.7284604775,0.7210459144,2.2009497448,0.3691270605,-1.3745457981,2.2410401617,-2.0601022133,-2.7214055592,0.6603716808,-0.3435402896,-0.6225350104,0.2490990020,-1.1918701075
380,0.3355113364,-0.7572056600,1.2044335800,-1.0368331287,-0.3599965922,0.2832443094,0.3153148283,-0.5333193896,0.1658410583,-0.3321338734,-0.6597718243,2.4570741224,-0.8498496180,-0.9279931884,2.5048449064,1.7402710633
381,-2.3664028465,0.0136082312,-0.2862788772,-0.4537044843,-0.2732911774,-0.7634496030,0.5296238925,0.6241650813,0.2178724246,-0.8299094817,-0.8155853095,0.6214547275,-0.3682910821,0.3162205095,0.4591189091,0.3766203331
382,-0.0476477092,-1.6442315255,1.5689165456,-0.6533220407,0.7776588360,1.1014805902,0.1043120897,0.0985262712,0.4115714526,0.4725823729,0.1887364753,1.5969204435,-0.6757822463,2.2066804606,-0.5199299132,-0.5893472043
383,-2.8733007577,1.0381268364,1.7731125598,1.6351123238,-1.1992382928,1.2652728318,-0.2645684283,-0.3496838163,-1.6834874881,0.6817408464,-0.8316250142,-0.1837385768,-1.4716278316,1.2163392815,-0.0208671291,0.3376075896
384,-2.1708625119,-0.3872995012,1.8367012122,0.7272925772,0.6225112126,-0.7587565311,-0.1941448489,0.0977398431,-0.9443267699,1.1046799028,-0.1663068978,1.6033393771,-1.8557708107,0.3501158200,1.7213375701,1.0002777040
385,-2.4701407782,1.3628757170,1.8095727273,0.0506922955,2.2323196790,-0.9808553642,0.0948013103,-0.6529571975,-1.0280281054,1.1661120784,0.1380968558,1.3300573179,-1.8650485986,2.1067988679,0.7166823590,0.3939330933
386,0.8029772287,0.5237207950,1.6668315933,0.9221809114,-1.8585108194,0.8148386348,-1.2061720854,1.0259997531,0.5844112044,-0.1767655780,0.7629270937,1.0765094528,-0.3865162459,-1.6250374012,0.9611384745,-1.0341290142
387,-2.3319182256,1.1944512725,-1.5321500691,0.6345786453,0.5767787107,-1.0943327553,-0.0910856988,0.1104210743,-0.4859399427,-1.2293893048,0.7659843863,1.3827145450,-0.0499725054,0.6173386140,0.7364632085,-1.6422314535
388,1.9934886810,-0.5788628803,-0.4524548698,-0.6873822703,-2.7865044725,0.2795141925,-1.2681007273,-0.7899512525,0.2159854643,1.9219345863,0.9071311387,0.7743436273,1.1679432441,2.5194702987,0.8225811879,-1.6461845081
389,-1.7977342034,-0.9991358571,0.5012694256,0.3392015204,-0.5642929747,-1.1396642947,-1.0516332184,-0.3653498170,-0.8073994583,-1.1586706932,0.5600839408,0.3026548306,0.3654216100,-0.3714100065,0.8568988366,-0.3964249431
390,-1.1658962992,0.8183567162,0.0939941096,-0.3832035699,-0.2268262800,-2.1826803421,-0.4650281943,1.2827944578,-2.1126794411,-0.1145603729,0.3639748201,-0.7422851156,0.5714582823,-0.9285508308,1.3054528607,-0.3368668208
391,-0.9802900724,0.2461529670,-0.2056986469,0.5823881594,-0.5603424810,-1.2123787770,-0.0687489722,-0.9645699123,-2.8865657668,0.0918272762,0.3957489340,0.4955515017,1.6571996943,-0.2426872184,-0.9086700980,-0.0772315072
392,-0.4078429688,-0.1383349649,-0.3891460698,0.0903000511,-0.3975876978,2.2072034790,0.6601064566,-1.2534024301,-1.0306360679,-0.0837943002,-0.2108559704,0.5732275808,1.0212031880,-1.8201326585,0.0669835078,0.1990671059
393,0.1883634671,-1.8609402736,0.2783060000,0.2079493178,0.4444498142,0.0280763925,1.1079384636,-1.7431123267,-1.6371340118,0.1584429166,-0.6370562521,-0.2599516762,0.1521832606,-2.3297783783,0.8686387116,1.0110489325
394,-0.8535218215,0.7592570350,-0.5145521979,-0.8430919831,1.4884085267,-0.6921813567,1.4160588122,0.5576794398,-0.4449194614,-0.8982432358,-0.0625441974,-0.2689964164,0.2969281743,0.9669047159,-0.5607009272,-0.2027349238
395,1.7800546239,-1.0394341272,-0.6730482824,1.1704071542,1.5193461637,-0.9293920120,0.6623524532,-0.3544427444,-0.7439533321,-1.6068526456,1.7467079771,-0.4634922491,0.6659475550,-2.5934652988,-0.5393451994,0.1038349618
396,3.0539471354,0.2494159626,1.0143633607,-0.4230338789,1.2637730561,1.6506851771,1.4442541586,0.7063705873,-0.0669020817,-1.0826694995,0.7281923536,0.0713667404,-1.3684399321,-0.8230842138,-0.5891759113,0.2272625950
397,0.8493508908,-2.0620096021,-0.1090763250,-1.1040092570,1.7417078311,2.2808778970,1.5477492495,1.2842745064,-1.6545006784,-0.7938680593,0.5187886110,0.7586192298,-0.7364634336,-0.8589222644,-1.2847060076,-0.8946299507
398,-2.2733849227,-0.5132289967,1.9560555234,0.2494044598,1.2270664583,-0.5302040785,1.8490039270,-2.0173394563,-0.8202129268,-0.1718026068,-0.5786156081,1.0575137012,-0.7831539391,-0.8871634321,-0.1147881957,1.8657330362
399,0.0695652184,-0.8341579077,1.5017106535,-1.0088515050,-0.8876988374,1.2157685770,-0.0135787331,-0.7232465786,-1.0570453033,1.2594762504,0.1731281540,-1.4239294935,-0.4446936908,-0.4986736216,-1.3825919842,0.1694809237
400,-3.3575876167,0.9334735348,0.4157068373,-0.6291555966,-1.4428757200,1.2325126230,-0.3794942788,0.0890828001,0.0985356953,-0.9353047368,0.7591161941,-2.6319100630,1.2674257818,-0.2896667141,1.6209503913,0.6078103672
401,-1.3717265807,-0.9741511586,1.5298774676,0.1127277958,-1.8003259326,0.7145721417,1.5351447452,-0.0075833852,1.2890567024,2.2851360374,-0.5098837381,-0.5973595165,3.2312626013,1.3443988548,1.4990434191,-0.2345949765
402,-2.9011500289,-0.9229973016,-1.0089647218,0.7723439730,0.9552159585,-1.2111230372,2.3081873997,-1.6583171018,1.8349051013,0.6722816269,-0.5154552969,0.4672587656,1.6981555010,0.1064936721,0.9658297362,0.9418369696
403,2.0384901421,-0.1938615987,-0.7058051588,0.6069038428,0.4339473874,-0.6169261793,0.3248731229,0.3024654540,-1.4875395047,1.4510913240,-0.9026690745,1.2479764645,0.7203001985,1.3609164823,-1.7529787633,2.7673564513
404,2.0301505695,0.0147239487,0.1563286173,0.7603237772,-0.9470701722,-0.4157299526,1.1480619711,0.7450548696,0.7626079096,0.7686891350,0.6082213879,0.6012260540,-1.3340325009,-1.3773323403,-0.5071502807,-0.1326903477
405,1.7760595316,-0.7366543948,1.5993065416,0.2423133002,-0.6189621534,0.6758929813,-1.8196063976,-0.3431659838,0.3785538992,0.7108516232,0.2327672502,-1.6797082482,0.2964859903,-0.1421678394,-0.9419424824,-0.1504933166
406,-1.7564895067,-0.9068839880,0.8585327029,-0.4483259839,0.6190740041,-0.2599270176,-0.0443091917,0.3122383877,1.7293954019,-0.4185170218,-0.6005566784,-0.5867292942,1.2604815281,0.9808887202,-0.2453555795,0.1432487444
407,-1.6818360953,1.1213091447,0.6678266511,-0.0680010308,0.0499523137,-0.3261103017,0.9342121307,1.0970630957,1.8443107746,-0.7800040778,-1.8420499085,-1.2213085551,3.6673344664,-0.9498642348,-1.3485877375,0.7091333001
408,0.6219632418,0.2673994362,-1.0268414335,1.6400338904,2.0062741042,-0.2809354833,-1.7523193581,0.1774554633,1.4771861180,-1.1374571185,-0.0882459928,0.2622749848,0.6664918268,-1.6959712513,1.3475018358,-0.3128178898
409,2.2786636868,1.3310998537,-0.7018974679,2.0138408098,0.3029760543,0.6882877394,-1.6900455399,-0.5968736812,-1.5940254408,-1.0982551693,0.4120274148,-0.3129565825,0.9605108683,-0.3126203698,-0.0896489241,0.7445616235
410,2.4688489711,-0.6654615367,0.0967844046,0.5564408162,-0.9273417081,-0.8164889365,-0.6794886793,1.4934473472,-1.2288160384,1.4061614191,-0.2740584356,-0.0592470913,-0.4370260316,-0.5759377965,-1.4870486171,0.1181574603
411,-1.5592386231,-0.5097542450,-0.2578038002,-0.4750721645,0.2031959617,0.7088773413,-1.2097169718,1.0940457990,-0.4495851300,-0.0527239714,0.6217197563,-0.3408236616,1.6116688357,-0.0183258885,-0.6594386039,-0.8393681398
412,-2.3824326762,0.1172490479,0.8716986193,-0.6887719906,-0.5677438417,-0.8393982449,0.6572018435,0.0548124383,-1.3081299416,0.0472275041,-1.2671460415,0.0188683985,2.1063842841,0.7752881689,-1.5775930675,0.9717512680
413,-2.1528639871,1.0376761313,0.4638058440,-2.1567938637,-0.7932980449,0.5579997973,0.1227201549,-0.5469469895,0.3541611402,-0.6207081668,-1.0505643188,-2.4769194102,-0.4797653626,1.0062415007,-1.3909116454,1.9848283262
414,-1.2500236822,-0.1880443847,0.3138475806,-0.1586267537,-0.8782688442,0.9256522668,-1.5097099044,-1.1153555712,0.4199899023,0.5010330257,-0.0233535175,-3.5972468603,0.1441711038,-0.9182557237,-0.5100631613,0.5770176567
415,-1.4315538329,0.2143767866,0.0772525958,-0.6860156604,-0.1314049189,0.0607846055,-0.9437575213,-0.0480651989,-0.5523172381,-0.0002074616,0.2646719438,-0.7936640479,0.9241782265,-0.2377527095,-1.0178835500,1.3574897992
416,-1.8577642781,-1.1326370484,-0.6080668476,0.4152403997,-0.1576584438,-0.0300603760,-0.9814899148,0.6320300922,-0.5385201882,0.9505521126,1.4102171878,0.9345404344,1.7092285876,1.2563751501,1.2185589841,0.0887090945
417,-1.1323456008,0.9340496774,-0.5103764086,0.6560498234,-3.5843565945,-0.5800437115,0.2201316652,-0.8906823949,-0.8030389798,1.1831973720,2.2489964939,0.5667166079,0.9673671367,1.8152128477,0.9428511141,0.8932387370
418,0.3810519665,0.7062739834,-0.3304028427,0.1173759541,-0.2055063719,0.8099192305,-0.9866337682,-0.6935928330,-2.6037568418,0.9466172412,1.4629339680,0.9217009212,-0.3554105545,0.4857383499,0.0989377895,-1.5389682532
419,-0.3302248798,-0.1419801247,1.7408518913,-1.0635514985,-0.6957692763,0.9568028487,-1.6128092301,0.2381287858,-1.4329357212,-0.8024915086,1.6426794141,-0.1294856096,1.2986384127,0.0713112117,0.9533472437,0.1886618398
420,-2.7507095608,0.4539227736,1.3609738040,1.1851724131,-0.6220624983,-0.4092757214,-0.2739864073,1.9237401632,-0.4640807016,1.4168247569,-0.3447959312,-0.5942886388,-0.7292309249,-0.0654935836,-1.0540487979,2.0543739756
421,-2.0456838001,-2.1173742047,1.2769303973,0.0152859355,-0.1061723404,-0.2673555327,0.0800540528,-0.6530016950,0.6794472410,0.0967708305,-1.1221472066,0.7544043777,-1.8035654038,-0.8193846071,-2.3773457310,0.8538264868
422,-3.0928930793,-2.6910132635,-1.5779419134,-0.7627912710,0.3471110186,0.6854751092,-0.0047552484,-1.0309432053,1.6996672964,-0.9628715770,0.3421669405,0.5695956954,-0.4925053628,1.0428755887,-0.2933195115,-0.5275002822
423,-2.2255302047,1.1491467717,-1.2071430502,0.1572931347,-0.1234864544,-0.6310114349,-0.3057387107,-1.9839647522,0.8690105706,-0.0106061262,-1.5135643607,-2.0756395409,-0.2879931169,-1.4971308650,-0.7714069094,0.5583848102
424,1.4019783081,-0.4593033900,-1.2487379299,0.3305139413,0.1320925838,-1.1181548789,-1.4170608428,-0.3213615862,-1.3693898678,-1.6365027560,0.0515701106,-0.5364847767,-2.0115384652,0.3259747151,-0.6265449370,0.4128102687
425,0.8760989565,-2.0674762971,0.0821901981,0.6708790946,-2.3025367234,-0.5558010240,0.6874708441,-1.0352968898,-1.9646197557,0.7202273590,-1.0870269563,1.0369434647,0.0424471928,1.3567156517,0.4495836792,0.0001009042
426,-2.6280704615,-0.3120006119,-0.0452813734,0.3017201950,-1.2574945922,0.5575580712,0.7936177524,0.2217841450,-1.3906915430,-0.5968056411,-0.8307791317,-0.1422315492,-0.4582145459,-0.9306313968,-0.7142989431,-1.7765297666
427,-1.8153974157,0.6329761845,1.5658431942,-0.9009615992,-2.3090235019,0.2260613475,0.9253979384,0.4240256241,-0.4112315848,1.3582374781,-0.0411185055,-0.8619971983,-0.8016170182,0.2502056158,0.3629925711,0.8503670894
428,-3.0957522128,-0.7090405746,0.2461423278,-1.3316991878,-0.7613046508,-0.4632153205,0.5865286407,-0.3801552279,-1.2816339241,0.2878457269,1.9345902350,0.9732166325,-2.2934889548,0.8715651310,0.0334060973,0.2595245966
429,-2.8525061232,-0.7129829492,0.4046231270,-0.0347848365,-0.3243509298,-0.5749870033,-0.2234945601,1.2541880784,-0.3804280177,0.9744037778,-0.0891467901,-1.1671373319,-0.5749857625,0.7308049743,-0.4608370770,0.3455729873
430,-2.1948196016,-0.2550475973,-1.1283484441,-1.8533418338,-2.0430254475,0.4069751795,-0.1067704595,1.4987225016,1.5364313584,2.6977225624,-0.4013278670,0.5476113974,0.5396133732,0.1580647024,0.6482097584,-0.2531768002
431,-2.5019702946,0.6629043707,0.8413515158,0.4688145042,-0.2665789841,-0.0844189568,-0.4368588108,0.8591762749,-0.1087304982,1.7099230739,-0.8815450503,-0.4080294360,1.1287691525,-0.4032053647,1.2439321287,0.5586664166
432,-1.4732526718,-0.5869066604,0.9305192826,0.1843876959,1.5045617669,-0.2337307876,-0.5650526197,0.4330592031,0.3402203562,2.4780232553,1.4213195422,-2.3109633826,-1.0436380773,-0.8963392547,0.9989943221,-0.0013901320
433,-1.5235231306,0.5879713467,-0.0064089748,-0.6837888706,1.3886441437,-1.7015499621,-1.1786934174,-0.2833057303,-0.5101961240,0.8062090049,0.1524362358,-1.0910948349,-1.3342466827,0.0018861719,-0.4853382352,1.6614588618
434,0.7705074918,-1.5275433881,-0.8856262406,0.1044057961,-0.0906088571,0.0681470584,0.6008165834,-0.6231957712,0.9508749563,-1.1618344016,-1.5512394099,-0.7790307880,-2.0636294955,-2.9103051688,0.2984244507,0.4815948052
435,0.9175526551,-1.0060653128,1.2115651055,-0.9069337624,-1.2386241024,-0.0943998001,1.4354547626,-2.1555518369,0.1002535282,0.6889315378,-0.9827454605,0.1919146157,0.8173836915,1.0029087267,0.8350131055,0.6593355445
436,-0.9962844477,-0.8271426511,-0.7201350405,-1.3943119404,0.3515514197,0.4956419691,1.5890408706,-0.8272204534,-0.6069939582,0.9049693207,1.2642792362,1.6197570579,1.1061916430,-1.2918931109,-0.3270762315,0.3540498529
437,-0.7688442048,0.8322953541,-0.6298005815,0.7352789572,0.3321988248,-0.9590047701,0.9716697033,-1.9882001634,-0.5519164521,1.2038565731,0.6458957700,0.6544540973,0.2693765563,-0.1711931808,0.3626590359,2.1561491872
438,2.6425632584,-0.7980099889,0.7318595706,-0.8504589445,0.4389514939,-0.5408830030,1.5505192019,0.9325175197,-0.2731522748,0.2413687169,1.2102034840,-1.1844871082,0.0847404353,-1.5107435824,0.0918482487,-0.5205266072
439,0.0471869534,0.3702440498,-1.2011210691,-0.8770552657,0.0468547795,-0.8143739124,-0.7260392432,1.0777930076,-0.0081559154,0.3621965734,-0.6981235891,-0.4803892233,0.8672472856,-0.5664846882,1.6710747996,-2.0681395746
440,-0.1381237296,0.3786509337,-0.6821861465,-1.1552066740,0.6799353385,-0.6366386214,-1.0291900712,0.9329230013,1.4820825859,0.6574355787,-0.3309455842,2.1793882348,-1.1583031955,-2.3090315427,2.6010192361,-2.9562550133
441,-0.0570718936,0.2575094188,0.0288841190,-0.5964406931,1.8664062728,0.0301398418,1.2559375079,-0.5547939915,0.6406727234,0.5657400002,1.2967698172,-0.9376402670,0.9216690514,-0.7050983475,-0.7769680287,-0.4372100160
442,1.9232381564,-0.1087177535,0.2075218877,-1.6812695145,1.4569023112,0.0385177538,-0.0036205057,0.4314120127,1.5963551112,-0.2551157270,-0.0322273582,1.0075876146,-0.5618928858,1.3144267764,0.5416791724,-1.5154911561
443,0.2403631722,0.3409663703,1.3680987367,-0.1383332584,0.7427046834,-1.7176341124,-1.4632378018,-1.3931361614,1.9827888464,-1.5720121257,0.4050981429,-0.6437681859,-0.1993304744,-0.6658754136,0.0484773699,-1.3699875353
444,1.6893804767,-0.9970120837,-1.1778860192,-0.0588044857,0.8568358925,-2.1804669745,0.4453256272,0.3202835854,0.5194046351,0.1367506424,-1.1471456881,-0.5649309694,-2.4333218680,-0.5153749982,1.8888732497,-0.1866278654
445,1.4385147639,0.5956478616,-0.8203257732,2.1154590848,1.4838878292,-0.5511739575,-0.6756056272,1.1336255858,0.1372649753,-0.6269687581,0.2433939771,-1.0548894303,0.4990532466,1.2274063409,-1.2815748852,0.6342416961
446,2.6085363788,0.6724486072,0.2694805235,1.3635497107,1.5432545682,-0.2312281888,-0.5943434365,0.9180045040,0.8749848089,-0.0316577094,-0.6233646845,-1.3582687742,1.4393374368,1.8620979003,0.8091979889,-0.6548288135
447,1.3801553046,0.2447454191,-0.1728450907,0.2813745999,0.2557997540,1.5531514222,-0.1792843257,-1.1618065816,1.8088877295,-0.4901490975,1.1842600063,-0.1126310832,-0.5027428227,0.0452534765,0.6185837618,0.0882676043
448,1.0573012352,-0.4311202677,-1.7044285719,0.0491342358,0.8056344590,-0.1394280459,0.1932333177,0.5199190043,-0.1504484582,0.2226331847,0.2753201169,-0.3181713694,-1.0526262482,1.4490612661,0.9233759184,0.7505595400
449,2.0273551733,2.1149245229,-0.1331540124,-0.9833203586,-0.0437969890,0.1440677143,0.5296553103,0.3950223765,-0.1966278974,0.6207418426,-0.1684752651,-0.9833535973,-1.9425918952,-2.0650733347,-1.0492198652,0.4120945542
450,1.9469404587,-0.3621599029,0.1021993987,-0.6954180912,1.1956917521,1.4327613740,2.0363384316,1.5778268081,0.9688184035,-0.0864075717,2.0180923074,-0.1356832273,-0.7334612616,-1.2980229043,-1.0569223478,1.4361932042
451,1.5197030324,1.4620925791,0.7740294287,1.4567732086,0.6496032694,1.3311774825,1.7288588556,1.1584567800,0.6211992692,-1.2581311822,-1.1136757100,0.2998382371,2.0506848211,-0.0941907996,-1.2030494476,0.9938278870
452,1.6083369662,0.0326311007,1.4140472213,-1.3431037115,0.8535481800,-1.7307110461,0.1777052506,1.3408327722,1.2809405976,-1.2105637514,-0.2890853381,0.0543284225,1.5804040616,-0.2367541633,-0.9546822678,0.5176678395
453,-0.6245552655,-0.5090815074,0.2744934121,0.0846620861,1.7443816436,-0.3057156299,1.0106488969,0.1610032096,1.1538749957,0.9182799690,0.7061434628,0.3920176459,0.6255141701,0.1315897289,-1.4798914192,-0.5527283949
454,0.3107347573,0.3777457295,-1.2388056146,0.6677179512,-0.7578462452,2.7859689292,1.9750971621,0.0499418274,1.6559751208,1.6031237965,0.3044239047,-0.4989478445,1.1529704112,-0.1924049958,0.1211469537,-0.4209347145
455,0.3618851353,-1.1022938459,-0.2685562652,-1.1407796729,-1.8956348664,0.0968366602,1.1492228937,-0.6832772363,-0.3871935493,-0.6724666540,0.4349002245,-0.3271246179,0.0910417310,-1.3237949840,-0.8245724869,1.4374209250
456,-1.7441279570,-1.0823649999,1.1572666950,0.4128083633,-2.0381422099,0.1157873086,0.0677826316,-1.3731348225,-1.1814613562,1.5492356788,-0.8463490595,0.6527053769,1.4784032932,1.4885190601,-1.2776142741,1.3565427311
457,-2.9684176678,-0.3659179246,-0.5632884702,1.5323239368,-0.6937205407,0.2899027256,0.4273762502,-0.7527636971,-2.9733891999,0.2995888606,0.1229889284,1.1907694486,1.5067032894,0.2588994028,0.3906846040,-1.7223144933
458,-0.4310739783,0.3935274366,0.9708113743,0.2841979679,-0.5294706998,-0.3377438387,0.6470520998,0.0062114338,-0.6756027222,0.0365984503,-0.5179631115,1.1782875294,1.6780817850,-0.3296039076,-0.2961874680,1.1834273590
459,-1.0619625296,-0.6390306488,-0.9429614791,-1.4018182256,0.0198888109,-0.8043874468,-0.6495774623,0.9635186727,-0.2643929209,0.0453014128,-0.1298088764,-0.6832553391,2.1315038543,-0.3283702085,0.2455226472,-0.0528054996
460,-0.8491841601,-1.3450389342,-1.2159337094,-0.0771245818,0.6935815179,-0.1721234418,0.9410114479,-1.8493750224,1.2039440845,0.6852132130,0.9981088495,1.6633031460,0.2763885505,-1.5031537742,0.3769292607,0.7506015091
461,0.0598739318,-0.1968974024,0.1875990187,-1.6525938357,-0.6375200175,1.3352171674,0.0402870725,0.4829375607,0.5781879761,-0.2785972517,0.3473758050,-0.1573550511,-1.4037540127,2.0559405424,-0.5625142590,0.3009006906
462,-1.4949176806,0.3163795618,-0.3671679766,-0.3537030973,-0.1377708882,-0.5307936862,-0.0056920144,0.3856128772,-1.2294170342,1.3987464477,-0.9561594868,-0.3107782820,-0.9202396114,1.1144092681,0.4021340794,-0.2686587708
463,-1.0517918831,-0.7893534568,0.0404042578,-0.0165504008,0.5638987245,-0.1561784324,0.0599984568,-0.4139380783,0.2252914857,1.4768760831,-0.9175562010,0.6064194739,0.2571921252,-0.6073663951,1.0427576312,-0.2682641215
464,-1.2635722914,0.8684603367,-0.8886694203,-1.0005862558,0.6541206081,-0.4385077056,0.4163875411,-0.9971792341,-0.4208855161,0.3137076468,-0.9277493156,0.4595208463,-1.3864100878,-0.0874415175,1.0525576844,-0.2631186246
465,0.5541100256,0.5110439367,0.7480627238,-1.0258481623,-1.5738652214,0.4481641100,0.5332101675,-0.7956587952,-0.5316293675,1.5403509748,0.4366584058,-0.9233652062,-0.6515098257,0.4745164341,0.9789816401,0.5084612763
466,-2.2974744920,-1.6779177019,1.8576952069,-0.9167685754,-1.3691644805,0.0175303184,0.3448862190,0.2864825773,-0.2095823368,1.0653961671,-0.7713950605,-0.4788602888,-0.2629025560,2.1047953842,1.0150955943,0.0824073522
467,-4.6310349331,-0.8870435313,0.3845736842,-0.9404672963,1.1769214274,2.5344439448,-0.3411642323,0.5164995704,-0.6601540772,1.5481996761,0.2798306265,0.5358036493,1.3795603931,0.6638375073,1.9709495613,-1.2766767082
468,-3.9141263441,0.5554981456,-0.3576925292,0.9748343462,1.7168828952,-0.3633426446,-0.2663473217,0.6107603244,-0.8498898920,0.0133968039,-0.4801422982,-0.8252606031,0.3997151518,-2.2554701266,1.0793735487,0.1305562961
469,0.4506810622,0.3796955146,0.5454545183,-0.8432900252,-0.5901293083,-1.1709311574,-0.6273303767,-0.9503532997,-1.4633162356,-0.6470591129,-0.3871915637,-0.7152089543,-1.3731409500,-1.3730661866,1.8776975566,-0.8410375581
470,-0.1983956915,-0.9046027372,1.2603152346,-1.3916498273,0.5917918164,-0.0470024340,0.1894559637,-0.4151003897,0.0361758376,1.5551166124,-0.0982594953,1.5633114705,0.4760331368,-0.3614738897,0.2919830522,0.9811867679
471,-2.1738471929,0.2584588411,1.1394823190,-1.4828809712,-0.8833063007,-1.4070046520,-0.3178519101,-0.1405070569,0.1549833034,0.0217642132,-0.8754827278,0.8372870771,1.2545364808,0.6735390362,-0.1051734225,0.4291404466
472,-2.3024108529,-0.1722078859,-0.1184572640,-0.7676542280,-2.0006823114,1.0542011634,0.0216118868,-0.3128843411,-1.0495917912,3.0834658577,0.0891437008,1.2752733393,0.3092409500,-0.9512080287,0.8633143514,-0.9658123127
473,-3.5301086012,-0.8941718207,0.6824936770,1.0055134302,-0.3169780586,0.0445562933,2.0374634825,-0.7904621480,1.0916224177,1.1034569374,0.5256018786,1.2304205770,-0.2437456233,-1.6013428311,-0.4183884965,0.1549670331
474,-1.4682629886,0.8555354562,-1.1495851565,1.0148539511,-0.3534633771,1.6744352558,-0.1134303497,-1.1310047697,0.0972576511,1.7374159186,0.7627261563,2.0392637603,1.3103604759,0.5751255126,0.4378497947,-1.3105158929
475,0.5784819115,-0.8887037054,0.2171949202,-0.1512316252,0.1722742909,1.8714204572,0.2368331614,-1.7977801491,0.4386730305,-0.1490892843,-0.0283370910,0.6160726407,0.9341088481,-0.7834174697,0.2218711201,-1.5288860677
476,-0.1914776952,-0.9158184728,0.8864931004,-0.4352573835,-0.5225910060,-0.1443140347,0.9215399971,0.6001899523,1.5579984834,1.0464989424,-0.0982622385,0.2823723061,-0.7045909146,1.3461977805,-0.0176577413,-1.1213032151
477,-1.1118231048,-2.0375661577,1.6470374811,-0.4683113826,0.3675761325,-0.0188475602,-0.6298214333,0.2987800742,-1.6417312753,0.4078816495,-0.2480925260,0.1702113506,-0.9311588330,-0.3152503414,0.1099417205,1.1947488899
478,-3.5638555433,0.5563240960,-0.5148690697,-0.6222907706,-0.0311146279,-1.0351376523,-2.1874592256,0.4782101309,-0.7239283822,-0.8566556280,0.5548453242,0.6027259839,-0.6277879503,0.9244657022,1.5540769442,0.2870576504
479,-0.9516083970,0.8847486704,0.2455208051,-1.1178298421,-0.2010691218,0.3149962605,1.6181599597,0.5240314316,-1.6676407054,0.3088362939,-0.4857182488,1.1673198785,0.6272730325,2.0869474361,0.2867278966,-1.1026841422
480,-0.9206882609,0.0828886666,1.5364452828,0.0347749601,0.7571801706,-0.5059786104,-1.6935440096,-0.5006766080,1.3823292979,-2.0994536350,0.4540024500,-0.1317602389,0.2311145342,1.5384857357,1.2175923808,-0.6010384567
481,-0.0409926764,0.0223986377,-0.2417249279,0.7024176300,0.6261319626,-2.1679809852,0.8250237400,-2.1917237811,0.2683409438,-0.0940405107,2.1727682295,0.4918736261,0.1908514586,-0.6536347002,-0.3762868915,-0.5400400824
482,2.8450215568,-0.0357938426,1.9566157077,2.5403342733,-0.9278486473,-0.7223019258,-0.3003314264,0.3388393713,0.7854956233,1.0847875044,0.6453122216,0.4713082092,-0.3988221159,-0.5360206718,-1.5074491583,-0.3698040385
483,1.2413004623,0.3378140737,1.0518025380,1.9371647723,1.2214915126,-1.2805592513,0.8422690418,-0.3413948914,-0.2424157151,1.1432017128,-0.8730625725,0.0835227920,-2.0063894363,-2.1673007333,-0.2598220124,-1.5043026149
484,1.9779204652,2.0086915891,0.8110401900,-0.1920570256,0.0225705455,-1.3252184593,1.0756379687,-1.9001592980,-0.1648737091,-0.8115015454,-0.7509636913,0.9104704113,0.2657545848,-1.1095285286,1.6748647435,-0.1072485256
485,2.8804170590,-0.4069974089,0.6926819110,0.6054883544,0.9682754216,-1.1599737280,0.3504300909,-1.0260886314,-0.7056305912,0.9056697867,-0.1003236460,2.2221406866,0.0954727098,1.3812355062,0.4033241104,0.1345461306
486,1.1349244386,-0.6635964332,1.2807929624,-1.3809736635,-0.3073906256,0.3428341077,1.5028826079,-1.3913356349,1.2364536589,0.0892461353,0.9469808993,0.4723331757,0.8922950256,0.6088814468,0.6217844139,-0.6516332126
487,0.2398817881,-1.6254763456,1.1297976189,-0.6615411839,1.3188723702,-2.3937770258,0.7629562753,0.5073640670,0.1676769215,1.3032090480,-0.3299814448,-1.2335303348,0.8078293646,0.7142839560,-0.4206672561,-0.2327796611
488,-1.0670649072,-2.1675978487,-2.9533749779,1.1392849413,0.3884049888,-1.4741656832,0.2923567910,1.7498606997,-0.6181196190,-0.4098782967,-0.5570358973,-1.4105844903,2.2174734105,-0.6136338558,-1.0086043343,-1.0452447583
489,0.7025240860,0.4057179794,0.9744550479,0.9860586751,0.3075971915,-1.2236621698,1.1423502035,2.2164652184,0.4239728632,0.0559142595,0.9390097511,0.7549728829,1.0021564682,0.9524780512,-0.7892249567,-1.3611483670
490,1.0177476475,-0.7097941408,-0.6079589497,-0.4171490118,1.2467985337,0.5005745858,0.2029279202,-1.8898166298,0.1018771034,-1.0140306022,1.9511453128,0.4696982616,-0.3985284672,-1.7137402763,-0.4432736716,1.0189289444
491,0.9073465742,-0.3526121973,0.1767598735,0.3215786667,1.2816319771,0.2025772393,-0.8562168295,-1.4990487214,-2.1046510584,-0.7247480366,0.5563054632,-0.5075866582,0.8466364265,-0.2758658803,-1.4531950335,0.5858974218
492,0.4767368061,1.3713854822,-1.5871681233,-0.6642657868,1.0318471979,0.6464253618,-3.5551996728,0.4419962384,-0.4999360533,-0.5425406122,2.0352536222,0.6439829910,-0.2283890169,-0.8864043652,-0.6772422944,-1.2021935845
493,1.5356108346,-1.4140327869,-1.9825658614,0.0017067142,0.5956823453,1.6849849068,1.3474092227,-0.2399133854,0.9472873137,0.4569827610,0.9781619136,0.7781855220,-1.0936926590,0.1275274894,0.5052428485,-0.3691944329
494,0.6919890751,0.8198544485,1.0030721247,-0.3480340328,1.5095414604,1.1970491070,-1.2158305539,-0.3785404597,0.3868596225,1.4687735260,0.5598636309,0.5837383233,0.3551721582,0.9740017961,1.7732050674,-0.0116321969
495,-0.6326070708,0.0699081222,1.4048147371,-1.7523361628,3.4512736818,1.6764694797,-0.8053229351,0.6835471354,0.2351070338,0.7316643927,1.6571798542,0.9989372876,2.1437689783,-2.0811795714,0.7663493680,0.0251136905
496,-1.8146595350,1.1118145728,0.5346172625,-0.3116401477,1.0910345014,-0.0450305008,-0.4132062088,2.7902395734,-1.3252170729,-1.2493507794,-0.2733241369,0.7739199779,1.8553419259,0.7743774144,0.1092318217,-0.2858531933
497,-1.0804528229,0.5650574057,2.2099357298,0.3580227434,-0.6580717259,0.5913194946,1.0578511457,0.6444713741,2.2313463536,1.9418653152,-0.1175189195,-0.1656206898,-0.7118153771,0.1908570819,-0.5802635337,-0.4078788374
498,-0.8861461796,-0.3103198579,1.0789043122,0.1060901557,-0.3754276775,-0.5458936517,1.2266314576,1.7940402391,1.1728726069,1.0428896820,0.6354870220,0.8959879449,-0.2238630842,-1.6233063984,0.7399014399,2.2612165919
499,-1.1768126159,-0.3070434263,0.0430859489,-1.0735002320,-0.6449806029,0.8615298935,-0.6772393803,1.0572324898,1.0678380963,2.2313394192,2.5232022471,1.4391265200,-0.7462603969,0.9726457061,0.4740505657,0.8140927082
500,-2.2383551659,-0.8680530441,-0.0230102422,0.0350785533,2.8574207920,0.7330501058,0.0341658699,1.6769544852,-0.2302759047,1.1245658405,0.7953551053,0.6336961566,0.9149431772,0.9271978494,0.1491526486,-0.2286446751
501,-1.3072601950,-1.1186049024,-0.1855784901,0.8370873963,-1.2867146066,0.5446694726,0.4828006648,1.6024961525,0.1935532098,-1.4744200683,-1.1096955967,-0.4153192831,0.6605929353,0.7867598363,-0.6239621689,0.9678520554
502,-1.3156059271,-0.0229870897,-0.8403775806,-1.5596243160,-1.0786906391,-0.1028923252,-0.0072461811,2.0889675191,0.5731084167,-0.5656299448,-0.1106912888,0.8267581374,1.4835157777,0.9147633894,1.4892394225,-1.3706111587
503,-2.0350999539,0.2416702079,-0.3374810308,0.0710766995,0.4534772353,-1.1259805745,0.4297302068,1.0990192144,2.1622803580,-0.9308861353,-0.2271665942,-0.0017862659,0.7432772762,1.3707451189,1.9982418376,-0.7438205286
504,1.3557359288,1.6836866820,-0.0490011963,-0.4442035657,1.2215159361,0.1441441497,1.2176880383,0.6681747402,-0.6337965333,0.0386085123,-1.8292198486,-0.8307245233,1.3914690563,-0.9743437436,1.7610245055,-0.1609352484
505,2.3680458445,-1.1576705579,2.9213778770,0.1039352962,1.3095255056,-2.8326512287,-0.3291309066,0.4030428630,-0.2360153804,1.3037427111,-0.2767395362,-1.2622627978,-1.5446737896,-1.8766201290,-2.7515916999,2.6031327892
506,-0.3461969453,-0.5432853373,0.4521892231,0.3760710335,-0.5293814052,-0.8814154229,-0.5848627165,0.2795480615,1.2391343543,2.0864843514,-0.5751501600,-0.1329344371,-0.7138270850,-0.4302479631,0.8723269086,3.9762498031
507,-1.7536170276,-1.3269021644,0.5864131884,1.7334755312,-0.1967117159,0.2218531123,1.1984262318,0.1961344938,0.6025450445,-0.1729925289,-0.1655224356,0.4887728182,-0.6390266084,-0.1874736027,-1.8410704118,0.1850686130
508,-1.0670427564,-0.1340489762,0.7419827142,0.8699398125,0.9292897790,0.0200871500,-2.6162733040,-0.2158609006,1.6493334503,-0.7238044315,-0.8226949425,0.8563056762,-1.5893016375,-0.0632606654,-0.9757818470,0.4280269419
509,-0.3508191123,0.2741301948,0.2224374087,0.6368290515,0.6339135706,0.5820541249,-0.6192046962,-0.5905918903,0.1903136296,1.1156029983,-0.0505148529,0.5427577011,1.1861601096,0.3148316862,1.1782559975,2.6270877092
510,0.1431212148,-0.6184788513,-0.4384518247,-0.8981660433,0.8557511062,1.1892991979,-0.0032493981,-1.4789606336,-0.1633858720,1.5986720905,-0.1512201110,1.2433803855,-1.7040070994,-0.2276379656,-0.1796927132,0.4049073176
511,-1.1708706956,0.2053772640,0.1862834195,-0.1032843219,1.7855388522,-1.5843217449,0.5141793272,0.2520366673,-0.9478273276,0.4378707417,-0.3876063271,0.5293463604,0.1698944075,1.0745010385,0.3144549772,-2.2305918131
512,-0.1981443779,1.9140156497,-1.2634626383,-1.3954380941,-0.4752340685,1.1319295112,2.4210739599,-0.1037872347,-0.2139523261,-0.2264185556,-0.3829994108,0.2456302198,0.6011773194,-0.7813279508,0.9879308974,-1.1488483575
513,2.1612005641,0.0526369200,1.6082764404,1.6886614407,-0.9735399832,-0.3964099778,1.6228209546,-0.0341084402,-1.0132677934,-1.3150842371,-0.0882096764,-1.1449719761,-1.0021894786,-0.6973502113,0.1865573735,-0.3562594572
514,1.5024907720,-0.5779779082,0.2795245274,0.3383828922,1.0269094569,1.0009953521,-1.3863835989,1.1049088112,0.2425374129,-0.5714120578,0.2966356029,0.9241674241,0.5871924531,-2.3640216444,-0.0297939616,-0.5918735236
515,-0.7170433196,-0.5908962340,2.3497117553,0.4311095626,0.9209254091,0.7559217935,-1.7454893477,0.8628385636,0.5246371769,-0.2023721349,1.1064782591,-1.4222466696,1.7082844809,-0.5906718512,0.4173733893,0.5022849005
516,-2.4860743537,-1.6137417939,-0.2323717922,-0.9613355589,0.4434636663,-0.5695888093,0.4198840763,1.0329288317,1.3474061623,-0.9632105311,1.2026016856,-0.0505354119,-0.2367080724,-0.8144680480,0.2631633412,0.4183529978
517,-0.8004974695,-0.8832985802,1.6144415953,-1.2304415813,-0.6169700600,0.1702079102,-0.6394425053,1.1305236344,0.6642712651,-1.3877465596,-0.8162865346,0.4558440914,-0.4004834264,0.4471511760,1.5741898290,-0.3258328646
518,-3.9940357946,-0.6440169160,-1.7070034431,0.5483708914,0.0794148886,-0.6797583136,0.4125771250,-0.2934803835,0.4650353570,0.4935922552,-0.4227769545,0.2516320517,-0.6287112513,0.1674971454,-0.1081866001,0.5123833597
519,-0.4068772241,-1.7800357166,0.5767073724,-1.4267360996,-0.2557253120,1.0524726662,-1.2372131918,-1.0834835216,-0.8737921308,0.4525809014,-0.5199555658,0.9917518679,-1.4551193419,-0.2593563380,-0.5062592348,-0.3138401012
520,-3.9401131018,-0.5869411069,-0.4529759875,-0.5996603814,0.1107112634,-0.5160198713,1.0797759591,0.0739126804,-1.4361581201,-1.7870838701,-0.5976496956,0.8892007466,-0.5726054470,0.7501661724,-0.1413772873,-0.0314257466
521,-1.0981126680,-1.5853127702,1.4909857413,-0.3194306442,-0.4124259417,-0.1346384569,-0.1278184066,0.0890086490,-1.1867691804,-1.0162749144,1.4757871347,-0.6786232940,1.1912295594,-0.9659234077,-0.6215854109,-1.7842742971
522,-2.1721032323,-1.7360821494,-0.6822363411,-0.8090334176,-1.2330700530,-0.7312527575,-2.0819393553,0.2095649156,-0.3595317140,0.2257471859,1.7282448872,0.5986042919,-0.7869697269,0.8104611122,-0.4443317226,-0.8520244447
523,-2.6010501732,-1.1220714583,-1.3381659474,-0.1932249011,-0.8967284979,-0.3033425669,0.1624205728,-0.5122101581,-1.0855281383,-1.6771397005,1.4489580318,0.6688843592,-0.5623696973,-0.3675448777,0.3612715672,-0.1987834765
524,-1.0671985428,-2.3335984942,-1.9081082226,0.7423176540,-0.7236648759,-1.1700694879,-2.0062159922,-2.5078908659,-2.2149392614,0.6193307156,-0.4623669462,-0.5891209563,1.5310473976,0.5800129254,0.3293541301,-0.9936766558
525,-0.8309310711,1.7118181211,0.1780161781,-1.0301358210,-1.2955764753,-1.1405077952,-2.1625713396,-1.5663426305,0.5085562915,0.8832780964,-0.1050649009,-1.6233722639,-0.1373694897,-0.2770369513,1.1173428026,0.9464064854
526,-1.0926844723,-0.6124310034,0.1574803419,0.1406153267,0.2329123820,0.8445314852,1.7900667305,0.4235790421,0.2830052857,0.7704710858,-1.2932204235,-0.3033599010,-1.0502949719,-0.7614925101,2.0022799389,0.2856100396
527,-0.4824238573,0.7883328853,-0.9879644157,0.6035602909,0.1422589799,-2.9968968150,-0.2248736810,0.8236596136,0.5644362454,-0.0711344046,-0.7289166414,-2.1078501661,1.6739557439,0.0108902908,-0.6401093185,-1.6251718637
528,3.1138417086,-0.4258631419,-0.6452900027,-0.2183490843,-0.6287238026,-0.7760053310,0.5560176498,0.5999638995,1.3086710098,-0.8351038861,-0.8390601981,-0.7895860317,0.3049077229,-0.0459877869,-0.3415711198,-0.7598186985
529,1.8151146872,0.6305220046,0.7445133410,1.0612815880,0.7308814814,0.8379055297,0.4780579613,-0.2492117472,0.3450470515,-1.1264980590,0.2062060501,-0.0546369131,-0.3808391481,-0.3307370188,-1.0245924851,1.0906878390
530,2.1668815289,1.6783725345,-1.4512130353,0.8396982645,0.6226760301,-0.1684419665,-0.5517695582,-0.8232159499,0.0627241262,0.9909522547,-1.3903472807,-2.1427724167,0.1841931014,1.0876893456,-0.9571658895,-0.1285613820
531,3.8121706431,1.6469053814,-1.1601486907,1.7220648948,1.6498793142,-0.9228827426,0.7089275022,0.0840500231,0.2134966432,0.6918242112,-0.6405640475,-1.8355187947,1.1290375583,-0.2117791929,-1.5720352319,-1.3049444854
532,5.2296098257,-0.7125227386,-0.5232438573,1.1149581354,-0.7657821873,-1.2593828401,0.2052706569,1.1900905951,0.6144388513,0.3800203402,0.4619574239,0.3170043312,0.5282164908,0.9171707816,0.3464779681,-0.2356673588
533,1.1970437076,-0.3143919154,1.0124696989,-0.2730788762,-0.0340742248,-0.2844522977,-0.1297635947,-0.7330681100,1.3898268069,-1.3854454887,-0.3537552460,-0.1591230651,0.4476507017,1.8459141283,-0.6932787762,-0.0763206568
534,-0.0602424867,-0.3618951289,0.5582969451,0.7630218798,-1.4883573684,1.2161281054,-1.5083898329,-0.3725351611,-0.3741796234,-1.2064286597,-0.2529023211,-0.0398869338,-0.0455927415,0.0441922655,-0.9942777071,-0.2731881309
535,-0.9677445166,0.6087212298,0.1108180314,1.0129415396,-0.3594995032,1.2728903291,-2.3387369212,1.6185642645,-0.6442188102,-1.3261846520,0.4729828503,0.9049322785,0.0491640200,-0.0462374407,0.6210332140,0.4335487311
536,-1.4183328099,-0.5408251723,-0.1183875690,0.2102975733,0.4125201194,-2.0078284158,-0.2077170432,0.9641214385,0.2117955058,1.9266814856,1.8045963649,0.3248005949,1.0963897030,-0.3019792208,0.8689971976,0.9900031251
537,-0.2009214582,0.1082731492,-0.3290626836,-1.1113889630,0.3919791700,0.7905636140,0.5023805800,1.5598390023,-0.7238523469,1.5002983267,0.0958801822,0.4427373237,-1.8261861553,0.8945585928,0.4546868024,-0.5234410289
538,-0.7911597960,0.5025241172,-0.6786519283,0.2918754385,0.6378623991,0.6166528512,-0.5893680254,-0.4953320524,-0.4722888719,-0.6039864766,-0.8966362364,-0.2144304476,-2.1384302256,0.2092097514,1.9017601428,-0.9133580707
539,0.3833473923,-0.9972956209,0.6261465090,1.5162234756,0.6854056583,0.4955956451,-0.3779930205,-0.3261852304,1.2165640996,-0.4346830171,0.5429867046,0.0590363307,-2.1775662324,-0.7861961329,-0.7197145214,-0.4632623456
540,0.7211261210,-0.1132531710,-0.2224601113,0.8655929139,-0.4042671054,0.0958460973,0.0433376012,-1.7782463753,-1.8537720710,1.8353230016,-2.2683641648,-0.5349801637,-1.1412329281,-1.4721308118,-0.5917207933,-2.0417343397
541,0.3917845715,1.6490378708,2.2446972618,-0.5634232277,1.2737323789,-0.2581837631,-0.4226130761,0.0071003676,-0.2995499423,1.4356103629,-0.6472388387,-1.4820622206,0.2390520611,0.5559838982,-1.4495801192,-1.2006333782
542,0.4137145574,0.5386696996,0.1505815860,0.0367635617,-1.0845700431,-1.5791945419,-0.7494809138,0.1448402353,-1.5215598769,-0.0370166998,-0.7275961602,-0.7932795912,0.2792678042,2.3450469739,-1.1242746644,0.7029619895
543,0.0011796617,1.4957661446,0.8325180222,-0.1658715108,0.6892551417,-1.4042402963,0.0283253842,-0.5543935206,1.5722295159,0.7039647668,-0.9475111493,-0.5323897002,-0.1811553364,1.3738792142,-0.7717081524,0.2498976906
544,1.8700344117,0.0703249621,-0.2995416436,0.5157003773,0.5210544992,0.0658206857,-0.0149439042,-1.3186475076,0.4739849880,-1.7195813925,-0.1610064204,-0.8179458002,-0.6911701061,0.9168301959,-1.8839725932,1.7280709286
545,1.9013054290,-1.0337678130,0.9347596949,0.4957493404,-1.1192637568,-0.9352229063,-1.0196435933,-1.9789665033,-2.0899283463,-0.1795787403,0.6280266016,-0.1828340263,-0.1171915887,-1.2525644984,0.6746386180,-0.1619802312
546,-1.6692537568,-0.2110788905,0.8222185857,-0.5837937839,-0.7186843596,-1.2816141706,0.9594218970,-2.1875357959,-0.2371529199,-0.1048339590,-0.5468767071,-1.6650932805,0.4409056355,1.9602095947,1.3030146771,-0.4711096890
547,-0.4332133992,-1.4484257050,0.0125385398,-0.3932043742,-2.6171567172,0.2971815569,-2.8145018561,0.2009414695,0.9214405580,-0.2005819943,-0.4231570908,-0.6004166951,-0.8186265226,-1.2420365993,-1.2611700730,0.0133696531
548,-3.5994582700,1.1718965527,0.0152098791,2.2534311444,-1.5972382684,1.5961730598,0.3467908276,0.9583638649,0.2324374171,-2.1660553407,-0.4553946229,0.0929351029,-1.2393782211,-2.0403938201,1.3655285081,0.3962384342
549,0.1238076960,-2.4732962609,-0.4230463469,0.6948236090,-2.5236921643,-0.3880761751,-0.7534059670,-0.4744345525,-0.2047787798,-2.8608348507,-1.2778995213,0.0442048335,-1.3152133679,-2.3321848663,-0.4616622482,1.6582611317
550,-1.6970292589,-1.4954181903,1.3072528933,0.4388303846,-0.8954653562,-1.7123398306,-1.1979901555,0.3292545889,-0.2723056421,-1.5178497313,1.4705984535,-1.3862299965,0.8691202411,-0.3532150158,-0.0845501548,1.0533716725
551,-1.9547721397,0.0117844025,0.9561189778,-1.7491780762,1.0908652905,0.7018118826,0.7272217875,1.4104137174,-1.1936879656,1.3813930430,0.7489944056,-0.0942963871,0.8541566122,2.6099243144,-0.0801466655,0.4206283559
552,-2.4039205823,0.8186919163,0.7546981527,-0.0545330958,1.6368215103,1.5449707438,0.3526230986,1.7106167913,2.1175385970,1.5647118749,0.3363987400,-1.2927430360,0.6722774248,0.0261173220,0.9893013594,0.0045581486
553,-1.2267360482,-0.8223895084,0.1344091008,-0.9381580995,-1.0078222329,1.4954308475,0.6121975606,0.0882496902,2.1674742154,0.2152976922,1.3496020795,-1.6303844516,-1.2609355150,-0.6274197995,2.1840839271,-1.9638641809
554,-1.4681230198,0.6108692840,0.1486929691,-0.9323700103,-0.6378138408,1.4333965510,-1.5427435860,1.2166773250,1.7174032519,-0.6161768211,1.9576271742,0.6227626463,-1.5508585371,-0.4940460504,0.2887811157,-0.1575421062
555,-2.9280705066,1.4040339346,0.4729048272,0.2834408005,0.0522336579,1.0807806227,0.0345270972,-1.2059223247,-1.1163274036,-0.4999335406,1.1358711761,0.9052627183,-0.8004293533,-0.0930273788,-0.5413497593,0.0694629721
556,-0.4258335271,-0.4290206934,1.2468110390,-1.1667999039,1.0325687801,-1.2364305148,-0.5380623630,1.7360258037,0.0914245139,-0.6062098875,-0.2553687284,0.9017900894,0.9030106666,0.2895505420,-0.0377733809,-0.3676491899
557,-1.4920714225,-2.5399997887,-1.1129135292,0.1517357877,0.2534491029,-0.6344388454,1.0269843724,-1.1054739951,-0.5985119035,-1.2031194456,1.0565304765,-0.3086232734,-1.5688821778,-0.0769680748,0.7448330088,0.8423500649
558,-0.1993084364,-0.6510616292,0.6094467168,0.8367395504,0.9636697403,0.0706757017,-0.1042127767,-1.2845531939,-0.1291213621,-0.3856178082,0.0488127755,1.2321720195,1.0469698770,-0.5848691118,-0.2398224182,0.5225257067
559,0.0673521439,-1.2103516300,-1.2206686345,1.7026139596,-0.4012228662,0.4063343019,-0.3348584559,-0.3579418509,0.9818774309,0.6757057997,0.7898948193,0.7080696456,0.6879455660,0.8974881428,-0.8663187865,-1.0441368602
560,0.7903534564,0.7323027281,-0.4334470567,-0.3588833867,-0.7325742406,1.1362042572,0.5568367318,0.2438045284,-0.0881083463,2.4939306101,0.6477318954,-1.0174580508,0.3296343009,1.4752882811,-0.4010632829,-0.7781649990
561,-0.7843821893,0.0077048567,-0.5064134174,-0.0396142773,-0.6789038884,0.5799972357,-0.2137873026,0.6642650191,0.7824183275,-0.5170957336,0.8814835600,-1.4054483488,-1.6966035088,-0.0242755256,-0.4981048083,0.6167295300
562,0.3059427008,1.2559105179,0.8029836246,0.0294181135,-0.6685246141,-1.5210405147,0.1136504937,-1.1917519867,-0.0547599078,0.6988181294,-0.9458869454,-1.0780987153,0.5980103238,-1.2406057606,-0.6585924582,-0.5498526059
563,0.7250293346,1.4753456028,0.3782561397,1.2272583014,0.6441223843,1.2496421703,0.4694496640,0.0170585152,-0.1662292507,1.1494599378,-0.7771795238,1.0123968790,1.1378296343,-0.0340885119,-1.8992887652,0.3106327419
564,1.7346037271,1.9611719816,-0.3019365156,0.5113397210,-0.0226970570,-0.5911990955,-0.5105195221,-0.1664477038,-0.2477430722,-0.8183295166,0.6496235898,0.6657176427,-1.5370220000,0.9698647832,-1.5895994838,0.7314157939
565,2.9504943330,0.8188215578,0.1208289430,-0.5503242629,0.3454817313,-0.6433218916,0.7144966040,-1.8087948580,-0.6750602190,0.8694004986,-0.8763036297,1.3909865810,0.4171844968,0.0651284176,0.7062948696,0.4695579837
566,1.9418256697,-0.0233992883,1.1813159066,-1.4770366785,2.0169210664,-0.2440460618,0.1389794366,-1.4450504767,-0.0667469753,1.5843394912,-0.7859941524,0.3045068021,0.1094611853,1.7661924860,-0.9437866433,2.3270475110
567,0.1118806169,-0.6102693727,-0.7932917266,-0.4422418643,1.8404969777,-0.4364944079,-2.4677538698,1.4785741609,-1.2732289707,0.8916810257,-0.9218908661,0.4826719934,0.5601266067,-0.2192106864,-1.2613046883,-1.2996029146
568,-0.1579548327,-1.7612884931,0.8370100977,0.7888941705,2.3951509603,-0.7980429822,-0.3561587056,1.2612377784,-0.8441116225,1.2835873739,0.5078592788,-0.6691965899,0.7702942293,-0.0292959340,-0.3241778179,-0.3617080753
569,-0.3790436744,0.0149192825,-0.0040935023,-0.1824640345,-0.0561031367,2.1094001445,-0.3288202227,-0.4862527682,0.7325863496,1.3463210336,0.4381758494,0.2206009802,-0.8689372393,0.7947794565,-0.1982201820,-0.7688752964
570,-0.3125813184,-0.5461570455,-1.1152807090,-0.7210254021,0.8133236270,-1.0624932813,-0.4929042627,-1.2510340500,-2.5773723435,1.0680196285,-1.1604249254,-0.1430596515,0.3278994513,0.1673031075,-0.1065192579,-0.8245984574
571,0.4140718246,0.2387308188,-0.2802031334,-0.0976450006,1.1183916515,-0.7803945441,0.0083904312,-1.7645757376,-2.0714697377,-0.4433903315,1.8081362133,0.5091936289,-0.1747660568,2.0925131079,1.2176803975,-0.1168181708
572,1.9062071532,0.0413155495,0.0197082647,-0.4374398679,0.1007724056,0.6137897318,0.2166566002,0.2038649280,-1.2413402162,-0.7638265500,1.7229896859,-1.1616062127,0.1268812354,0.1497310612,-0.0991092578,0.1708558079
573,0.1523674846,1.4313333972,0.4476716809,-0.5176772431,0.4696091434,1.3035340429,0.7894700171,-0.2494618500,-2.1199432340,2.7930620153,0.6735923164,1.1696021846,-0.3109675571,0.1915828609,0.1123843201,0.6640969791
574,0.1541851267,0.2448839741,0.5770970615,1.2557025325,1.5855341384,-0.7726788498,-0.4835408219,2.0826645799,-0.5958759500,0.2995434239,-0.8504715381,0.1078742863,0.9266787956,-0.1127381233,0.6999053831,0.5985898186
575,0.9378283051,0.8585895235,2.4816281875,0.9900379489,0.3252859417,-1.2291320197,1.0387302863,-0.5877308245,1.3785170955,0.7394063231,0.6355384891,0.4782560616,0.4478240561,-0.2520058427,-0.1030415934,-0.0431464111
576,0.7244235347,1.3491344256,-0.9191720050,1.1930424243,-0.1618806379,0.4512588564,0.5921878015,-0.4991526486,3.0027284643,-0.9006199653,0.5628201427,2.1505711732,-1.4893895411,-1.0698095083,0.2001637016,1.8537674464
577,3.4122594496,1.9005519850,-1.5400322787,0.6383318075,-0.7377143040,1.5399365021,-3.3536287553,-0.7316035960,1.5924840723,0.3531960454,-0.9615222634,1.9525936370,-0.5413215213,0.2688382918,1.5823240271,2.8059106638
578,2.5185417931,0.3526167322,0.6883174050,-0.9235354833,-0.2236720607,-0.4248061876,-0.7702473353,-1.1704773607,2.4767711352,0.8791754959,-1.3056111912,2.3337960006,0.0873896119,-1.7652631615,1.8608246589,-0.6662160000
579,-0.1903166570,0.5936386085,2.1500763555,-1.8261145725,2.5589464802,1.0012123339,-1.5034366885,0.3677734227,2.0014745274,1.1497790205,-1.3247823383,-0.7698105618,-0.4699753503,-0.5200798494,0.1683931164,0.1980630160
580,-1.7281892516,-1.1947711088,-0.1133737135,0.5243893264,1.2749345314,-0.5600477166,0.0215024570,-0.4534748166,-1.1622448043,-0.7908432091,-1.8545503810,0.7636513838,1.0676172918,0.5753055552,-0.7286274085,0.4953492718
581,-0.2396067968,-1.3010273872,-0.0534934794,-1.1949392741,0.4550337953,1.2576476016,0.1822945124,2.6185407853,-0.7894776694,-1.2182234089,0.9926171951,1.4654486978,0.9689442639,-0.7316283156,0.1246393049,1.5145609923
582,-2.6443577894,-1.1644054557,-0.5577173581,-0.6178315168,0.0212145318,2.2738595306,0.6398379117,-1.5906866059,-0.0544045919,-1.1166652184,-0.9203203350,0.3242223513,-0.0321102483,1.5980380879,0.7918940973,-1.2207652703
583,-1.9685382200,0.4621755722,0.7892346345,-0.5589654967,-0.9171832935,0.9462464598,0.9104844065,-1.2565390193,-1.3975212194,-0.0545682712,0.1228908377,-0.4908622685,0.2622396267,0.0373893870,-2.3551803639,0.3312028367
584,-1.2648348049,-0.3455100331,0.6512652523,0.5795447332,-1.7883744567,-1.6662753436,0.0403836449,-0.0707412480,-1.1332287895,-1.0476236343,0.4510320959,1.0398975024,-0.6010669614,0.0627911631,-0.3529938912,-1.8881910200
585,-0.3528565339,0.1971461869,-0.7497821495,-1.2878286074,0.7545749094,-0.5523003176,0.6576079906,-0.0356150484,-0.1706741270,-0.4754687534,-0.3544867888,0.1090971762,0.5014490600,-0.2890707329,-1.9141147779,-0.3473544041
586,0.7320200391,0.2984047930,-0.6118542810,-2.3865402845,-0.2608933388,0.4534363942,1.0937112096,-1.2910888160,-0.7696394739,0.8892710954,1.0376594007,0.6415803076,-0.2795578304,0.0119175407,0.1699133991,1.9160006130
587,-0.4591708731,-0.5952115918,-0.6360469399,-1.2386596770,0.7296085836,-0.4475922621,1.1300429508,1.3538353992,1.2404322109,0.0258258846,2.1922179975,-1.2089060764,-2.7705410432,0.7037380006,0.4179126551,1.7020050669
588,0.3715461519,-1.5682301016,0.2394584838,-0.6286202888,0.1916692352,-0.9279605686,-1.5956558103,0.0758505281,0.4263983120,0.0104930638,0.3513710053,-1.3470010674,-1.9465566139,0.9882380226,0.6516604893,0.4019882276
589,-1.1244905491,-0.9126583239,0.3866609487,0.7249436768,0.9733123425,-0.4309908890,0.3219141495,0.3514602519,-0.7018137981,0.4208820398,-1.4227959593,-0.9401346722,0.6237647153,-1.3222324802,1.2534652713,1.9730750871
590,-0.0809037122,0.1292857650,-0.0987567767,-0.6362307508,0.7505301120,0.4466042448,-0.4830792480,-0.8791870624,-2.1952723160,-0.8850568559,-0.5453537822,-1.3719498487,2.1088552985,0.3849469985,0.2795378565,2.4974765883
591,0.0915171052,-0.9635701373,-0.3689680055,-0.9984586645,-0.2221326019,0.1329835672,-1.6673849339,0.4338392381,0.2444278729,1.5098602010,0.8772341557,-1.1213044522,1.7471190709,-0.8339148892,-2.6096392693,0.0512318358
592,-1.5038169204,-0.9520974137,0.2712167698,0.0217416690,0.1826134641,0.9537384900,-1.6229984866,-0.0220198631,0.2037829549,2.0029393895,0.9119380557,-1.1059338268,0.6947778836,0.2613330866,-1.6575940662,0.6568039708
593,-1.8692354338,0.7709686953,1.3520827916,-0.3782335825,-0.0087367284,1.3679618028,-1.1147708473,0.3254179030,-0.5734497775,-0.1896902989,1.2778257924,4.1353014719,1.2314893283,0.2489643924,-0.7286095804,-0.4526541306
594,-2.6720184147,0.4470335729,-1.6699822398,-0.2914502279,-0.4241558696,-0.7558273218,-0.0870208577,1.1048323703,0.0024316056,0.9247471682,-0.6366311015,0.6273901691,0.0931312175,0.7806925596,-0.3538549257,-0.0804381833
595,-0.7862173832,-0.1008736828,-1.1985669893,0.3432155098,1.4429350170,-0.1687369646,-0.9277850345,0.4682442649,-1.3957923214,0.6621486680,-0.1487100024,-0.2420468755,1.0109810473,-0.2838985982,0.2225342128,0.8024817779
596,0.3069076089,1.3558405168,-2.5023687324,0.4584553427,0.4709486012,0.8390128602,0.5402054368,0.0300258470,0.7097695465,-0.3087601448,0.0640659073,0.6932928367,2.7803660054,-0.8944691000,0.6496940652,-0.1162636643
597,3.6916213290,0.3342080491,-2.0812596816,-0.7089787723,1.0196635537,-1.5859033473,-0.4388678924,-0.4856094880,-1.5844632144,-1.4336308890,0.7970277436,0.0966020048,0.9189300802,-0.0973767993,-0.9421414976,-0.7261192150
598,3.3705895931,1.5280109739,0.2707403501,-0.6577885297,0.1950848703,-1.0867605957,1.7023982430,-0.0084208998,0.0055297898,-1.8113106148,0.0679189796,1.0272235573,-1.5720197768,-0.4975893065,-1.1469140512,0.1115037943
599,3.4652041126,-0.1278005573,2.3993598062,1.0032795052,-1.1994959985,-0.8512635829,-0.2248958783,1.4910316799,2.2644765038,-0.0416027498,-0.6403189883,0.0446875178,-1.1421556079,-0.1181125204,-0.9023060994,-0.8911402143
