step,target,strong_1,strong_2,strong_3,medium_1,medium_2,medium_3,medium_4,weak_1,weak_2,weak_3,weak_4,noise_1,noise_2,noise_3,noise_4
0,-0.0485328605,-0.7026784118,-0.1285876863,-1.7447756390,-0.3584341205,0.8733938110,-1.6986636438,-1.6948465942,-1.4767827801,-0.8367496805,0.0309140938,-1.8023904387,-0.0835606285,0.4952189611,-0.3732990977,1.5981400012
1,-1.9913722679,-0.2038117464,0.3004419338,-0.2741637118,-0.1581972080,0.0762703621,-2.1085906083,-1.6138309074,-1.4025389846,-0.8220103704,1.8858379099,-0.1693428680,2.0628559146,-1.0102715227,1.0255287666,-0.8533858616
2,-1.6103569555,-0.9602429314,-0.5045241584,0.5975364866,-0.0866187830,2.2071253772,-2.4929494534,-1.9747687477,1.1970262560,0.6339861209,1.3846638906,-2.2826102237,1.9470513813,0.4961900754,-0.7856129236,-0.7587444848
3,-1.2016562410,0.8104171224,0.1737287282,0.1996899661,0.9745120539,0.5303628820,-1.9006751079,0.0046365610,0.0118843887,-1.8015631357,-1.0673025395,0.1722838166,0.3370632400,-3.2842710892,-0.4187192886,0.2610682346
4,0.0941239025,-0.6828188009,-1.4225294830,0.0815106074,2.1279969702,0.3067668516,-0.4575443713,-0.4642576373,0.4098187997,1.2919232891,1.4030829222,0.0069885953,2.4803089848,-1.3920246493,1.1136690675,-0.5191067008
5,1.4209178199,1.0431568015,-2.1496904460,0.7030849775,0.9960964247,1.5966964566,1.7305133680,0.3179454049,-0.2662011464,0.0325800696,-0.1950731917,0.4413677676,0.3073022605,1.1895156036,-0.9922975578,-0.7159223987
6,3.4788244146,0.4517907834,0.1150925286,0.7637815406,0.7952703453,0.6251577424,-0.2542348126,-0.1060259854,-0.2336542938,1.8149548031,0.6147353180,-0.8713982770,-0.4178194894,0.0604854516,0.6758125366,0.9814298876
7,1.8600411269,-1.8506245281,0.6994417674,0.0665598839,-1.2801366269,-0.0583642289,-1.2398766533,0.1153738471,-0.5731048049,1.2411390007,1.7057251429,-0.8810658819,-0.0687916629,-0.1745151621,-0.7260049122,2.0744470018
8,-1.9937152016,-1.6714554607,-0.8989702420,1.6690403020,1.0561756359,1.1528684344,-0.7093482195,0.0414042192,-1.1137025717,-0.6180160732,2.3632871862,-2.3444315879,0.5540322053,0.2974152929,-0.8021657246,2.0665121371
9,-0.0883467270,0.6950470586,-0.3601319281,1.8226817675,1.4552851105,-0.2585877265,-0.3863336504,-0.2728062674,-0.7691183920,0.1109523354,-0.3472835587,-0.4753674845,0.3914345841,-1.0302298802,-0.5771169523,-0.6122751210
10,2.0635318921,0.3352039427,0.1847394512,1.1014599749,-0.2817709061,0.4291550848,-1.2521067580,-0.0064586243,0.9926381454,-0.3707897418,1.4206237044,-1.7508308819,-1.6171046258,0.8711623869,-0.3918854509,-2.1408029017
11,-0.1076103357,1.1483451618,0.5031737472,0.4147399873,0.3086765732,1.4757372503,-0.9454960340,0.5857710358,1.8868611005,-0.8411150433,0.6599428187,-0.7616156855,1.5900853881,-0.4315683861,-0.7314569492,0.6430032985
12,0.4459356753,1.1337938765,0.7460377919,1.3810094553,0.2806318036,-0.5734851219,-1.0931551517,-0.9302361006,0.9935674212,0.4792484191,1.6443730551,-1.0138029682,-0.2724629178,-0.8663177425,0.5252261833,-1.3136574627
13,2.5884039013,-0.7348307485,0.5015865265,1.5381147104,0.6876421804,1.5270016796,-2.2875770887,-2.7063609894,1.3303067253,-0.0996955649,-0.0047937164,0.5950911168,-0.9413791019,-0.5616205278,1.6165080617,-2.3411773764
14,0.1920983105,-1.6389197751,-0.4777677038,0.3802802372,1.1800755207,-0.1107168517,0.5082428398,-0.8688975893,1.0384619762,0.1499924055,-0.4254708551,1.4308016476,-0.6356400843,-0.2367640842,-0.3619779999,0.5127507546
15,0.2523724158,-1.3615035130,-0.3793554746,0.6914909028,2.0388462038,0.2791279164,1.3581056272,-0.4245708226,0.4257350423,0.2745190943,1.6319349034,1.3721069655,1.3952828448,0.0098131693,1.3597405524,-0.9128928513
16,2.0058229225,0.4531320075,0.1235867649,0.1603747442,0.2901768864,1.2245883160,-0.7447551229,-0.0428089943,0.2676807290,-0.5424694700,0.6593824725,2.7827139494,0.2893578826,0.4315806137,-0.3781603312,-0.8039457985
17,0.7408100478,-0.3155274810,-1.3404433942,3.1248126811,-0.0870363692,-0.4124304652,-0.2395072286,1.2485844911,-0.6732311567,0.8243625709,1.3292099602,0.9967361378,0.1939995190,0.5376928674,-1.8267055477,0.6768977958
18,2.1433614520,1.4481206866,-0.6453470363,2.7838510953,0.1768589471,0.3835212689,-1.6822495495,0.4231765425,-1.4710210346,0.3337863445,0.8293846570,0.0572535912,0.4208084966,0.7228931262,0.7210937577,0.5988511058
19,2.3646664674,-0.3080888666,-1.1122351995,0.7063877678,0.1251144701,-0.2947083173,-2.7737070997,2.7771650867,-0.6985722591,-0.8711631393,2.1454313490,-0.6236404673,-2.0553999236,0.5839786893,0.7276153989,-0.4823136437
20,1.3451204200,0.8057911050,-0.4156102901,0.2715619225,0.4203237297,-0.8727230657,-0.2067977113,2.4966830529,1.7306555599,0.4369172518,0.3782842277,-1.1405972800,-1.4638137867,-1.0024455963,2.4479996737,-0.4716406227
21,0.9355702657,0.8679871544,0.2334318906,-0.6760814515,-1.6857845852,0.2506066669,-0.3283303860,-0.4116695380,4.0834894633,0.5883840395,0.1592081139,-0.5036244515,-0.3799350604,-1.0253827672,1.1856053396,0.9501373032
22,1.7739495786,-0.8404449293,-0.3230116652,-0.2356889721,0.2829126956,-0.5596159232,0.1587658792,-0.4076674158,1.7077613502,-0.0500498359,-0.6158561482,-0.2853576730,0.2580648217,-1.2230522583,-0.2418736433,0.1689762717
23,1.0627139155,-0.9378810211,0.9801893707,-0.9844064515,1.4651602647,1.0050664487,-0.3878822362,0.1609106518,-0.7599955930,-1.7325766500,1.8541347440,-1.8132604466,1.1703738626,-0.9704226160,-0.2754329103,0.6696742544
24,-0.8056813637,0.9156787146,0.7826797883,0.0291453917,-0.2173689275,-0.1349187948,1.4488949060,-2.4633441037,0.0920476302,-0.2673700062,0.0085241246,-1.8737811747,0.5420197797,-1.0067926687,1.1811428478,-0.8613141064
25,1.1800401488,-0.6147215220,-1.3043326631,0.6276279277,-0.4297255164,0.0557078289,1.2765227216,-1.0740511765,0.3316678509,-0.5454554065,-0.1569339446,-0.1714325055,0.6685313082,-0.4959121849,0.8908001663,-0.6738971743
26,1.9600594193,-2.2115907282,-1.7919240567,0.7140187425,0.0398963226,-0.5513639060,0.9684715045,0.5812899620,1.7600026800,-0.6022517839,-0.3781869228,-1.4333208139,-0.5770840596,-1.0370650396,-0.2597080566,0.1911324191
27,0.6794527723,0.9306004312,0.5417778004,0.2695661377,-0.7153357630,0.8186097568,-0.5742624501,0.3655891100,1.2533376862,-0.4293589342,-1.1579129970,0.3900818845,-0.5741733150,-0.5900691885,-0.8687176826,-1.0518065105
28,-0.2136994138,-0.8780783968,1.2523094968,0.5254667820,1.8034077266,-0.7161647329,0.6483865181,-1.0042172405,1.7518692125,-0.4546111370,-1.6185053651,0.4175356411,-0.6805960974,-1.8380040462,-1.2390637004,-0.2784934761
29,0.5577211288,0.5377623551,1.4797820141,-1.2742710256,0.0766931355,-0.9903193356,-0.8384286032,-0.0816791112,1.1638213023,-0.0441955146,-0.3935001788,-1.6608364066,-0.8301794223,0.7032799252,0.0244683956,-0.6647007228
30,-0.9044759695,0.0132956651,0.5525809409,-1.5332573029,2.3228036352,0.4922048906,-0.2998107874,-0.9937642338,1.1241655080,2.1241520478,-1.3501163558,-0.0972209016,0.3609021649,-1.2552551769,-0.5323853180,-2.0605171254
31,-0.4450214564,1.6448650536,1.6909797109,-1.6873607679,-0.5981605033,-0.6242335395,0.6843822695,-0.4779480115,0.9527563603,-0.1352029948,1.6402207983,-0.8065430092,2.8745742208,0.2487622659,-1.1396497601,-0.6805247162
32,0.7109845452,1.5640335428,-1.0282378456,0.7049465352,1.9515648069,1.0338752819,-2.0630188163,-0.0228417462,-0.1667645095,-1.3318973051,1.3089866841,-0.0356807157,1.5235951348,-0.9381626207,-1.3447310657,-0.0560046274
33,2.6375821333,-0.7686217650,-1.9628425064,0.9087494290,0.4024845730,0.2178907509,0.7429830043,-0.0021493750,-0.7228629341,-0.1732360924,0.5643045004,-0.5166465063,1.0660779061,1.0718432084,0.1589513690,0.2589338342
34,2.9196177424,0.5161887425,0.7828622113,-0.4139164951,2.2632541510,1.5269284678,1.1424318082,-0.6754171015,-0.4192706463,-0.1323214413,0.4800342055,0.0052529212,-0.1146348533,-0.5265174549,-1.4467287257,-1.9160892133
35,1.7111764884,0.7703450823,1.0534791155,-0.9108717345,-0.7240558123,1.0251909832,0.2129088865,-0.8169483186,1.1507496915,-2.1757617488,0.1193129472,0.2152679635,1.2250566344,0.7136775949,-0.3429135074,-0.4083817748
36,-0.9165920208,0.3367771985,0.4047942739,-0.4167978843,0.0943083739,-0.3311721266,-1.7546245318,-0.4808604314,2.0636330893,-0.0486751086,-1.0372230307,1.1715567197,1.4502132917,0.9223773412,-0.2470069640,0.2229761247
37,-0.2575374505,-0.1376321996,0.5554313540,-0.2653323864,0.1756664503,0.4478142352,0.2056316067,-0.4787156485,0.0107810982,-1.6579366062,0.6282098225,-0.6085154629,-0.7031002221,0.4827716652,1.1597501255,1.9957856951
38,0.5599193542,-0.9223097037,-0.2783916676,-0.2107488476,0.8647232132,-0.7798946302,1.2945322988,0.0018072210,-0.6355663322,-1.0223545876,0.7279502258,-0.0155197012,0.6278384163,-0.4640706561,1.2943531038,-1.2290497645
39,0.6368675873,-1.8712397014,-0.2268088750,1.1241693583,-1.2420192817,-0.8315236190,0.4784083033,0.8545423266,-0.6895702611,-0.5594609687,-0.7565711140,0.1764304741,0.3192855004,-0.7029943417,0.6988494556,-0.5065350537
40,-0.8411925613,-2.5983314287,-0.4634783284,0.8237206911,-0.7534576182,-0.4853083848,-0.2558114975,0.6340759302,0.0540381869,-0.0660280106,-2.4225225602,0.5246657310,1.0351426112,1.5095603716,-1.2303567883,0.9216990302
41,-2.4792400115,-0.2032311932,1.6614618962,-0.1751491312,0.0360914528,-0.2837930428,-0.5347068118,0.4669465054,0.1929794992,0.2322886371,-0.6238511953,-0.4849183807,0.0709809588,-0.3138432089,-2.5772928859,0.7536932672
42,-1.8154479997,0.3520664115,0.5850999705,-0.6510440013,1.7025678241,0.9982928344,0.6830297987,2.2036558745,0.5271237661,0.1597231611,-0.5270164519,0.2125403817,-0.6643303247,0.4705436626,0.3047071488,-1.1928760698
43,-0.7471403698,0.8508517441,-0.0173549504,0.2022359575,0.1477972837,-1.2153051544,1.2002389055,0.6055253277,0.3882039357,-0.1757215182,-0.0637760487,-0.5133267894,-0.1005783231,-1.4744657139,-0.8312952049,1.0829172638
44,1.8150832172,-0.7433011960,-1.4244454524,0.4471632243,-0.4687815166,-0.9917275312,0.8437627587,-0.0418653909,-0.4126096892,0.3799153005,-0.9620208728,-0.4525443376,-1.1982242940,1.6731743738,-1.2038050818,0.0742901944
45,2.0447425158,1.2954539844,0.3680401627,-1.7515935471,0.5812905059,0.8552690316,-1.1649469774,0.2522579571,-0.2782925698,1.4774521087,-1.3164391659,-0.5571254359,-1.0521498594,1.2119955121,-1.1003716855,-0.6422227655
46,-0.7687726569,-0.8231439949,1.0621796790,-1.8103795085,0.7298989442,-0.2862303047,-0.1094790142,-1.1894622823,-0.8920380509,1.5314437279,-0.3831719762,-2.3583171004,-0.3651983521,-1.0881605092,-1.4293773472,-0.9401247613
47,-1.3299986366,0.4712095009,0.4674517522,0.2827324332,-0.0641160852,1.7891699933,-0.1512197128,-1.6012359902,-1.2147214258,0.7124607999,0.5150406031,1.4946304898,-0.4733919569,0.1939137497,-2.0444703925,-0.6821389801
48,-1.2004230058,0.6321279142,-0.5546690660,0.2800096769,-0.7804520014,0.8631786415,-0.3652766649,-1.9618049205,0.3110733924,0.0091650192,1.3813987263,1.3324740357,-0.0431622451,-0.1220260948,-0.4349225781,-0.1020870769
49,0.8962821370,-0.4971767477,-1.8233326031,-0.6091981712,0.3999579949,-0.5220623330,1.5188100547,-2.0434231264,-0.7725896617,-0.3627676341,-0.2446008515,1.3446252120,2.5393959073,-0.7936291061,-1.2810770115,-1.2731876490
50,1.9620936231,0.8685453839,0.3424607098,0.4313800352,-1.0439768401,-0.2589679318,-0.4867654788,-1.4085144488,0.2971175428,1.9640045834,1.6565363393,1.0211903585,-0.9246464999,-0.5267288129,0.7443460900,0.8462603020
51,1.0871868058,0.9479677335,0.2775756281,-0.3912104189,0.4009235370,-1.3291319387,0.4286089872,-0.3036778088,-0.2269773756,0.6376255756,-0.3900068487,-1.3200957273,-0.3509132363,2.3125494997,0.0384136319,1.2812144161
52,1.1312343709,-0.7215816003,0.4303532482,0.3843141063,-0.5426536351,0.7277526854,0.2322008910,-0.5020503741,-1.5180240594,0.1879643519,0.5728641448,1.1390288559,0.1187959405,0.3617809107,0.3483309529,-1.0593969118
53,-1.4365961767,-1.9857742425,0.2967802587,1.8239765942,-0.3817856082,0.1413073091,-0.1624008804,-0.8576496282,-0.1386771284,1.4538521862,-0.4609917352,-1.0250436452,0.8605049969,0.6849620685,0.5589243798,-0.3108488108
54,-1.1333696003,-0.9930444923,0.2992703458,-0.0439665982,-0.1454016972,-0.8715356759,1.5430878540,-0.1363107094,1.1248700730,-0.2344323003,-0.4822714347,-2.0548985621,1.7758710801,-0.3428196389,1.2114823868,-0.0683458054
55,-1.0279324879,-0.4344591730,-1.6100553540,0.4611737480,0.0408002233,-0.0274293677,1.0978609676,-0.3674619364,1.2020878306,-0.0377447489,-1.1842906943,-3.4400123061,-0.1796883370,-1.5454491684,-0.0001116895,-0.6985508940
56,1.5697994101,0.2982203301,-1.9044167662,0.6100163378,-2.3030185267,0.1356297554,-0.0548761472,-0.3643899356,0.4225201072,-0.2308363296,0.3479969199,0.1479780824,-0.1912385132,-0.7245612756,-0.2533718718,0.0705590450
57,1.5740353803,1.3804470328,2.1234558473,1.0735109303,-0.4289560159,0.2429857772,-1.0086827787,-0.4628879923,0.1966666933,-1.0938681651,2.1137051504,-0.9046191241,-0.7039034789,0.8081573995,-0.2909734038,-1.3328803878
58,1.4261991032,0.2996305133,-0.0212332370,0.7268906021,0.3491275723,0.2968795895,-0.5942199604,-1.2530765580,0.5990418467,-1.2195252961,-1.9445211948,-0.1515770168,-0.7760600034,0.3764877148,0.3632012603,-0.5447450260
59,1.6131308735,-0.7286832339,-1.1097808949,1.3480114633,2.2102372290,-0.1221729729,-1.3445923507,-2.2002819449,0.2217514265,-0.0038656919,0.6834819092,-2.0271385691,-1.2696926925,0.6141438302,0.4270394847,-0.3785120977
60,4.2009995224,-0.2467739534,-0.1263882674,1.7648847183,-0.3349190584,0.1113658062,-0.4238754711,0.6153746214,0.7386508195,-0.4203774025,1.7201782825,1.0638559098,0.7515546803,-0.4141383061,-0.4575336991,-1.3999713121
61,1.3937988263,-0.2290407646,0.5565927414,1.0411783670,0.9800438787,1.0434289301,-0.2462412247,0.3816150750,0.2217000467,0.7300609848,1.7501393955,2.1324823116,-0.5444063424,-0.2600363491,0.1379977550,-0.8081407307
62,0.7473280629,0.5085342643,-0.7740368270,0.6780231697,-1.2550552429,2.0072271131,1.2247005460,0.0390064499,-2.0549623780,-0.1055276659,1.9652535714,0.0705917682,-0.0730016748,0.4349409523,0.7812238164,-0.2841000633
63,-0.1126082444,0.5197554586,-1.0619402847,0.7758894245,0.6190352813,-0.2331468077,-0.4304272746,-1.0734187925,-0.9956758656,0.9282489415,-0.2591774032,0.7587848897,-0.3246898613,-2.7368442985,-0.3748851786,1.6106489222
64,1.3660946748,0.4089558409,-0.9109704101,-0.3872007560,-1.1206313142,0.9134914519,-0.3019492438,-0.0203212743,0.4226535090,-0.9458561881,-0.2778621947,0.8614104261,-0.9440428437,0.3239692129,-0.0991128423,1.1528172162
65,0.0832723003,-1.6409420195,-0.7619665749,-0.7380671329,-0.4671629640,-0.5874812212,-0.8465323924,0.2845146014,0.7181500764,-0.1270266236,2.1674030187,1.6493686957,1.1926048796,1.5340872622,-1.8185680008,-0.7811399391
66,-1.0594191856,-1.5456730050,-0.7675857954,-1.3514099704,-0.6609403034,0.7191351528,-2.6727494720,-0.2148035727,0.2247897441,0.8807307023,-0.4836968892,-1.3695142157,1.8449539680,0.8452764818,0.4155922204,0.9296847325
67,-3.6566057475,0.4973586309,0.6318819612,-0.0898839702,-1.0672791092,1.0159917996,-1.1930343994,-0.2290273055,0.6782224911,0.8861837741,0.2449470619,-1.1441949450,0.5648568342,-0.4707871524,1.7630849082,1.3563556285
68,-1.8909151662,-0.7458141120,0.7707577183,-0.3330860403,-2.0844944530,0.1968499482,-0.0857650084,0.9585203579,0.1036050221,-0.8860078770,-0.1975080483,1.7115157207,1.2124124715,0.2401045152,-0.8238980444,2.5221794220
69,-3.2933262494,-0.7103871848,2.0957851751,-0.3946679639,0.4164414784,-0.5424464586,-0.7184714796,-0.4970352997,-1.9798786056,-0.1873953917,-2.0379178291,1.5160501525,1.7187975933,0.5519938038,-0.3398513284,1.0224475904
70,-3.5465000001,-0.4074489861,2.2210324753,0.4207932760,-0.1661965096,0.4799955779,-0.4779426748,-0.5659333542,-1.0891217946,-0.1768140391,-0.2717420753,-0.2082960667,0.2327172381,0.3501930276,-0.0578585285,-0.0690831734
71,-3.7416217511,0.4931592725,-0.1471689849,-1.1658280828,0.5885909750,1.5086106643,0.4881604553,0.7321832394,-0.8465420471,0.6655285885,0.7867020015,1.4501139038,0.7065819403,-1.7174942229,0.1573504814,-0.8856118548
72,-2.5534829284,0.2387364181,-0.1812150960,-2.4269916848,-1.2127628119,-0.5843446032,-1.1572679552,-1.1794680939,0.2050270680,2.0111378765,0.0704371445,1.9473087052,0.9808040631,-0.2768403894,0.7348652905,0.2919488164
73,-3.6809078708,-0.8460646872,0.7403978887,-0.3328992984,-1.3437676630,0.0049840702,-0.1387603186,0.5485764530,0.6883413745,0.7890300022,0.5717354952,-0.0503334263,-0.3098804203,-0.3547343991,-0.1382239267,0.0600179713
74,-3.6931491006,0.4200582290,0.7715008996,0.4713537292,0.2142697508,-1.5131704507,0.9892668382,-0.7396709250,-1.5853130813,0.0516984419,2.0653837741,-0.6294881782,-1.2840939868,0.5598406778,0.2773750801,-2.2374691028
75,0.6804635107,-0.1292718516,-0.2971789982,-0.9665995345,0.3019178471,0.8016382752,-0.2945863229,-0.5420885558,-0.1798378408,0.3973978753,0.6213396868,0.1402105302,-0.0626553346,1.9594309194,1.0106883730,-1.2208830818
76,-0.3947509426,0.8256034945,0.1952185027,2.3525308488,-2.1952264415,-0.5613322007,1.6764085926,0.2167698015,0.0909750335,-0.7196247178,1.7565792470,-1.1575528005,0.0900841659,-0.2815710793,-1.0038211654,-2.8833596193
77,2.3325212274,1.2036423570,2.8305671696,1.1842206364,-0.6539536346,-1.1954957297,1.8829420662,1.5409452248,-0.4959379113,0.1429856752,1.0730049193,-0.7358719072,2.1565954104,-0.5432759771,-0.3568620793,-0.5524339897
78,0.7847280425,2.1911130067,0.2769698860,0.7069100494,1.8229239266,-1.3541160660,0.1490692665,1.9548820700,-0.7184739342,0.7649595084,0.2636964179,0.9089280247,1.1244206899,1.8748266884,-0.6771594419,-0.7219815920
79,2.0405580158,0.2778899302,-0.9368682324,1.8724656636,0.1323267848,-1.2939380955,-1.3682412158,-0.1996190347,-0.8493254732,0.9713040712,-0.9784582992,-0.0272454828,0.7025570362,0.2834782291,0.3602376163,-1.3769229149
80,2.0530486416,0.5290361665,-0.4037802422,-1.2764805141,-0.8674387013,-2.9467002977,-0.4446275159,-0.7954889524,-1.6077448927,1.0893891064,0.0369956092,1.3075417053,-0.3232607371,-0.6728893909,1.6188748949,-0.4759202300
81,0.2899464396,0.0673641149,-0.7262221476,-0.2687644281,-0.5675128043,-0.5457353623,0.0232591760,-2.5360439081,0.1407865253,-2.0759758605,-1.0111157904,-0.3684332663,-0.0703777530,-0.3049512370,1.6047525144,-0.4175968769
82,2.0035752750,0.3987183983,0.7129199759,0.0744484013,0.5414306044,0.1703501915,0.0806282867,-3.3421667447,-0.6770637964,0.1025028189,-0.7244139590,-0.9501569087,0.3959175866,-0.1259263642,-1.1197197723,-0.6131910451
83,2.0533181658,0.5475147511,0.4962241152,0.5730608192,0.6615010100,-0.6626082983,-1.3268985874,0.0724034912,-1.6586638700,-0.3026601155,-1.3339913007,0.5869019768,-1.2010105482,0.2187997249,0.8738668039,-1.0731946050
84,0.1487358191,0.3316597140,0.4066794042,0.6523834482,-0.8826434994,-0.8493451688,0.7985330605,1.0395548365,-0.3150620886,0.5763659124,-0.5194933049,-0.3132314850,-0.8887427410,-2.2012495267,0.3314546586,-0.6714685715
85,0.4453063323,-0.7197180433,0.0039396221,-0.4692328635,-0.2384080339,-0.9328573446,-0.7797133209,0.1368181079,1.3143186851,0.8578524154,-0.0859204145,0.1900451139,-1.1158068639,-0.8188655541,-0.0756248870,0.2402874418
86,-1.0787003355,0.1590268697,0.8132523701,-1.0313311439,-1.0983244375,0.2125565649,0.1310397839,0.0652552055,-0.1421876608,-0.3377662519,1.3889668686,-1.2148875673,0.2155890292,-0.6834653444,-0.3185043292,0.0655627601
87,-1.7418402364,0.5412608349,2.0553272540,-2.0424884156,-0.0802330942,0.7542637922,-0.5234411646,0.5754688931,0.4377559656,0.9367054416,-0.5222946191,-0.7097362209,1.0520971172,-0.4341191209,1.7624280136,2.3953407999
88,-3.1164213285,2.1513245485,-0.3660429471,-1.3358266187,-0.3166301716,0.3502541712,-2.3787373662,-0.1349975806,0.7600062270,-1.4761286339,0.1884681169,0.1475458036,0.9753036066,0.6214000239,2.2103274153,0.7996040850
89,-0.1545986587,-0.6707336470,-0.7062403765,1.1266481285,-1.4900124527,-0.6450473304,0.0798699857,-1.6618287603,0.5543980925,0.0805783753,1.4921439805,-1.9512587827,1.2330191351,1.0361722726,0.1282057090,0.9143005700
90,1.8997824471,-0.2253842623,-1.1577672425,-1.6737912651,1.4997118613,-0.2970048599,0.9970927167,-0.5298765084,-0.4423329126,-1.5632726878,-1.3483260686,-1.3625299135,-0.9003667470,-0.7878667842,-1.3563171502,1.8716041150
91,2.1606203548,-0.1335669454,-0.5027270478,-0.8818071950,1.8008843119,-0.0251933662,1.7585644635,1.8111145354,-0.1780016052,0.0845093548,-0.4926438257,-0.2864174140,-2.0187024551,0.1344693183,-0.3238967610,0.7673936489
92,1.3633024977,0.1798675409,-0.7340660987,-1.5026194537,-0.6888275597,1.2527981332,-0.1678796026,-1.0756594627,-0.8032195609,-0.2286716650,0.7107095952,-2.1715469600,0.2214184784,-1.0494122714,0.0686945682,0.4049223299
93,0.4283557840,-1.2362002212,1.0576061062,-1.8262427400,0.2143524279,0.0787361786,0.5826435044,0.6756858630,-0.3676186139,-0.6382615984,-0.1122124153,-0.2492363582,0.4628999654,-0.6022750876,0.5639061704,-0.2981556192
94,-2.1620777861,-0.3285911001,1.3109726789,1.6947894021,0.6639280320,-0.4878358823,-0.0423900555,0.9779163336,-0.9414043036,0.4484987654,-0.7387887203,0.5794338661,1.0969254116,0.5282379997,-1.0311844364,-1.8079094276
95,-1.3743969488,0.8236545707,-0.0444747338,1.1279387277,0.1626889266,-0.9494631771,0.4623089472,0.9956519417,0.6328724981,0.4869456913,2.4154853208,2.7234736798,0.0860726503,-0.7421120649,-0.7431440790,-0.5222685869
96,1.3163282015,-0.0659396723,-0.5656394211,-0.1180268125,-1.1771718713,0.2157379305,0.4498656558,0.5061489142,-0.3234500283,1.3393841433,1.8781184851,0.9523731440,1.4374645989,-0.7074628084,0.3937639358,-0.6999645703
97,-0.6491957194,0.7197321571,-0.2037451221,0.1139232595,-0.5806164732,0.5604329063,1.2741371307,-0.0576467292,-0.4259705214,1.9451279522,1.5336247086,-0.0254893151,1.8271756184,0.1049381520,-0.1826860510,0.2977838017
98,-0.0099593807,-0.2989382822,-0.9724347075,-0.3459864651,-0.4508132509,0.2524029097,-1.3578195851,1.0011988805,-2.3237064748,0.4619226254,0.0183778234,-1.9175619168,1.6765557503,-0.2108083174,0.3130731139,-0.6455456185
99,-1.3870951876,1.6645856867,-1.2299983020,0.1634217510,0.3356986412,-0.8334489762,0.3722802702,0.4459159177,-1.3511244334,-0.7562845857,-0.5454669402,-0.0292729933,0.6655407172,0.2457744801,1.0508317789,0.2675031846
100,1.3628269654,-0.9238169875,-1.9891097382,-1.1165646121,-1.3539486841,0.1708490008,-1.0300997891,-1.1665526573,-2.1610516304,-0.2393630547,1.1426355674,-1.0216303502,0.7956394621,0.3560312765,1.6429176226,0.5375458542
101,0.1646809719,-0.3551730216,0.6828344082,-2.1455982449,-1.6685090315,-0.2583417679,0.4190791072,0.0125429833,-0.0513952929,0.3693882172,0.4834161376,0.6928858509,1.0835182081,-1.4254720908,0.1914228619,1.2718478997
102,-2.5340341966,-0.9859916751,-0.4194474107,-1.1221767769,-1.9474446542,-0.0735266002,-0.2191222662,1.3629020084,-2.0336792879,-0.0278973432,0.2936043718,-0.7178545083,-0.0820799089,-0.9736879959,1.0400893433,0.6790520243
103,-3.2419054428,-0.5417586884,0.3157332020,0.1004621030,0.3119475007,-0.4873923575,0.0754292792,1.3370466777,-0.0814274436,-1.0655352282,0.1102472131,-0.9321985734,0.3937433098,-0.1073228293,1.5749915029,0.0608392059
104,-1.0869737414,-0.8451828574,0.9919566331,0.0225775744,1.3826651759,-0.1628815616,0.1674772511,0.5129846976,-0.5687297640,0.9123323043,-0.3630481063,-2.0519890761,0.5762589221,-1.0604431135,-2.1023214984,0.0218067922
105,-0.8834479956,-0.3647802296,1.2564402482,0.8280203115,1.1141913260,-0.9694148182,1.6002875841,2.1405522049,-1.1565405244,0.0220240004,0.4537304549,-0.1499898509,0.4524438416,-1.4967779541,-0.1336478759,1.8928660822
106,0.2258628948,-1.0045162323,-0.9428647005,-1.4206244164,-0.1517444357,0.5393771771,0.7115848195,0.7330579780,-0.9364411605,-1.7639202609,0.8818974983,0.8310159828,0.0364659914,-0.3750063704,-0.2579175599,0.8019240205
107,-1.3327233539,-2.1116868546,-0.2020511637,-0.9257982661,-0.3641152332,0.0796493500,0.2270239839,0.0700054863,-0.8614574024,-0.0346181680,-0.7803220894,0.7587525371,-0.6568330744,0.0214744589,0.4030026352,0.4555408865
108,-3.0508128357,-0.3033924706,-0.3836067189,-0.0939883014,-0.3040081525,0.3213870666,0.6140128943,-1.9567125576,0.0726888247,1.2405806653,1.9048063478,0.9150376781,-0.1990749730,-0.4239024267,0.1901332151,-0.6646986927
109,0.3481551234,-1.3290425008,0.2369131828,0.1814243236,0.4876924243,-1.5648629911,-1.5019894855,-1.9233635639,1.2625956080,2.0800593366,-0.2997302330,1.4459372187,-2.1175353334,0.5733696186,-0.6137883082,1.8561473004
110,-0.5063744391,0.7673797354,0.2516345436,-0.3666297735,0.0308945069,-0.2937825664,-1.7185448996,0.1730636567,-0.7329192074,-0.5312215989,-1.7368672021,-0.7157603622,-0.1304762762,-0.0692547585,-0.3619850318,0.6379785813
111,-0.0160765817,-0.6323800937,0.0398703661,0.1964960648,0.8562446289,-0.1170599807,-0.5089114835,0.1005708432,-0.4414078358,-0.2328405476,0.1403300664,-1.6331216157,0.5603440036,-1.0416286064,-0.8560738012,-0.2001710316
112,-0.5512060361,0.7599899440,-1.7736624070,0.5238836561,1.2657218582,1.6356197316,-0.0424254432,0.1554904833,0.5909688320,0.6305816032,2.6290508061,-0.6955065219,-0.2639730201,-1.6204686813,0.3493347485,0.6674981585
113,1.9128033189,0.3502182035,-0.2275652115,0.8862590957,1.0223177521,0.2099117131,0.3158572502,0.6458370692,0.9188552226,-1.3855243908,0.3581867715,1.6926003023,1.3802106195,1.3717694531,1.8115474024,0.5784292286
114,2.9595087984,2.2383376580,-0.9446268355,2.0035760539,-0.3135029139,-0.6894336951,1.2565085315,0.2887356057,1.0984747016,-1.3302808090,-0.3369794157,0.3108165584,-0.8202551616,-0.8118083718,0.0661527555,-1.1237956426
115,5.1794568526,0.0858700781,-0.4077820855,0.7077244442,1.3928060575,-0.3389573006,-0.8126384388,-0.5798499709,-1.1566513572,-1.6009662750,-1.1834627377,-1.5094232966,-0.7324365197,-0.1582967036,0.8250434055,-2.5326480836
116,2.9887706290,1.0272793467,0.4626217417,-1.1530625258,-1.7410280660,0.2486275835,-1.2609015160,-0.7144868748,-0.6334128162,1.4820290554,-2.1499238549,0.0887778486,-0.5719055945,-0.1095931382,1.3868335892,1.4301850760
117,-1.4802762641,2.2595892223,2.0093989277,0.8261316262,1.8849451452,-0.9092779220,-1.0731808261,-0.0183632695,-0.0677889924,0.1053222761,-0.9846663823,0.1539264621,-0.9319941102,-0.3687782163,2.1665510647,0.2903649335
118,0.2092789627,0.3070106797,0.1935389002,0.6148463788,-0.1700692884,0.5680531610,-0.3910732110,0.6979087336,1.7747932428,1.1522740455,-1.8906507268,-2.3835474686,-0.6202100551,2.0775129517,0.6307031031,-0.8075989826
119,0.3733045447,1.2256259176,-0.9271072691,0.4825663787,0.1655022459,0.8359017484,0.3601345628,1.4929994408,0.3122151817,-0.1725136118,-0.1719136223,-0.3604016935,-0.5407261143,0.5980231130,2.4522506434,0.8561541064
120,1.9390974637,-0.0790143964,-1.1125337110,-1.0061123880,-0.1515206593,-0.8110437357,-0.5617632274,0.8184160030,-0.3925427735,0.5833623564,0.2434120645,-1.1293772834,-0.6299228404,-0.7266189383,0.7229174160,-0.1518844710
121,0.7584653255,-0.4995667811,-0.8063024181,1.3335056918,-0.0125001404,-0.2817569214,-1.1688512814,-0.7063990679,-0.7133600224,1.0706338170,-2.2397000401,0.2783248419,-0.4384349073,1.7528255825,0.8562657836,0.4880703941
122,0.4324833424,-0.7162290842,-2.0170716707,-1.2267566549,1.9441101915,0.8299554070,-1.9782359488,0.7338220258,-0.4146934897,0.7883825444,-1.2153648965,0.4820710380,-1.4843231618,0.2349971259,0.0397103301,-1.3917951905
123,-0.2458814918,-0.5908195824,-0.3300441974,0.4135917298,1.0182827840,1.5976011976,-1.7702980723,0.9522798278,0.8447218686,-0.0402812115,0.8512929446,-0.0379363921,0.2331573352,0.6529467822,0.8290069495,2.0391941039
124,-0.4472796916,0.2517366412,-0.4984364576,-1.3898025441,-0.7953890739,0.8430753887,-0.0056616643,-0.6469577937,0.5085933347,0.1767810067,-0.6319665980,0.4007992127,0.4240176220,1.5148328254,-0.2035642411,1.1603274769
125,-1.4864291765,-0.5993214858,-0.6564416401,-0.3703344155,-0.1747150631,-0.0915287822,-0.7291853297,-0.5248428431,-0.1478022568,-0.4323750507,-0.7205841243,-1.4288222921,-0.7715648999,-0.3051105085,0.4763618987,-0.1414531925
126,-0.5981045860,-0.2167088982,-0.0472599193,0.1711862987,-0.0848009447,-1.1565079997,1.5178173764,0.0033585581,0.4714640878,-1.0086566700,-0.3128122675,-0.2326532380,-0.6608105689,0.9277730141,-0.2152078384,0.6902899336
127,1.1040953458,1.2246740845,-1.3058436637,0.9436518699,-1.4157607514,0.1874623519,0.4051407116,-1.5466221286,1.5182172803,-0.0935636720,-3.4127203773,0.8410057808,-1.2544596582,0.6892260623,-1.2535203255,-0.3905992877
128,2.2953831480,1.7795010296,-0.5297418068,0.6939944279,-0.2792585924,1.9731218934,-0.9911946893,-0.8391595298,1.0010259424,1.6032067266,1.1458147031,-0.4395125779,-0.7799157574,0.6219326330,0.0552331960,0.6266793430
129,1.7584554019,0.9218878202,0.0452897203,1.1799941648,1.6540996067,-0.0563704620,2.5467813800,-0.6398854139,0.3483294366,-0.1339571572,0.9938730211,0.5470457579,-0.1992222921,0.0367974739,-0.1518462088,1.0931870908
130,4.6672637408,1.2136475026,-0.5032091721,1.4714617878,0.0307352842,1.7996253461,-1.4965115337,0.3840591715,-0.8081863848,2.7995633282,-0.2700040268,0.3853382604,-1.6244418239,1.8815589484,-0.0560329159,1.6455038561
131,1.0050343015,0.3235058168,1.9071730106,0.7621275220,0.7016335569,-0.9490388378,-1.4898757264,1.6532378063,-1.4279710506,0.6291656004,0.1586438788,1.4645712889,-1.7333877370,1.7118253343,0.7717093931,-1.2562364135
132,-1.6381069183,1.9112870049,0.2607067924,-0.3926998670,0.5393675044,-0.7709306638,0.4079801757,-0.1269274644,0.9659890228,-0.9930177115,-0.3316512783,1.9995517214,-2.0291364736,-0.1426038933,-0.3662524379,0.1809733943
133,1.4352927704,1.8848066966,-0.8468911174,-2.2397589141,1.2738793103,-1.2531283006,-0.4070921750,-0.2013540374,0.4645916829,-0.3066248121,1.6192895950,-0.4158020187,-0.0857856873,0.2764452599,-0.1343238673,-0.7413208105
134,2.2835045326,0.9535801212,0.6494984326,0.6371718411,0.7093476471,-1.9922437045,0.8742876904,-0.9961434296,-0.8620073331,0.5390342674,0.3739307069,0.6676362378,0.9649322428,2.1150302644,0.5883271481,0.5998605241
135,2.5632612788,0.8044170551,2.3534500799,-1.7609377615,-0.7119335065,0.8594211372,1.8368537488,-1.2726731847,-2.5287312442,0.7068097379,-0.1629977481,0.5622562923,-0.5772422499,0.1295262468,0.7870191912,0.8847028644
136,-1.6989276038,-0.9171854020,0.3786134224,0.2321309474,-0.0889299992,1.9503657408,0.4825990972,-1.7736819826,-1.8107211656,-0.2751937057,0.4867218336,1.1896246278,-1.6884401574,0.8498957233,-0.1776485673,0.0820910496
137,-2.1037388213,-0.3493701891,-1.0309061604,-0.1385929216,-0.1154208722,0.6886253134,-1.6178267458,-0.0652809523,-1.3120503166,-0.4855056405,-0.0774169774,1.0595863428,-1.1526708878,-0.2666371376,-0.8475869908,1.7270694804
138,-1.2845236357,0.8300960502,-0.6952062073,1.3108625142,-0.3851504736,1.7999865308,0.4484278685,-0.8315474238,-1.0031058121,0.0248124045,-0.3907465633,-0.5269762171,-1.8389806821,-0.3202759546,-1.0179735321,2.4875813271
139,0.0633095674,0.8653334354,2.0640059877,-0.8594842448,-0.8517419165,-0.4346082981,0.3456005795,0.6387072398,-1.3453830015,-0.2748727062,-0.4215530314,-1.0033477175,-0.2811007165,0.1931640940,0.3139282838,-0.9995152957
140,-2.0473636472,1.1585502043,-1.0615783068,0.1761746615,-0.6322086692,1.3806179461,0.9556513238,0.8660484396,-1.7144039477,-0.2199585737,-0.2405545971,1.8453411176,0.2340485076,-0.8236922118,-0.1252867873,-1.5110046666
141,-0.4199079985,0.1444229059,-2.7290708685,1.3982805398,-1.2941970963,0.9735031980,1.6921815728,-1.0020347053,-1.3464549029,-1.5401910248,0.3789724829,-0.4798763603,0.3968290625,-0.0784824057,-0.5772207738,0.9391430055
142,2.1444845383,-1.6834822915,-1.6224174971,0.3281217220,-2.2631571995,0.4597341592,1.3279058298,-0.9404693906,-1.2885027628,-0.4435421408,-0.4408254107,1.5787102909,-0.8421009486,-0.4047682075,0.3171644755,-0.2523147193
143,-0.8241844912,-1.3095145410,-0.2491354801,-0.6827305608,-0.2409948099,1.4988607315,-0.1127084152,-1.0173178800,1.0402166625,0.2106651602,-2.1884957304,1.0142818870,-0.4889617268,-1.0067914714,-2.7636453019,0.5626674134
144,-2.0801987554,-0.9375449816,1.9436840105,0.4615187121,-0.1405083656,1.1302946066,1.1753209492,-0.6820128431,-0.1743971757,0.1353543111,-0.6901987477,2.1770570484,1.6978986948,0.2000381101,-1.7379037250,1.1547189858
145,-1.9717629428,1.2935236630,-0.4219637330,-0.7024639741,0.1385105495,0.5487769626,2.0422950496,-1.1575054432,-1.1088640289,-0.3251705954,-0.1597487417,2.2179176922,-0.7738974348,1.2155033586,-0.7861169797,1.7130929817
146,1.3985676116,0.1454942568,-1.8529446122,-0.0033939493,0.2194686806,0.2988502619,-1.1640675684,-1.0036228667,-0.7681882789,-0.3709147642,1.3807888852,1.0173064554,0.3050806607,0.2452366143,0.2128922688,-0.0169657716
147,1.3738882146,0.4685213916,0.9126463019,-0.8259713285,-1.4775432760,-1.0609802235,-0.6883465632,-0.3821545037,-0.1529799662,-1.2829550144,0.2097619746,0.5864331103,0.9169716445,-1.5336327850,0.7936387641,0.2772833243
148,-1.0979121587,-1.3845546961,3.1626626156,-0.1508403021,-0.4287928834,-1.3417124162,0.9772772054,-0.9711338429,-0.9592190777,-0.2766278046,0.1210738625,0.2095506022,-0.8371753659,-0.2515570093,0.5850630922,0.1314039831
149,-2.3848094204,-0.6440211796,1.8686515998,-0.3467857094,0.8285177641,-0.3099333273,2.2490678773,-0.4631422844,-1.8039679541,0.4790946460,0.9765646933,0.0313350544,-0.2373546905,-0.8975750959,0.8628529333,0.8190693335
150,-1.4724847059,-0.6119715233,1.2229987673,-1.3303366692,1.2479264673,-0.8164662619,0.0528558094,-1.3362106620,0.9106029300,0.2242830077,1.6737544128,1.4653684526,0.3378220003,-0.6511371739,-1.3644919268,-0.6107093769
151,-1.2108091667,-0.4378845305,-0.6581955220,2.2154141448,1.3288433861,1.2742701733,0.5373252252,-0.9845383256,0.0975238167,1.4255471576,0.4125684679,-1.2862374048,-0.3254705560,-0.3772801597,-1.2780672496,-2.5431632658
152,0.9836439689,0.4813341123,-1.0431099504,0.8484327282,-0.8094382023,1.6051652455,-0.0979903050,-0.7139176480,-0.4931878305,-0.6663021084,-0.9008179286,-0.3911320490,-1.0934528597,-1.6358224718,-1.3162781594,0.5863594539
153,0.9671210475,0.3932919077,-2.1220957458,1.0467546616,1.5120102900,-0.1433473910,-0.9091232447,-0.5788029300,-0.1087474422,-0.8714612328,-1.4484636870,-1.2747654475,-1.9420832772,-2.0206144539,-0.1470837869,0.1081319303
154,3.6009371614,0.9984408474,-0.8392370580,-1.0516839406,0.3221735038,-0.3674224822,-0.4788082762,-1.5728922146,-1.6960165814,-0.9291762127,0.7081093925,-0.6814461088,-1.7741448625,-0.8550815827,0.8537140425,0.9052808333
155,2.3350945417,-0.7008377941,0.0809712468,-0.2894787065,0.1231606828,0.7988987653,-1.5928123878,-0.8231960461,1.7592351633,1.7347674447,1.7099042815,0.3466109510,-0.9319793045,-0.2598015618,1.7104459184,1.0284128273
156,-0.4775176585,-0.8516911167,-0.4016346242,0.1964770648,-1.3348037781,-0.7528914745,-0.2271553335,-0.0375687187,1.1864437331,-1.8139126443,0.9089953594,0.5524278693,-0.5813045662,0.3283112181,1.6870926685,-2.1467362794
157,0.7100986047,-1.1953421947,0.6687396995,-0.4741102381,-0.1713622417,0.2032042306,0.9050775321,2.6144672426,0.7770396902,-0.7086629198,-0.6503701652,-1.1105874045,-0.2568270444,-2.1419454144,0.9495063709,-0.3917094827
158,-1.2366627200,-0.9154809529,0.7937265184,-0.2783492109,1.6158942802,-0.3914047903,0.9416880381,0.1659501881,0.9356766562,0.9906196492,0.4675908515,1.4170734531,-1.4592728633,-1.6209454900,-0.1596392672,-0.4155295062
159,-0.4421529839,-1.6719379210,-0.2234638786,-1.0793226878,0.2977883356,-1.2987724317,-0.7189529811,0.6273641648,1.3919751609,2.0914363906,-1.6659699114,-0.0551390590,0.6932508746,-0.0532377398,-0.3787180777,0.5687388303
160,-2.7104500688,-0.4763206886,1.3502601546,0.8607541420,2.0560572947,-0.6828322335,-1.1493314317,0.7984175931,-0.2833807951,0.6043669498,-1.7461833372,-0.5360124097,0.2169303601,-0.9712307278,0.4047876652,-0.1374410689
161,-1.3688900073,-1.5738747395,-1.7455510367,1.3929900454,0.0413412173,-0.5025777339,-0.3293742935,0.8167294223,-0.7386167380,0.8954972731,-0.1913273718,-0.6241717535,1.4072235820,-0.3668081138,-0.0603809368,0.7830298099
162,0.0809936035,-0.0060550873,-1.6998328321,1.4983828840,1.7241072191,-1.0806934649,-0.0927450019,0.1942108046,-0.5739083496,-1.3061141469,-1.3899404429,-0.7807519000,1.1617820602,1.0959842865,0.7917141990,1.4915956996
163,3.5211883385,1.9843678079,-0.2691428356,-0.7846903579,1.8185575695,0.6392822507,-0.6762310704,-0.6127990586,-1.4218507122,1.0532754336,-0.8473019441,0.5349993459,-1.7952680150,-0.1781744216,-0.0786109782,-1.1046354610
164,2.0625316958,-0.1796014998,-0.4462752964,-1.2817007970,2.1646234235,0.3862958523,1.6197650752,-0.3547383706,-0.2958736708,0.1651943664,0.0576940586,1.5065122442,-0.9670693893,0.7805265973,-0.6626072358,-2.3716135913
165,1.6275228894,-0.4422973881,-0.8830411724,-1.1000132383,1.2164842760,1.3121821125,1.1167249258,-0.0348203699,1.0464943210,0.1233788322,-0.4372295197,-2.5527226122,-1.2318036074,0.0675214611,-0.8728041426,0.5660247006
166,1.1668729313,0.0874705131,1.0297048042,0.2230788745,0.2658228443,-1.3583179209,1.1592426464,0.2470181731,-0.0884040550,0.0028534814,-0.3988392786,-0.3897100827,0.2458199031,1.1635917938,0.1435792899,1.0577275366
167,0.1037238595,-0.1119454505,-0.7781952461,0.6839823446,0.5926274748,0.1365132009,1.5583123933,-2.6417510768,0.9509488301,0.1941778386,1.3297436658,-1.1259863706,1.3382658123,0.1781527760,0.7554068499,0.7380165707
168,2.9091623715,-0.3776427238,-0.6490484302,-0.1845142661,0.3926562992,0.1134051149,-0.6029749778,0.6796069526,0.6034528100,0.8231201419,1.1785580569,-0.7772669210,0.2837349110,0.0268250067,-0.4982462984,-0.7373221861
169,0.8955068134,-1.2142350292,-0.9831670038,-0.1333541383,-2.6842092682,-0.0066980172,0.1931296500,0.2423132519,-1.0918870719,-0.4092631693,0.4943921133,-0.9900425290,-0.5660626406,-0.4428334165,0.4019190461,-0.0330245654
170,-1.9677894036,1.1927968365,-0.6409697593,-1.5603691147,-0.3337670432,-1.2539693642,2.0969818387,-0.4811565114,0.5268231029,1.5595307025,1.2524278771,-0.0474196591,-0.1762982933,-0.2394406380,-0.8951134577,-0.9353229909
171,1.5183884214,0.3208458142,-1.7121027761,-0.5554596299,-0.9806642163,-0.3653122536,1.6907078764,-0.4710757170,0.4158163342,-0.3430501691,0.9026946403,1.4390993858,0.0041269085,0.6043123153,-0.7979050963,-0.9322410796
172,1.7000469513,-1.8515232078,-1.0611503441,-2.0973347888,-0.0839312606,1.6349398993,0.2684838324,-1.8980555130,1.5540904071,0.4975669578,0.4193896509,0.3912756202,0.7290117325,0.4378697379,0.5814601673,-1.8663778102
173,-1.3287830898,-0.3869858343,-0.0964045770,-0.1878563406,-2.0927094808,0.0210833186,-2.0373467211,0.5676414288,-0.9243263592,-0.1068912115,-0.2100170509,-0.9125657663,0.6291716432,0.2038382422,-0.7700626377,-0.8216342102
174,-2.6747915139,-0.4886591821,-2.1121366768,-0.9407932560,-1.3894643530,0.7545217439,-0.2443510808,-0.7098064246,0.8653655081,0.6125796516,-0.3738694219,-0.4325809121,-0.8011522843,-0.0804963011,-1.4678960755,-0.6754648612
175,-1.1222022715,-0.3749535139,0.4554778378,-1.1599610441,-0.2672111174,1.1514787113,0.4214185673,1.1663985542,0.8741204003,0.0149044106,-0.1254569661,0.0660337038,1.5856217763,0.9161434757,0.8141231678,-0.8838659592
176,-1.9854849295,-1.3483141754,0.2875718742,-0.0730645006,-0.2130408353,0.6126285060,-0.6957265704,0.8852259103,0.6388779643,-1.2569275381,-3.1277184661,-0.9110874690,1.3095634670,0.3042068356,0.7249583232,0.2289951212
177,-3.4492881857,-0.5974977272,1.1743023797,1.1911294585,0.5810350922,-0.3004042981,-2.0724395599,-0.4595012415,-0.8029035091,0.5321609637,-0.9009285535,0.2357158826,1.4570140380,-0.0763206663,-0.9005506809,-0.0475914836
178,-1.9523463020,-0.7388248084,1.3333128800,1.8269930054,1.3822234307,-0.1039137705,-0.5636806049,-0.0819238391,1.1599430435,1.4666677330,-0.1291259284,0.4414486621,1.5913039847,0.4843285673,1.6929413335,-0.0538975574
179,-0.7835689039,-1.0934900468,1.3159035445,2.6448479953,-0.1500070384,0.3680006885,0.1216917828,-1.5589074796,0.6360110181,0.1229769093,-0.3417485234,1.2712957929,1.6215160489,0.6118943027,0.1887714188,0.1187248947
180,-0.4773037394,-0.7728676896,-0.0395963942,0.8119316319,-0.1151377264,-0.0545343715,-1.0181873103,0.4448744339,1.3507552369,1.8791176738,-1.6433385677,-0.0691245203,1.4512979024,-0.8246772329,0.7932920751,0.4516708979
181,-0.9636034639,0.2772354061,2.0282678530,-0.9847731982,0.7989913320,-1.2962474225,0.4319329429,-0.1567329816,-0.2363342333,1.5560806087,1.4408250990,-2.5886996970,-1.2055732639,-0.5821001440,-0.7145832115,2.7528354551
182,0.0210129755,0.7884534115,-0.5449385313,0.2919028719,1.1546448288,0.6613556828,2.3168133527,-1.4570745378,-0.4898775699,0.8409480913,2.0760480370,-0.5186276353,-0.4603195718,-1.4258786369,-0.8352139415,1.5810919280
183,2.8709006746,-1.2983303014,-0.3980175236,-0.2791694971,-0.3627303056,-0.7640897583,0.8782782818,1.1542442835,-2.1735764486,0.8428763212,0.0250301135,0.0642295419,-1.8123789464,-0.7079718781,1.8239152643,0.4393446706
184,-0.6311852676,-0.3750791343,-1.3715818373,-0.3473177660,0.2511400681,-0.2273140230,-0.2822232662,-0.1990073861,-1.8218622311,1.9601676938,-1.6776741052,2.3053373236,-2.3002125255,-1.4019837642,1.3600664939,0.1355727795
185,-0.7854016304,0.6163294282,0.0339213867,0.4178563957,-0.0189287503,0.3448997722,1.5397145691,1.3663180294,-0.5795254063,0.6264791490,-0.3719796533,2.1165470415,-1.6475883208,0.1482485781,2.3604545670,-0.2539166903
186,-0.1867869258,1.0627319700,1.6645029070,-0.1738729591,-0.5704896524,-2.4081150224,0.3844353989,-0.3782607585,-0.9266674025,-0.4499003065,-0.4674593531,-0.3707086636,-0.1814876602,0.0481947936,2.0457505711,0.7440312002
187,-0.0276752989,0.9674028126,-1.3335143645,-1.8801954946,-1.9646258794,1.9285433451,1.0810322591,0.1228222596,0.4338866157,0.2453489730,-0.9267928656,0.1297144654,0.2148867008,0.5030760594,0.8199635557,-0.2637199945
188,-0.7813658827,-2.6842735119,-0.7597282676,-2.4113602573,0.2747738319,-1.8522772830,-1.3242174005,0.2041849510,1.7308177823,0.3580535128,0.9809617728,0.8481213843,-0.8282552861,1.0737425775,-0.3951409799,-0.4464935446
189,-2.1888787362,-0.6980068687,-0.5043033424,-0.8226553953,-1.2777389200,0.1648302198,-1.1337038648,-1.1703483472,0.5577450380,-0.1198408915,-0.0425837869,1.3467297747,-0.7841965260,0.4638899679,0.8897406299,-0.6585661529
190,-1.6236414884,-1.3628260098,-1.8497010023,-0.4593927986,0.0271131430,-1.8218351521,-0.3141154370,-2.9174808420,0.2998771057,0.0293999743,0.1676538649,-0.1905151685,-0.0332316304,0.7548227255,0.8349213007,-0.8175685150
191,1.6135302197,0.1565594798,-0.3852588977,0.1925472762,0.0401301146,-1.1472401915,-1.0332256554,-3.4256447498,-0.0550188888,-2.7192552093,0.7940214502,-1.5689232260,0.1162649394,0.6771083181,0.7749112582,-0.0607917122
192,3.3669044909,0.9272198228,1.8450694790,-0.2451301021,-0.4996860667,-0.0008536640,0.9919738131,-3.2501396788,1.8842847209,-1.7876887225,0.3596550440,0.7942456640,0.3239565620,-0.0406367887,-1.9473334700,2.4367927444
193,2.0929631804,-0.5044745934,1.2486546249,0.9863918454,0.8595751844,0.4156042928,0.3137973410,-2.6709122796,1.8871607403,-0.3060546686,0.9374071632,-1.4408051942,0.4374085692,-0.9357734385,-0.9443528259,0.0578141637
194,1.9606017343,-0.3631983295,-1.0153576896,-0.9066243536,-1.1786383273,0.8615628727,1.0387703648,-1.3170206091,-0.9552775280,1.9888805915,0.5755355525,-1.5714090236,0.1029476216,2.1086618051,1.5419488714,-0.1425395515
195,-0.5753045214,-0.2820810218,-0.3086366138,-1.4312338407,-0.2888138253,-0.8846900899,-0.0793898709,0.4056025768,1.6173598364,-0.2371169015,0.4024469688,-1.2852939707,0.9069643489,0.1958530334,-0.1593657462,1.6983015088
196,-0.8302425866,1.4824736346,-0.3509667771,-0.5868512223,-1.4784701044,-1.6699235314,0.5407453502,0.5781555234,1.1507883012,-0.3605025315,0.4556690125,-0.0086584573,0.2457312912,-0.5739318482,0.1693437066,0.5561912959
197,0.8806183870,-0.4993865868,0.7755049990,0.4612656305,0.4270715545,-1.0411250737,-0.7636118138,0.7437309582,-0.9184120701,-0.8435973826,0.4733214594,0.0530208016,0.1435397420,-0.5074087808,0.8784110462,0.1894944489
198,-0.4830841072,-0.3478312584,0.0943221566,0.2351640354,-0.3625920574,-0.8581100060,-2.5258112793,0.8206890691,-0.2985983644,-0.9388392891,0.7228454689,1.3952032800,-1.5853145305,-1.4274703651,0.8868701991,0.3464870736
199,-0.7812282124,-0.9497946430,-0.1107932924,1.4597361707,1.4501952896,-0.9304348236,-0.1437705463,-0.7990694196,0.5307312145,-0.5128805201,0.3368472157,0.1643816885,0.4699042819,1.3409304411,1.0694122337,-0.5707633933
200,2.1918512422,-2.9428374279,0.1175176621,1.8953248192,0.4821404956,-1.6380262908,-1.0159235484,0.3862088033,-1.0266256860,0.3391070571,2.7887831115,0.2460740082,1.4772265004,1.3214877838,-1.4953637018,-0.7446754602
201,-1.0542404308,-1.7593304236,0.2107914812,0.8263422113,2.3116464968,0.2734284871,1.4507575013,-0.1323851309,-0.7209169344,0.6585986576,0.5495807780,-0.3621106506,-0.4687762334,1.0841241582,0.0635348267,-0.4235635619
202,-0.1232041838,-1.4466351143,-1.9872006771,-0.7068809928,-0.1123323714,-0.2243800609,-1.2294255909,1.0167671400,-0.7736428838,-0.4260548154,-0.0114874476,-2.5954243448,-0.4776032801,-0.1491441089,-0.1642291088,-0.9596025743
203,-0.8801963861,1.0048520604,-1.7862169301,-0.8593010115,-1.4111175030,1.4900618172,0.5225879074,0.7684910613,-0.6740855187,0.0078392254,-0.2347600378,1.0967595219,-1.2940722840,-0.1835248752,-1.4125126989,-0.5235490028
204,-0.4488356082,0.8815926617,0.1233752401,-0.2691721399,-1.4224706545,-0.2036692325,-0.1414485609,0.7698565257,0.2502995742,1.8387333200,0.0743959894,-0.3597048333,0.0587795366,0.1464940234,-1.1669765672,0.0335014230
205,-0.9925653399,-0.5455834045,-0.0750933953,0.8625503476,-0.4525182907,0.6115363753,-0.2073345761,-0.4217259163,-0.4411014614,-0.7189092665,0.3660812066,0.4444693969,-0.5529907689,-0.2901939955,-1.1676900536,-0.3810214529
206,-0.1407353956,-0.2821878935,-0.5692345622,-0.3578512826,-0.8444146698,2.6046075827,-2.5603452542,0.0415997709,0.4837374922,0.2670748407,-0.9909094176,0.3169910066,0.0065879528,-1.3930526705,-1.6589029646,-0.7870668142
207,-3.1855522944,-0.8922120773,-1.2867774041,-0.1858890824,0.1434520490,-0.1600408774,-1.3127612998,-0.0647597143,0.0012169334,0.8376783464,0.0640060615,-0.4579472104,-0.3049784999,1.0683781709,-0.3405223493,-0.0335191359
208,-0.6470863445,-0.7111107051,0.7978858195,-1.2218390824,0.2754261934,-0.5967079031,0.7981370289,1.4275770564,-0.6038224620,-0.3766027632,1.2369743379,-1.3409573942,0.2813814626,0.5374902913,-1.2856175640,0.6867516444
209,-1.8542123185,0.7013708027,0.6981782688,-0.1013055633,-0.4734034277,0.7620967060,1.2976727117,1.7076252555,-0.0078881542,0.6685259899,1.1534530500,1.2228183946,-1.1742636679,0.2794916257,-1.3373947032,0.0692673779
210,-1.3690717187,1.0013572895,0.1441887071,0.0109166030,-1.3009640358,-1.3489600968,0.6105112465,-0.4443052163,0.2514067110,0.6216716322,-1.0718174574,0.0206142335,-1.4856016579,1.4366445092,-1.8655130614,1.2485996092
211,0.5738095316,0.2587002469,1.5509543086,1.7559176227,1.1955407480,1.6837170698,-0.3983638733,0.6188036055,0.2652375830,1.5916173615,-0.2431780386,0.9780188685,-1.0323040968,0.9663155725,-1.9873821588,-0.6433253962
212,0.0781353770,-0.7401301953,-0.1929796952,0.8237350903,2.7590001322,0.6605614566,0.1920859835,-0.3130172747,-0.1514130577,0.5954689774,-0.4473521548,-0.9697819989,-1.4586114163,0.9211829024,0.0109367025,-0.1430768790
213,-0.1810185636,0.8121972421,0.8834093884,1.3065397538,1.8443517359,-0.9941944831,-0.1761590556,-1.3144844300,-0.3899666026,0.0270459841,-0.4995736221,1.1551062725,-1.7304916565,-0.3977191163,0.0878810743,-0.1308810044
214,2.4606801580,-0.4109163178,1.4152655879,1.0493648262,0.1021351815,-0.9315978051,-0.4246513429,1.0417931662,-2.8023805524,-1.0396916642,-0.4803065168,-0.7199781749,0.6219197139,-0.2139314495,1.5320871400,-0.3961838438
215,0.3301753016,0.9172070366,1.0754462834,-1.1001769884,-0.2234200242,-1.9200423338,0.8318623421,0.7937969585,-2.3609272560,0.3465602379,-0.0929947137,-0.5968452389,0.1768843520,0.0911254517,-1.4530236606,0.6092792049
216,-0.1930890595,0.3322986704,0.5726550338,-0.1933349294,-0.5775903132,2.5715567641,-1.0236901941,0.5954819543,-1.1393642676,-0.1578774497,-1.2959579073,1.5943372963,0.0070144397,1.0074644735,0.6526999188,0.8061054299
217,-3.3607574747,0.8467096025,0.6341600363,-0.1683697779,-0.6004795087,1.6366694385,0.2495351674,1.9517079902,-0.3611512718,-0.0271188386,-1.5706549052,0.3912061508,1.2708183562,-0.1562731474,1.6053101075,0.0440121160
218,-2.1009596029,0.0776748476,1.0820808778,-0.2443868970,0.2514893744,1.0092328480,0.9812400071,-0.3401046260,-0.4309386649,0.6032353427,0.0734349378,0.2902363472,0.3241111050,0.0721307647,1.9210131494,-0.1207989438
219,-1.7113431338,0.5989515183,2.0375835317,1.6586702137,-1.1753490166,0.2195398188,-0.5636100926,1.0842729218,0.3463360368,-0.9392764134,-1.4252430403,-0.8009501901,-1.6835344513,-0.1269741442,-0.4070223238,-0.7077933460
220,-1.6707573127,-0.7709439884,0.0803051614,0.4660681508,-0.0347819224,0.4746609989,0.5074835178,-1.4067567911,0.3833786502,0.5346400003,2.7525643949,-0.3226622267,-0.7194099966,1.8632413238,0.0047619068,0.9534365599
221,-0.4191145310,0.5515181861,-0.5024116471,0.1833548286,0.8015815106,-0.9734397643,0.6379189343,0.0392196042,0.0297602379,-0.7575780350,1.6433356727,1.1401002630,0.5465587165,-0.2839296251,1.6939482167,1.0798588145
222,1.9557290222,-1.1413064340,-0.9415105038,-1.1117597657,0.5795787617,0.3867790450,0.6970168748,0.6238150296,-0.7050782578,-2.2753068792,0.3936407239,2.4244138146,0.5747608025,-2.1166046288,0.3939295766,1.0062177109
223,-0.7335302222,0.8584409818,-2.3763943474,-2.5628106317,-0.7213673608,0.9401358728,0.7999073088,0.3408449862,0.3694719332,0.0212881597,-0.6778363293,0.1479638617,-0.2435795131,-3.3925872850,-0.7571707566,0.5351299630
224,0.0771941666,0.4739675344,-0.5133725163,-2.0456519442,-1.2604669297,0.6477146664,0.5766817719,0.8622396602,-0.4157474048,0.4835760377,-2.1228229176,1.8910499097,-0.7359848839,-2.8133864840,0.0685087087,0.3893096016
225,-1.6905451621,1.0428348647,0.8911602604,1.9551620916,-1.5315878802,-0.7316318126,-0.2700269498,1.8618766966,-0.5868205565,0.5817833653,1.7753696979,0.3899183285,-0.0362394363,-0.3824694693,-1.0958396171,0.6042554246
226,-0.2578135616,0.2655492113,0.9947928516,-0.1513746993,-1.1300730716,-0.7748496627,-1.4200607872,-0.7445954456,-1.2745017486,1.0993520146,-1.1866065769,-1.8196317141,0.7956583511,0.6173362966,0.5036438140,0.6740192874
227,-1.7640634187,2.2574631526,0.6769242672,-0.4712964744,0.8271629214,-1.0043615814,-0.3777223740,-1.7662298494,0.8105465010,-0.9429933983,-0.5738841057,-0.1681951610,-0.2426838538,1.2863126981,1.1934211622,0.4768338391
228,2.0500737466,0.2130214811,-0.5157713508,-0.5571985678,-0.6037161427,-1.5756916758,-0.2769967379,-0.7879322028,-0.7254875304,0.4333068317,-0.6041710118,-0.8641896016,-0.7131797483,0.4696547442,0.6731905302,1.3052792143
229,0.9845574606,-1.8979862549,1.5452092288,-0.7011536509,0.0708646989,-0.7950903552,1.7010166096,-0.3825667032,0.6689815130,1.0725873787,0.5290155452,-0.2203562519,0.0578744339,1.5131442284,1.1206273440,0.7646991759
230,-0.7266756784,-1.3712943708,0.4888553134,0.6833910301,0.4974720764,0.5195736341,0.3275547339,0.3885954185,-1.3427889759,-0.9819551466,-0.3111151611,-2.0686535712,-0.2732931424,-0.2317314154,0.9694478343,0.0658194069
231,-0.9283257327,-0.5468419583,0.5335106486,1.1808116168,-0.0068798041,-0.5682142948,-1.1516704753,-2.1684227158,-2.0386801594,1.4737769209,-1.2474162751,0.3794090780,-0.3807785129,0.5986583991,-0.4955757415,-0.1480668161
232,-0.4625506170,-0.5543764511,0.9741144449,0.0782851934,-0.3762227864,0.0869616710,-1.2547702856,1.0519944072,-2.9251693420,1.1679570277,1.3931537899,-0.0456401729,-0.4548849023,-0.3113637189,1.3541232759,2.0436631507
233,-3.2661193295,-1.1182513464,-0.0316683613,-2.1431376488,1.6533892181,0.9021551679,0.3928565479,1.1610799788,-0.8954942558,0.9386621370,-0.7451270355,-0.1983176034,1.6274105125,1.4328775504,0.7385382940,-0.4214814847
234,-3.7825529039,0.1034404285,1.9049540610,-0.1184624808,2.7557910672,-1.3865254308,0.8139191267,1.3893862023,-1.0651551919,-1.0754585203,0.0025442518,0.9799888548,-0.5138907634,1.6786160652,0.7249340684,0.8858953593
235,-0.7467235613,0.2019609439,-1.7844010202,0.6899732071,2.2859418296,-1.4913144925,1.5870163540,-1.0983599935,-1.7140819754,-1.2141245488,-0.5842359706,0.8707371430,1.0084272467,-0.6461704661,-1.1931110502,0.3681135880
236,3.8819535307,-0.5239237938,-2.1745755706,0.1108304757,0.2397400619,0.1783477889,0.3213403420,0.4688705334,1.4609579417,0.3688854915,-0.7137228674,-0.5590625888,0.0061762077,-1.0550989540,-0.1629974609,1.5373754807
237,2.2455745987,0.1710969164,0.0932510320,0.1636237898,1.6875570293,-1.4281784549,-0.2546515626,0.0401524536,-0.1956116654,-2.1679026308,-1.8994909050,0.2434250530,1.6745956648,-0.3108589204,-2.5845823137,-0.1738161303
238,2.6330467593,-0.7040032483,-0.2813000065,1.1203209771,1.6055732373,-0.2865444714,-1.0127891494,-1.0101906487,-0.6182116676,0.1835916063,-3.0610146673,0.0912556863,1.9334553700,-0.2239516071,-0.4596626675,0.1425485667
239,0.9538314488,0.7203910792,-0.2646822830,1.1640881060,-0.4154665906,0.2081240151,-0.0725147750,0.1972602514,-0.6428405345,-0.6643218420,-1.6592840210,2.7306900036,1.6777620122,0.3609382908,-1.2970023133,1.4128525736
240,0.6520847898,0.7114412126,-0.7288465399,0.5498847712,1.7379890929,-0.3463774940,-0.6773420317,0.6006212894,0.1017695446,-0.9364994723,-2.4926282740,-1.5678387792,0.8082015204,-0.6900817681,-0.0871883466,0.2582941341
241,1.6226814890,0.5212462410,1.0795898413,0.2442584801,-0.4605770284,1.3277537988,-1.0911136041,0.5213664216,-0.5395867383,0.8933535044,-0.7480445504,0.5535193757,-0.3600542692,-0.3901506014,0.9567135644,-0.8099467116
242,-1.6569270816,0.6919782909,2.2537569511,0.3794356095,0.0160496661,0.7717367061,-1.1465100615,2.1089081746,-1.5399804055,-0.4787144602,-1.8566105526,-0.8236385579,-0.6331861531,1.2734982155,-0.4506740267,-1.9781052306
243,-3.6286882830,-0.0115156804,-0.0973320727,-0.0481033550,1.5075073787,2.1809213025,-0.1427826047,0.7907768677,-0.8695988574,1.4342911351,-2.3705894727,-1.0854169708,-0.6154794294,0.4960658446,-1.5747033065,-1.6073596070
244,-2.3043246036,0.5037987140,1.0634953797,0.1902915515,-1.1169267123,-0.2045168849,0.4880999666,1.6671696571,1.2050188588,0.1372923134,-0.6404616482,-0.3962964705,1.3426003540,0.6137183452,1.3853231762,-0.8710783424
245,-1.5109589823,-1.5181349626,-0.4577767540,-0.4689846905,-0.0452802474,0.5531569971,1.0807028199,0.9705556425,0.0309821480,1.8411258774,-2.5638219677,0.4737786958,2.8334915299,-0.2605814998,1.3666342833,-0.0874418637
246,-2.8555609836,0.8494671871,0.2895044574,-0.3010072828,1.5870800091,0.0268322552,1.4330883703,2.0018471381,2.0356863179,1.1883816173,0.8250040169,-0.7338979944,2.1490847665,-0.9575970124,-1.0023569588,0.6579001231
247,0.8668860181,1.2915434536,1.4295611157,0.2615727212,-0.1568436418,0.0632021935,1.1462279038,-1.4445588415,1.2309731373,0.8121317267,-0.3622614009,1.2246985942,1.4916146051,0.5298030381,-1.4170876388,-0.4819969328
248,0.8897484954,0.1457433704,0.4877491449,1.8467518668,-1.3899074764,0.0277701159,1.1990093347,-0.4644743449,-0.2924900208,0.3202084646,-0.8459794933,-0.3063217136,1.3607277605,-1.7122478376,-2.0397774466,1.5455937677
249,0.1515275407,1.3874596901,-0.1032769138,1.2289770051,0.3767813770,1.5060675438,0.8512957516,-1.2555408454,-0.5262767512,-2.6285135560,-1.9071113821,-0.5980060677,0.4975040304,-0.3976724321,-1.0596704404,0.1492143114
250,2.9681835056,-0.7651299276,-2.7935009485,-0.0454336002,-1.7248387012,0.2297925087,-0.5594586793,0.1177394770,0.6335419868,0.5306297223,-1.1112876649,-0.5937979323,0.5898778852,-1.7421624074,0.6089943398,0.3772768590
251,0.8856719375,-0.5238369967,-1.6026879728,0.3200625530,-0.8556905550,0.3711723181,-0.3569270245,0.2958346258,1.1846614152,-1.3976562675,-0.8476694842,-0.2088415527,0.7863764826,-0.0122263845,-1.5850733616,-0.8650387300
252,1.0678369412,0.8468305560,-2.3769109111,-0.9885752646,-0.8150857595,1.6021864878,-0.1838618116,-1.1837659774,0.6908174717,-1.1833378042,-1.1756846510,-1.7757695638,-0.3731960103,0.2734531248,-1.9901503436,-1.5161586800
253,2.1192322357,-0.0133862685,-1.4670229796,0.2587003900,0.4168140491,-0.7929280669,1.4931667373,-0.9670811853,0.5624155824,-0.3415985821,-0.7376934787,-0.6878431821,0.5107458769,-0.5874154092,1.1864648881,-0.0179260562
254,3.0944240931,-0.0295261954,-0.0854888420,1.1177211610,0.2431827606,-0.3226482123,0.0640811324,0.6889072423,-0.7835153563,0.5724398300,-0.7380261991,-0.3774431038,0.7430207798,-0.5696610166,0.7935601940,0.0030448808
255,1.4098547263,-0.9865468602,2.2028046378,-0.6741060423,-0.7381101122,0.0383782069,0.0879089376,-0.0587657321,-0.9605268066,1.4004977888,-0.5221504918,0.6497334081,1.1369330964,-0.7895925901,-0.0146012411,-0.3572712320
256,-2.8695228852,-0.1357699543,1.4268298391,-0.2639906028,-0.3649556578,-0.9229537920,-2.8646241179,-1.5354849373,-0.8232907057,0.9065868724,-1.1047204001,0.4358485923,0.7466406184,1.9517571362,1.2228455517,1.3333608145
257,-2.8695121495,0.6843083002,0.1251976606,1.4278815114,-0.8935155415,0.8429372691,-2.0772724237,0.8210607285,-0.9086491057,-0.0201451821,-0.2885163095,0.0580964657,-0.7556735861,-0.2507310611,-1.1740388650,1.0573511678
258,-2.1273146275,-0.4488878156,-0.7669056768,2.1292861414,-0.2117067682,0.4812179324,0.6364023182,-0.3710408060,-1.4488669164,-0.2603235429,0.2409888235,1.8395089776,0.6475511552,-0.6931282449,-0.1085820769,0.8341430679
259,0.0465976503,-1.3286230759,-1.2582312736,0.6529076930,1.1390791065,0.6143230861,-0.8317791945,0.2543771363,-0.7038132121,0.0859413051,0.9696617518,0.7368275312,-0.6304093291,-0.9406828505,0.3173013403,0.2065834319
260,0.1488163921,0.3403965546,-1.4225737168,2.0856142810,-0.6505372791,0.4679056147,-1.3890881280,-0.2154487319,0.1145258529,-0.8797814647,-2.1926346379,1.8627378080,-0.5446921147,1.6450707911,0.3835876804,0.9737049303
261,2.1774191210,0.1558267100,-0.4077742955,1.5086300126,-0.2301732229,-0.3863210069,-0.5490629452,0.5142189432,0.4709961358,0.0946732716,-1.2016517116,-0.6621344263,-0.5057887841,1.2000727629,1.6211432887,2.4628902923
262,1.4283604997,0.0947283124,-1.0740626182,1.0496786461,-1.0578066603,-0.0976003955,0.8848036123,0.4404405464,0.6741330534,1.3082371065,-0.1927446057,-1.3556343415,0.2076727972,0.9946106420,0.3738517698,0.2843520687
263,2.0852241581,-1.0563723776,-1.1427121033,0.8320756985,1.2055590966,-0.5902852953,0.2950397173,-0.0765071219,0.3389228670,1.3598944728,-0.5144676454,0.1893896208,-0.4818613916,-0.8820880333,1.4130386627,-0.4298874223
264,1.6441986787,-1.0733702280,0.1971567903,0.4447730664,-0.5065306140,-0.5068448690,-1.2716017547,-0.4768890629,-0.7391308651,-0.6604874297,0.2834253708,-0.4693414039,-1.3992740238,0.9705368716,0.9298600276,0.5966289896
265,-0.8461416241,-1.0633196069,-1.2067460492,-1.1567539400,-0.3242591725,0.9521448870,1.3246241994,-0.8035725965,1.2572509837,-0.4640833049,0.0569226888,0.0198159192,-3.1464382697,-0.3415692962,-1.0329759423,0.1324718089
266,-1.2335239665,-1.2555717541,-0.3121305897,2.1618517178,0.1172129720,1.4264199326,1.8703734111,1.4914658106,0.2493644976,0.2150670102,-2.1754237248,-0.4012967185,1.3769770347,0.4900805896,-0.3543416950,0.4412468693
267,-0.1139712097,0.2381537124,-1.4955036726,2.7830148878,0.0812382702,0.0715047344,0.3050611270,-1.1631757414,0.1403705053,-0.5140863160,-0.3441038400,0.6756192416,0.5441701516,1.1316395758,0.3200484295,-0.4835349686
268,2.6500173926,-0.3340338278,-0.0981428435,0.3118702274,-0.8275420829,0.4715687495,0.5820242733,-0.4418775141,-1.2918791749,1.1284636416,0.0390687284,1.6805753577,0.3113578396,-0.5031615290,0.8276637864,-0.2050771977
269,0.3487534544,-1.3929099363,0.7117316533,-0.2054191121,-1.4299084388,0.3471089560,-1.1182553036,-1.6569269588,-0.4109393530,0.4445417092,-0.2083811647,-0.6968482581,-0.9615590537,1.1022142170,0.2021063955,-0.0593637692
270,-2.2134169577,1.1573450961,-0.1982609213,-0.4727890468,-0.9304830531,0.5573259609,0.1559495582,1.3530932166,-1.5415779342,-1.3201275698,1.0849630826,0.8433167751,-0.7858887358,0.7121932395,0.2587580804,0.9871395205
271,-0.6468451723,0.6179778217,-0.4480785774,0.1295634728,-1.4875227737,-0.7335782697,-0.8922710472,-0.3852519072,-1.0769843599,-1.8940515972,0.2300795635,-1.2623179062,0.6790066837,1.3131765617,0.6206847287,-0.1378895814
272,0.2959309892,1.5529342055,-1.2225832370,-0.0079983419,-0.0869175274,-0.5296085114,-0.8899268890,-1.4890112241,-2.0300296423,-1.3900517365,-0.1759439726,-0.3246826323,0.5080924505,0.0280339618,0.5711318154,-0.0267213518
273,1.3089576095,0.3509461845,0.4478861622,-2.2357317637,-0.6554221866,-0.6632965579,0.6306684502,0.4892820164,-1.6887302524,0.0450782744,-0.5398166090,0.9087464868,0.5292193547,-0.2014119601,0.0095883947,-1.5785688436
274,-1.1155545932,1.2347982880,-0.6306378016,0.9291379953,-2.0277032989,-0.2307325586,-0.7514615297,-0.2121810071,-0.7143230137,1.1644853439,-1.3156697613,2.3572455574,0.5926108006,0.3703545820,-1.0898696753,-0.4130253904
275,0.4603253051,-0.5808614300,-1.1869907177,-0.5094029895,0.4772335951,-0.0808146368,2.4813719617,1.9304014073,-0.5715595547,0.7325481862,1.4244952222,-0.0234865036,0.7115308942,0.5003851692,-0.6834793561,1.2952242869
276,0.6294681348,0.8688489337,-0.3346812201,1.5521644973,-0.1631140613,-0.4089975098,0.4280908576,-0.2934472668,0.5335583241,-0.0498394249,-1.4312910685,0.9614572514,0.9267908074,1.0824318871,-1.0124734529,0.6403393604
277,2.0952791469,0.2499999131,0.2313221582,-0.1447088316,0.5508919830,0.9874353448,-0.6582250715,1.0382991421,1.0830230276,-0.8539947238,-0.4672129463,0.8240166017,-0.5176763400,0.5692691755,0.7979335219,0.5641907584
278,0.5318346704,0.5946681211,0.6037722567,-0.5019653805,0.7894349303,-0.9078160618,-0.1270867370,0.4779063125,0.3941439763,-0.8877398523,1.4787742654,-0.5530387704,-0.1224258444,-0.2478931724,-1.3120007690,-0.2661795027
279,0.8189365623,-1.3485208741,-0.2079779377,0.1737801302,1.8675172727,-0.7431241183,-0.7234797694,-0.2311070430,0.1239863988,-0.5399121610,-0.1979627904,0.2396157585,1.6585801583,0.0915676430,1.4567034015,0.7266537481
280,1.0576405913,-0.3697167417,1.4659293906,1.3636236504,0.2045927801,0.2451185843,0.2772477955,1.2857849406,-0.7635201086,-1.5207973576,-1.1932047750,-1.9407899475,0.6189957794,1.9537824044,1.4154841014,0.6146640416
281,-1.2817470970,-0.0637203454,0.1012818235,0.5166064498,-1.5201403705,0.1445744969,0.7576054488,-1.1155914605,-0.4700369309,-0.1597217013,-1.5892100718,-0.6360659563,0.7101068921,2.0933913795,0.5111914570,-0.6903818275
282,-0.5687652689,0.8429048952,-0.3658238058,-0.0055107006,0.3297036670,-0.1656822778,0.4243709300,-1.7361610528,-1.9520333265,1.0433711768,-1.2744508888,0.5339743965,1.2495873823,-0.4788640594,0.4196050557,0.7075582167
283,0.7425521589,-0.6419998125,-0.5578852587,0.4942274526,0.2199927861,0.7150023323,0.1101859037,-1.0226992994,-1.3794492349,-0.3693633148,-0.6341101043,1.0393504507,0.2453304325,-0.1842683441,-1.0773159798,0.0260227317
284,-0.6409591556,0.6729810033,-1.1794232678,0.2807356957,-0.8859660880,0.5519433299,0.9350591171,-2.3055727982,-1.5529419629,2.0582013610,0.8061277991,-1.6875883476,0.4713593007,-1.6539043622,1.1158899386,-0.3042336909
285,1.4263820980,0.7584493366,0.2016372659,-2.7772748646,-0.3885028563,-0.6646382765,-0.4939171676,-1.3449752299,-0.1695443203,1.4568648287,0.9009880515,-1.4220280878,0.2442202648,0.7923698066,0.9807761240,-0.6304057253
286,-0.4935668276,-0.0935947204,1.3378778993,-1.6186240224,0.4696527911,0.6914331687,1.1347443182,0.9657552624,1.0791342917,0.8953179140,0.2938022283,0.6182595298,-0.6607715079,0.1873582700,-1.0616053698,-0.9202146519
287,-1.6182604976,-0.4808818796,1.7013601873,0.4941786537,0.8385568797,0.7051886384,0.4664684136,1.9882561796,1.2981615753,-0.2815922191,-0.1337420893,0.1555252183,-1.1400111875,0.9461129564,0.1961534503,-0.5508984696
288,-1.6274472376,1.1918981760,0.5666727605,1.6905256197,0.9010954775,1.1459211575,2.0201401186,2.3452207166,0.8558477381,0.2207990926,-1.3921388903,0.5386055823,0.3502178740,-0.9051256374,0.5728013463,-0.6103007827
289,-0.2742329128,1.1012503755,1.1502429131,1.0949907550,-0.4766303442,0.2417385539,1.1213288855,-1.2999412772,0.0652068156,-0.0960068824,0.3430368262,-0.9717424601,0.2458911516,-0.6666274651,0.9480357117,-0.3321114820
290,1.9133045943,-0.4723523039,-0.9141302670,0.1691366969,0.2103030072,-0.7265397978,0.2764596754,-0.5104397060,-0.2922658569,-0.8531257370,-0.3687216339,0.9035900621,0.1647520001,-1.3080785638,-1.0598575028,-0.3477184412
291,0.5325599032,-0.3081237397,0.6069573674,-0.5898089767,-0.1745061415,0.4807996720,0.3872875884,0.0687315449,-0.2749756143,-1.3084448745,0.7931988196,0.4770338141,0.7940835278,0.8522126306,1.3803395474,0.7397617201
292,-0.0882327420,0.2245691963,-1.0745262221,-0.9537048941,-0.9067256485,0.8172204271,0.6074403594,0.3072752627,-0.1818957138,-0.8587309126,0.2696646577,0.4185601869,-2.2322333758,0.1345996949,0.2145099094,0.9920665256
293,0.5472169364,0.2491298673,0.9270968955,-2.5090238159,-0.3025265941,-0.2960295197,1.0161056836,-0.1917357107,-0.3186764418,0.2936554457,0.4777128340,-3.1192026832,-0.3789376068,0.6640121039,0.8564610530,1.0672899312
294,-0.9240974000,-1.7584354268,1.6170539843,0.4907230563,0.8757362635,-0.1000759540,1.6042449930,0.4688408498,-0.6844452613,0.4858993401,-0.0451874987,-1.3122264900,-0.4478144469,0.5375544028,1.3190837074,-0.8371722855
295,-1.5836087609,-1.0753512018,0.9311719239,-2.5157739787,0.6491806683,0.9326417514,1.0865715079,1.7323392769,-0.1360205410,0.0587599652,0.0262973804,-0.5040399612,0.8550965764,0.2937015145,1.4951653953,-0.2545853936
296,-3.0778372238,0.8491789726,0.2380019461,1.5717811271,-0.4380709181,-0.2107316243,2.3162867188,-0.3869658567,-1.8126963719,-0.1823984265,-1.8193520370,-0.1215214361,-0.2991208493,1.5052708706,2.3451989712,-0.7157269918
297,1.1920061390,1.8527216882,-0.3941763978,-1.8549992201,-1.2904979341,-1.3588561955,2.2080199574,-0.4089659879,-1.7311292493,0.4745098277,-0.1496086813,0.6044574041,-0.7474877097,1.5683511816,1.0628120363,0.3280174959
298,1.4571358256,-0.8918172652,-1.1545312409,0.1034844793,-0.2089173215,-0.0178808517,0.1808730572,0.6763650428,-0.4489790747,0.3664767260,0.3837087015,1.1938342640,0.8960376822,-0.6875937806,-1.1346701043,-0.0501392026
299,0.0232141604,0.1753618707,-1.6992187427,0.7788372786,-0.1541988386,0.3707936163,-1.4652715090,-0.0137339591,0.4872843420,1.7531647385,-0.3196489904,2.0456872459,-0.4486779769,1.1006181541,-1.2557627116,-0.9196698686
300,-0.0912026250,0.5541485883,0.0217744707,0.8176246377,-0.6514004771,-1.1244162424,0.0138816823,-0.2841380018,-0.0306927747,0.6296056914,-0.1296130283,0.6435698856,-1.5428456126,1.0307503656,-1.0277810089,-1.2150846514
301,0.8425119610,0.2882113670,0.2243204550,2.1454201770,0.2365897990,-1.6870220655,-0.7513369324,0.6582372858,0.1190788768,-0.2819062553,0.0367289934,0.6738579067,-0.8771889627,-1.1268042547,-0.0702424172,-0.5680133444
302,1.0863140470,-0.1973387117,0.7308285934,1.5729584215,0.6402021348,-2.0671660758,-0.2469525422,0.8481111269,-0.1416726004,0.0400324935,-0.1126663968,1.5803795644,0.0845665163,-0.3992731499,-1.1118945572,-1.5987577245
303,1.4082877553,0.5878785682,0.1892856297,0.8017258119,0.3882824542,0.8945048766,2.6116550808,-0.9279234464,-0.4818394907,-1.5312007996,1.4256393147,1.9176603254,-1.6791083554,-0.1472841472,-0.4343006732,0.3726959035
304,2.5824291579,0.1641579786,1.6083020690,1.0902577738,-0.7601881692,-0.1742759540,-0.3620821181,1.0118739604,-1.6515377300,-0.5034018550,-0.2468685590,0.3624967944,-0.7474129156,-0.5716110510,-0.6260642664,-0.8939887199
305,-1.0043077224,0.7335630177,0.5141439783,0.6079158134,0.8869471990,-0.5949690257,0.0744581737,-0.4085829233,0.2353456320,-0.1407766579,-1.8843083150,0.3600163356,-1.0939086068,-1.6339563858,-2.1852168477,-0.7092635892
306,0.6701174568,1.4304719363,1.5375702210,0.6515688174,0.7712952317,-0.2569989753,-0.2138478110,0.1321120156,1.0372386812,-0.1989999652,-0.6263577006,-1.4528056301,-0.4545978782,0.7175434710,0.7148624759,-1.9049523301
307,1.9847841954,1.1721100641,0.0064306138,0.2705736047,0.2792964819,0.4443437973,0.5317197673,-0.9884556400,0.6435036783,-1.0857467908,1.5330449959,0.7783983852,0.5964118220,1.8338375936,0.1175074166,1.7203168750
308,2.6346862826,1.3238722760,0.2895727477,-0.8790153962,1.6513290163,1.5827706893,-1.0939034791,0.0194544497,0.6048008305,-0.8222015316,1.7454432065,0.6172987640,-0.1096297299,0.5890824671,0.9953847451,-0.1616637982
309,1.2724613238,1.2390691771,2.4841001271,-0.2356568187,0.9783303808,1.6749094011,0.9839146423,-1.1692998133,0.3792376768,0.2061058595,0.2829236490,0.4742328582,-0.6737344158,-0.6338525131,0.7331293208,0.5289392874
310,0.7275676040,2.0151086745,-0.3897538014,1.3148884845,-0.4409747071,0.9500268816,0.5560298060,-0.1579659999,0.6775051151,0.4714629702,0.2849538812,1.6364887184,-0.3319605249,1.4484545943,0.0261264061,0.5433920675
311,1.3179400420,1.7438659897,-1.1170771790,1.4576339055,-0.0457632729,-0.4444867088,0.3077149126,-0.4837440225,-1.9001207569,-1.2482523179,-0.4577786805,0.4528279827,1.1157075301,-0.6789184522,0.7194346798,0.5214238876
312,3.7498268800,-0.4021437104,-0.8443614284,2.3130173560,-0.3129598513,0.6854768900,-0.4424662736,-1.4741784932,-0.6676842020,0.7767581166,-1.3921110639,-0.5870842772,1.7169194538,-0.7561775851,0.4940876339,0.1616506867
313,1.2022993849,-0.1111106812,1.8888464412,1.8822694415,-0.4021029515,-0.9526758514,-0.0062517492,0.1795976251,-0.2204464855,-0.0577979632,0.7458306942,0.6684895923,-0.2730191874,0.1442128066,-0.7599159943,-1.0343953659
314,-0.0064632118,0.0284347362,1.7108897947,0.5068927183,1.6316834052,0.3620224735,-2.5336203940,0.7126871844,-1.0168609927,-1.6302596984,-0.8956718400,0.1067328421,-0.4581804973,0.2417213587,-1.7988757947,-0.2688491877
315,-1.2898038712,1.0546567699,0.0579877490,1.2144255365,0.2414443352,-0.3840271248,-0.9078543281,-0.2110859415,0.8733251411,-0.2831508386,-0.3248622668,-1.1304790531,-0.5164466551,-0.1744980257,-2.4995178218,-0.2971021399
316,1.3765168620,-1.7498013317,0.4495306141,-0.0044679097,-0.9214463172,-0.5308477976,-0.2082320827,0.0870073893,-0.0662739246,-0.6676498090,0.8899483481,-0.4245717262,-0.1483512354,0.2960166951,-1.9265675490,-0.7394069221
317,-1.3384390747,-0.6102362411,-1.3155491560,-0.2332632876,-0.8899142734,-0.1491637139,-0.4796831101,0.6035016743,0.2330511119,-2.6177133237,0.0772704469,-0.4768346594,1.8974051981,-0.4218872817,0.7510470209,-2.0065151789
318,-0.9969464826,-0.7883396803,0.1007833545,-2.6031203738,-1.7311979672,1.2563125216,0.7094138175,0.9707861118,-0.4779639219,0.8982105104,-0.1463636267,1.0013739940,1.2142766782,0.1529988010,0.4152897418,0.3594684260
319,-2.7375607715,0.8912129304,-1.1965365390,-0.2117280284,-0.9567269788,-0.0481297700,0.0707205299,0.3892973504,0.2190101913,0.3880801360,-0.5257861902,-0.9311672981,0.0598252256,0.0834966898,-0.5686155470,0.9417180630
320,-0.9105423194,-0.0602181241,-0.5844909519,-0.4463578475,-0.0151791152,0.5392175797,1.0785346970,1.0467499930,0.8383687409,1.0171220312,-0.5106895504,0.0693169701,-1.9303730414,-2.3568601831,-0.5751468841,0.1454728729
321,0.1209159541,0.5983643536,-0.5024939783,0.0269797201,-0.7976765640,-1.0971804830,0.0606724130,0.8558040166,-0.9784593459,0.3304395482,-0.9796672412,-0.0318404312,-1.6157092005,-0.4755551414,0.4358899731,0.4714234424
322,-0.3433337848,-0.3032551402,0.3677554567,0.5567419164,2.2112756458,-0.7786213126,-1.1999449883,0.8794354928,-1.2842585093,-0.4812225210,1.2212681259,0.3736727915,-0.3122271757,-1.9923948700,0.5959959883,-0.3485662833
323,0.5491752181,0.0461740595,0.3244185717,0.3676846517,0.3071304490,-0.6433597404,-0.6064074834,-1.5712810070,-0.5609139126,-0.3498297550,-1.6186418017,-0.5503903774,0.3703129204,-0.6410330757,1.2809388793,1.1870466582
324,0.8756065276,-0.8143412225,0.2073188091,1.1681575185,-0.2749261486,-0.5217744972,-0.2663205257,-0.7671214111,-0.9927134555,0.6125889972,-0.3985288002,-0.8820432552,-2.1377101133,-0.4327952232,-0.4030522129,1.5905702864
325,0.5450574937,-0.9125182171,-1.3056398211,0.7384083402,-0.1893545887,-0.6386218819,1.8213384017,0.0020120054,0.6219059778,0.4156873578,-0.0464584519,-1.3119903635,-2.1770388852,-0.9382049411,0.4090308563,-0.9226191243
326,1.5131391876,-1.6713489602,-0.6967599279,-0.7048166169,-0.5777279121,1.3640548007,1.2869114315,0.0414179025,-0.9489623032,-0.2831250760,0.0734791434,-0.6921907092,-2.2828030994,-0.7037563376,-0.9478327225,-0.4699041376
327,-2.0850373829,0.3810016141,0.8048734529,0.3122651743,0.1627877496,1.7429939061,0.1896745692,0.6766311560,0.0858063564,-1.4304453855,1.5454390161,-0.7306029429,0.5426513840,0.3289649472,0.8888078645,0.1945491220
328,-1.3617466064,2.4096371765,1.0302003264,-0.5198987887,-0.0165106711,2.0386379452,1.5821461235,1.6050871008,1.6123848012,-0.3145127560,0.0411579646,1.3232729016,-0.3678355598,1.5978992649,0.0632838852,0.7897320586
329,-0.2702676677,0.4685600123,1.5885448889,-1.0767812438,0.0292587275,0.9919543178,0.4108717639,1.0431260106,1.4730322229,-2.0954860648,-1.0104499090,0.0262856521,-1.2897142390,-0.3602440167,-0.0932501373,0.7708052672
330,-1.6464173064,0.0472025284,-0.8000377769,0.5590292367,-1.7788333832,-1.1546243941,0.0904757124,0.4203512503,0.9425766078,-0.8855843588,0.4754145033,-1.0004068288,-0.7932695119,1.1720696844,-0.1339652822,-0.1663982187
331,0.7893971575,-1.9937792841,-2.0259771369,0.2768170449,-0.4958548570,-0.3227180162,0.3061302894,-1.9594433030,1.4173105437,-0.3311535219,-0.7837965256,-0.5888783849,-0.2364579569,-0.1471850506,0.2111067069,-0.8936799493
332,1.2883347829,-1.4269566671,-2.1748401783,-0.5150371386,-0.2431205491,1.4882823413,-1.0059618407,0.8320758094,0.9503481714,-1.0872423218,0.4555175657,1.3211925302,-0.0404885717,-0.2414323445,0.0755350056,-2.2642987038
333,0.0229486014,0.2929278783,-0.5048889680,0.0562247407,-2.1709368599,1.2867026140,0.6840512334,-0.3188811960,-0.0666392441,-2.6631968978,2.1426207045,0.0059008636,1.7886619327,-0.0866267566,0.3456141726,-0.5130488403
334,-0.1425974298,0.7093329698,1.2729430594,-1.4592996777,-0.1374476656,2.0054503208,-0.2280364354,3.6114886957,-0.7444799140,-1.1371365463,-1.4950550881,-0.1412699683,0.8089434158,0.3142669919,0.6730306426,2.4089524925
335,-3.7102848797,-0.6932906100,0.6868346700,1.4296896541,0.7201875090,1.1199930732,-0.8227935435,-0.0159930190,1.2044762262,-0.3171435341,0.6526097063,0.2881905835,1.3513362774,0.4960690582,-0.1966664621,0.6795170296
336,-1.0474451137,0.6526498966,0.8838172878,-0.8878935836,0.7137477799,-0.0591353466,-0.1686591249,0.4785857369,0.2005529071,0.1761657490,0.2398374329,2.4861481205,0.3394102457,3.4271676282,-0.2484932727,-0.7328402371
337,-0.5036581204,1.1750360817,-1.3263022467,-0.9814641644,0.0450719776,0.5131296800,0.0306215846,-0.0015886678,0.0231889796,-1.5465993899,-1.7110839212,0.5963642136,1.7753200763,1.2179195390,0.0560283673,-0.5597289828
338,0.0820364522,1.6848446151,-1.7546838820,-0.8952871819,0.1337476928,0.4942348305,-0.4184820610,0.4506367544,-0.1925198873,-0.2597049788,1.3515457215,0.7261805186,0.1204512810,-0.4473223853,-1.0790597239,-0.1984739049
339,1.6470162843,0.1890228235,-2.1321286020,-0.6849117534,1.1183987926,0.9739382060,-2.1166763540,2.4821973997,-0.1944708672,-0.9925152117,0.3657019035,-0.3702955616,0.2662000751,0.9553927828,-0.5634743874,-0.2427426469
340,-0.0570291718,1.1625196017,-0.6585028893,-0.4749927471,0.4538423390,0.9040348236,-0.7099879909,0.4603027876,0.7946826404,0.0800568034,0.2108073195,0.0432043454,-1.3247198064,-0.2390595792,0.5458496333,1.0844968703
341,1.2020114355,0.5918999890,1.3512394055,-1.4002458990,0.0993617267,0.2684869450,-1.1910643533,-1.0850232097,0.1130971980,-1.0605724999,0.2458296011,-1.6772397275,-1.7553953679,-1.0371819988,-0.9105689409,-0.0701796547
342,-0.7923628688,0.2399534138,-0.1709447131,-0.4970763845,-0.6486325771,-2.9028151999,1.0067968018,0.6357908074,-0.6634250471,-1.4932368840,1.3993934446,-1.3963006558,-0.7705757113,1.7030406838,-0.9206567401,-1.2886999514
343,1.1165449701,1.1719048633,-2.4672514371,-0.4150937742,-0.4276055702,-0.0521750990,-1.3509485325,0.9758316055,-1.6153422836,-0.4716668605,-1.0367579056,0.1469402500,0.4557893362,2.1427265071,2.9306468520,0.9194929991
344,0.6331518466,1.2316300271,-0.8233285215,-0.3240245740,-0.3246319965,-0.1064193989,-0.7148366880,0.9282641372,1.0482139148,0.2552723347,0.8256513728,1.6430904763,0.6358462889,1.2266459960,-0.1597139645,-0.2750118981
345,1.2778460854,1.0930774470,-0.0669154921,-1.0929243724,0.3831116060,0.4656311683,0.8871266515,-0.6123842285,-1.3106019665,-0.3270586954,0.7992560019,-0.6249917503,-1.0224898604,-0.4417435202,1.9305916684,0.4288895319
346,0.9304913034,-1.8597255773,-0.8216222919,0.0777414964,0.3490079719,0.6975092640,1.2466694742,-1.9547659249,0.2081557461,0.4680552731,-0.2962017492,-1.2991850627,-1.6369787320,-1.2622462827,0.4244227970,0.2024057735
347,0.4110269951,-0.0785329989,0.2169109344,0.8309900864,0.3381773618,-0.7888628710,0.7511458796,-0.3353066639,1.9103523958,-0.8215403065,-0.1818200396,-1.8622327622,-0.1307220370,0.8091754364,2.0372359976,-1.7298100372
348,1.9937941758,1.3192660678,-0.5348727987,-0.6639481661,1.3573152614,-0.0537019257,-0.6446404449,0.2812147901,0.9398330792,-1.2521474097,0.2001049195,-0.7074167269,-1.6358422595,1.1481139519,-0.8647350248,-0.4178304164
349,2.6610419603,-1.1204913519,-2.1406202762,0.4476621691,0.2359358475,-1.2603663680,1.0076433243,1.3654169509,-0.1631665345,-1.3469345186,-1.1325043689,-0.3219413316,-0.4084164960,1.1397081646,0.8156461365,1.6547302945
350,2.3609185467,1.1496200084,0.0178540778,-0.1470474850,-0.9491969261,-0.7376850750,-0.2280236847,-0.3930246317,2.3238386030,-0.7078136775,-0.9689749588,1.0724464002,0.8628090789,-0.9899102788,-0.6169101769,-1.3630665279
351,1.5707892843,0.8770208064,1.5896936054,0.6657473096,-1.5769561779,-0.9123091118,-1.0114014008,-0.3446591738,-0.1993552024,0.2213828321,-0.4043740279,0.2497735977,-0.2547575144,-0.6190290712,-1.7890524851,-0.0904784177
352,-0.6165160500,-0.4272409187,0.3235078486,0.0331977297,-0.1589874983,-0.2394733102,-0.4255201025,-1.2233885668,1.8516992686,0.9637111265,0.7581386911,0.3617203340,-2.2924005675,0.5297573848,-1.2668835120,0.3453317431
353,-0.0571726929,-0.3090921808,0.1030078257,-0.4595048117,0.3652074304,-1.2347500697,-1.0242954275,0.0093905490,1.4888416041,0.3995011220,3.3588956446,-0.0498718278,-1.4883245925,-1.2665821764,-1.8971536724,0.0955404168
354,0.5725355336,1.2233627900,-1.3853315798,0.3485555340,0.4037134968,-0.9582998514,0.7639055160,-0.6627285177,-1.2339856185,-1.1422100596,2.0352660185,-0.9955852457,-1.0454923719,-0.5005040443,-1.2293122032,-0.3564826009
355,2.5757250735,-0.0479005327,-0.4133894472,-2.0470356780,-0.2001963909,-0.7262358670,0.9119753529,0.3580387655,-0.4692975598,-0.6907526458,0.4891850517,-0.0494884347,-0.5309546464,0.1232957675,-1.0758214950,-2.1412611390
356,0.9641050193,-0.1805681190,0.8971045430,-0.4431359692,-0.6969729015,1.4623773584,0.0505955408,0.0996619397,0.1422518138,-1.3487173020,1.0299691427,0.6592174741,-0.9409760464,0.8167933578,-0.1864603981,-0.6853769873
357,-1.7091909376,-0.8540517804,0.1987226517,0.5479985312,0.3529154417,-0.8412930246,1.3718273134,1.0273190520,-0.5679993617,-0.4692097907,-2.3351845941,0.7478200611,-0.8369868300,1.0293894541,0.1379792475,-0.3164114046
358,-1.7375845619,-1.0349499238,0.2905314672,1.2982328154,-0.0426991467,-1.3949418660,-0.0841238602,-0.6818943333,0.1955577126,-1.1832842746,-1.1849957744,3.0187250006,-0.1008151914,-0.1351513944,0.5184715346,1.0595845116
359,-0.0902688364,0.1874953730,0.3274961817,0.0931980115,-0.3289157618,-1.9486092956,1.3932509759,0.8453498686,0.0697044465,-0.2388438084,1.7935126346,1.4029179170,0.6973380347,2.8852057181,1.3583584092,0.0062345979
360,1.9819257277,0.5135596891,-1.2171527940,0.1964767794,-1.0091516561,-0.8298322469,-0.2120022397,0.8868346454,-1.6072234218,-0.1161179290,-1.9865212307,0.7074056279,-1.2381885600,1.2068046105,0.2759708350,-0.4200694273
361,0.8122938144,0.0033401706,0.2400177168,0.3218491077,0.9225925868,-0.3180325285,0.1231013634,-0.3785998546,-0.3523608113,-1.0906358056,0.6387606325,0.4865508060,-0.0992045649,0.1931883164,-0.4138134855,-0.4874284786
362,1.6905426393,0.5872054223,0.9408605703,1.5611946760,0.6991518544,0.0049720337,-0.8195427105,-0.0013749178,-0.8552472768,0.0626771143,0.4752497059,0.6130815356,-1.0576920726,-1.2786434880,-1.0114817202,-0.2862073033
363,1.1424855891,0.1383062726,-0.2132165045,0.9437986353,-0.8572327467,0.6800670196,-0.5872586262,-0.7850401351,-0.5355595188,0.4481460683,0.6845651602,-0.0664502320,-0.6821573674,-1.0511312488,0.1396371402,0.0443328281
364,0.7562278932,0.0198417372,1.2925514716,0.9405651039,1.3954798614,0.2087617853,0.6547343293,-0.5023878782,0.4485754076,0.5956289396,-0.8545883737,0.8815717339,1.1756953911,0.9897022193,1.6912068045,-0.5808120490
365,1.0040357475,-1.2160949949,-0.2425845025,0.0129832143,0.5578104038,-0.1169186627,1.8024080392,0.0847556628,-0.3089475365,0.0225902109,-0.2473334269,-1.1109200581,0.1226100061,-0.3103535062,-0.3688744270,-0.9630963717
366,0.0737426097,-0.8210523598,0.5783090143,0.3521092074,0.2456399154,1.0999105576,0.4862198610,-0.1302145713,2.3286559654,0.1466035069,-0.1666804609,-1.1961886519,-1.4941795562,-0.4685661116,0.5514157488,0.3909786858
367,0.3226275461,0.0626154812,-0.1039747652,-0.5575656709,1.0895911106,0.2211956985,-0.4322209979,-1.1991929123,0.9509658107,-0.5724850146,0.6033018415,-0.2051993532,-0.0286946049,0.1404676652,0.5336932527,1.3976058355
368,0.6404227508,0.1636230738,0.1760188674,-0.3545613194,0.1235906523,-0.4200043111,0.7007023213,1.0652189506,0.2576314613,0.5837209459,1.1611930451,-0.4666829255,-0.1190681634,-0.4365582992,-0.3371230767,-0.4379992320
369,0.4088016816,-1.7601841668,-0.0763371317,-0.4739940870,-0.2810350566,0.8385850249,2.2771894958,1.2529218077,-0.5803371059,0.2280371303,1.6508431450,-1.0921509156,-1.2646345539,-0.4169627042,-0.7314445204,-0.1313124192
370,-1.9101965556,-0.3496804366,1.6896414371,-0.4836006202,1.4401083940,2.5417086430,-1.1760751221,-0.5236133925,0.8476101666,2.1392153557,0.7432636736,-0.5013213739,0.0363488854,-0.0479990459,-0.1654633931,0.5835011477
371,-3.0661352422,-0.0437041930,-1.0264033278,-0.5624886012,1.6022725969,-0.1440412512,-2.5937649290,0.2293228813,-0.5048989075,-0.6784654777,-0.3777336935,-2.8584754758,-0.8675371018,0.1707294002,0.5753737235,-1.0647535640
372,-0.3236296502,1.7010472397,-0.3548772326,-0.3504759740,0.0407019330,2.7671167745,-0.4420444937,-1.0507528567,0.6564732658,0.0946528349,0.1080080423,-1.7963188196,-1.2946954129,1.5657200776,0.4142612018,1.4505246834
373,0.5982500926,0.6710192173,0.1066152739,-0.8437846883,-0.5778128528,1.9554607356,-1.4605569775,1.8553702454,-0.0757922579,0.5885567908,0.9388025974,0.0646232086,-0.8319727378,-0.2794724880,2.2417230666,1.2488240026
374,-1.3220391695,-0.4385070178,2.0359036756,-1.5742590348,-0.1561053229,-0.4941992764,0.3440621905,-0.3738153836,-1.1652277779,-0.3059595037,0.6841972835,0.7714003980,0.3442094428,0.8750078826,0.1777337068,-0.2660667052
375,-2.5515105933,0.1923249430,0.1802756923,-0.3410917519,0.0658827812,-0.8523003704,0.9044768200,0.1929817901,-2.6904907236,-0.5114783039,0.3072291828,1.7134437697,-0.4970121700,0.3670226089,0.4231818749,-0.5051208700
376,-0.6718275037,-0.0094957451,-0.5571869319,0.5815231862,0.8996245431,1.4096974503,0.8682822886,-0.3469457466,-0.9087920402,-1.1927528580,0.2686351517,0.9177383438,1.0244565936,-1.2741890027,1.1624952370,-0.8813730876
377,0.6002079159,-0.2468878296,-1.9963794729,-0.1120750337,-1.0296988368,0.4627979665,-0.5761813300,0.0654371093,-1.7534727303,0.1505815868,0.6873061762,-0.9742694808,-1.7017822040,0.1949055965,-1.9071042864,1.8983295919
378,-0.6930533989,-0.0490701108,-0.0058727778,-1.6448369612,0.1879335411,-0.0941356375,-0.6299663448,0.7683417734,1.4731184114,0.3213930288,-0.9729913462,-0.0824912585,0.2165641039,-1.6151940337,-0.4645903646,-0.3313206930
379,-0.9841826782,-0.0856509551,-2.5624082430,-1.9527658245,0.2162182949,0.0292942241,-0.5228231459,-0.5157829308,0.5911895086,-0.1719750285,0.1759470719,0.5430928106,0.1897740182,-1.5095716073,0.9016503592,-0.5003783629
380,0.6099458840,0.7671772500,-0.0216573577,-2.1227687290,-0.1012393466,-1.7071626693,-0.6594674319,-1.8526682302,0.8643076437,-0.7329855063,-3.0382218471,0.0508332815,1.0472289475,0.3157611946,-0.3238248369,1.0253384725
381,1.0798912057,1.0320232575,-0.0038812507,0.2102145712,0.4726758063,-0.8347284893,-0.7393655623,-2.6939189625,-2.5285871166,0.0523652801,-1.0719318119,0.6071837442,1.8262691477,0.3000681158,-2.2649446095,-1.3278737773
382,2.0137751615,-1.6244069354,0.5622892237,-0.6167711879,1.0326449299,0.2476203348,-0.6335605359,-1.1860800215,0.7530311830,-0.5812980507,1.5695873726,-0.0586849857,-0.4961003516,-0.7044239750,1.0805792327,1.3339923549
383,-0.5385805722,1.0686866410,1.3186615129,-0.5143702762,0.1733450477,-0.1185830886,-2.3577537787,-0.2197390941,0.0506054491,-0.6237871216,0.6252953364,-0.2079317709,2.2527679866,-0.4045531916,-0.5406845825,1.7585716042
384,-0.6471595004,0.6050817931,0.1821549247,0.6551583071,-0.3810436042,-0.2880407627,-2.5440447532,-0.8644961721,1.1650618617,-0.8912830472,1.4967286298,0.6872334211,1.2755273815,-0.3735900490,1.5314057097,-1.4906488172
385,-0.0453143486,-0.9412212794,-0.9051360740,-0.9756575007,0.5283372133,-0.9016493102,-1.4869953490,-0.8479185698,1.0783451870,-0.8522059623,0.8439167748,0.0046612497,0.6994328207,-2.3315294538,1.3240232218,-1.6066991236
386,-0.2592750832,0.9974177584,-0.4468367756,-0.1178585867,-1.6043973481,-0.2129351084,0.2647434756,0.0743050124,0.2943073842,0.2607427293,-0.5785995333,1.1111394574,-0.1701433129,-0.1830645233,-1.0400510034,-1.0489445595
387,0.4986821991,-2.2195643624,-0.4189467665,-1.0600718269,0.1372687316,0.8712632934,1.3871700028,-1.1762938780,-1.1416479864,-0.4549338686,-0.1791918448,-0.5605051584,1.2623404982,0.4647534415,1.8910496533,1.4633658555
388,-1.4637341103,-0.4414998410,-0.4279814507,0.6853062877,-0.3138539958,-0.2561431527,-0.2926093945,-0.4371047912,0.3550840688,0.7629311393,0.0307140704,0.2402884080,0.7141153586,1.2844378482,-0.2536366849,0.5950790556
389,-0.4289315357,-1.4900149256,-1.9531655714,-0.6590682889,-1.0055092403,1.2435194301,0.0381754430,-1.0392934369,-0.6016040180,0.2617359627,-0.4935514054,0.2320363046,1.2819204175,-0.6202075896,-0.2577188330,0.5767903180
390,-0.9501534220,-1.2324800428,-0.6065831174,-0.2102670538,0.3606843996,-1.5864812537,-0.0993408637,-1.1593657933,-0.8615519706,-0.7038154255,1.0244135069,1.6141533124,-1.1670963779,-2.4829293199,0.0242633505,0.7116026242
391,-0.6225939191,0.5047324155,-0.1388203817,-0.0750056520,0.0360163050,-0.3916337249,-0.8394271667,-1.0349769932,-1.9845993850,-0.1313979173,1.9096437711,0.1986735429,-1.2834468292,-1.6172430232,-1.4092344641,-0.8124970481
392,0.0548977005,1.3236216605,-0.3738714316,0.3609230246,0.0228405809,-0.4741992183,0.0437268644,-0.2397529012,-1.5233587352,0.6311680358,-0.5132016370,0.2717475064,-0.3810813708,-0.5461846805,-1.6901203904,-0.1833350558
393,1.3422307145,0.8297365968,-1.0885417859,-0.8939869179,-0.2906592976,2.4539530733,-1.4145555362,-1.2907673352,2.4417687643,0.3809095899,-0.1101444308,0.3812053629,0.8647041115,0.6400018646,-1.6412951838,-2.0996493746
394,0.0356353777,2.2363517050,-0.2689161721,0.2173266424,0.4449591636,-0.5759903271,0.3813216120,-0.3764700176,-0.1498571183,-0.4860453259,-0.6346723278,-0.1641083126,-0.3911389214,-2.4110355203,0.7485446792,-1.5748170895
395,2.2838770672,-0.8951263092,1.4991198322,-0.8265259869,-0.7576866759,-1.5461788838,-0.4220885466,-0.2754158470,-1.3279738078,0.5242573154,-1.5842450052,2.0089953433,-0.7692527780,-0.2175470893,0.4317279734,0.4495394583
396,-2.1061990491,0.2817979764,1.2276428665,-0.4565855055,0.3107855702,-1.0819594448,0.8734642642,1.1784646503,-0.4732263254,0.1857899588,-0.6097826531,0.8562781187,-1.5319094402,-1.1387260113,0.3559637237,-1.4439938512
397,-1.2836935797,-0.5550091054,0.5538728975,0.6016215970,-1.2107831476,2.1600206035,0.5970646628,1.1301856795,1.6272281266,1.9558504784,0.3973106466,-0.6665423973,-0.5264204832,-0.6483759849,0.5752399006,-0.6127954322
398,-1.8612370722,1.1146683161,-0.7703793956,0.1126194604,-0.1162603991,2.2048912280,-2.2406100986,0.4895909022,1.5568844842,0.4001909596,0.3099391342,0.8205298395,0.1318255162,0.4956514829,0.3364262440,-1.0439693724
399,-0.9489782414,-0.8643469038,2.2033476330,0.9756596545,1.2788538857,1.1243684917,0.0249528591,-1.8433980647,-0.4259770793,-0.2311407397,0.7112272429,-1.3166880867,-0.6392560694,-1.1163952803,0.2184385572,1.3427931916
400,-0.8671937287,-0.3138697221,2.2688818698,-0.1903909704,0.4327576665,-0.3470248378,-0.1316776846,-2.1662489095,0.0459247954,-1.0292024757,-0.4767387593,0.5819891804,-0.9730269503,-2.1191907394,0.6828161016,-1.2289946987
401,-0.8711143093,0.4758056996,-0.3166340713,0.3860380469,1.8440899521,-0.5565770676,0.2554161239,-0.5923129323,2.0813565303,0.7688417268,1.3793536823,1.2987077265,-0.1783495913,1.5484038268,0.5770464371,-1.0593540715
402,1.9256446854,1.8344937978,-1.5099070892,0.5608443444,0.3897061140,1.4731121595,-1.5578491262,-1.3980694994,-0.6368612356,1.4464235607,-0.0758200456,-1.2470762438,-0.0733557706,-0.1678593756,-0.1222196408,-1.7416983860
403,2.5745351273,1.0073209234,0.6047347088,0.5851691669,-1.1841557933,0.6200838040,-0.6058279610,-1.5724910632,1.2275118457,0.7930495043,-0.8826630383,-2.0345121448,-0.8405605420,-1.5169766334,-0.1085439891,-0.1079509960
404,0.8737225561,0.0330668041,-0.4502013828,-0.9413778026,-2.3443623433,-0.9226325847,-0.2931011780,-0.4877814177,1.4364630473,0.2093595055,-1.3598248745,-0.7862331000,-1.4165431174,-2.3180478451,-1.1681219393,-1.3423325842
405,-0.7191538982,0.8121613525,1.6336447473,-0.6631391919,0.5443038075,0.4329626536,1.4314053257,-0.4616656045,2.0996597850,0.4712920353,-0.5182082624,-0.8756571098,-0.4672519131,-1.8562598564,-1.4396366970,-0.0613660232
406,0.7377392901,0.1244602503,0.8231552447,2.5175447329,-0.1106034826,-1.5239125269,0.1547708626,0.4743212499,2.1395962113,1.5337432039,-0.4634110098,-0.2305319473,-0.3123244705,-0.3046069144,2.3778611204,0.4222885282
407,1.6094792859,-1.0447189969,-0.2511533034,1.2001174076,0.3639837691,-2.6248702532,-0.6108097857,1.0558114931,-2.1716750215,-0.2670671810,2.2402624596,-1.7044670920,1.4239386698,0.6288116995,0.2785188035,-0.1228736885
408,1.0272250711,-0.1495389631,-0.0411735984,-0.7067072519,-1.9025631812,-1.3748114779,-0.3275669955,0.6036794852,-1.4564069582,1.8006671709,-0.0199089698,-0.2848628571,0.6446123811,-0.0244400335,0.7591168266,0.6537016289
409,-1.1591171074,-0.3991322034,0.6367597737,0.5678186419,0.0807691537,1.1846761324,-0.1367448902,1.0060280761,-0.5766970905,0.0836150061,-2.3056002443,-0.6737757328,1.1823064043,-0.0499704686,0.6242872874,1.0767672967
410,-2.1623794956,-0.5775258085,0.8357601815,-0.0111495092,-0.4207533190,-0.8303268544,-0.5745267176,0.8088869021,1.2994638544,2.0951026492,0.4440846318,-0.1735506322,1.6888070918,-1.1065810758,1.5340060303,0.2094378778
411,-2.0678626214,1.1019487599,-0.1786657724,-0.3160767769,1.1414304035,-2.1175879361,1.4762324479,0.0642204260,-0.0926868250,1.4439278439,-0.9343914585,0.8982181061,0.5225985126,0.0319966699,0.5412576902,-0.2201987900
412,2.3358053115,1.6225212482,0.6763820486,0.0073516104,0.8605758792,-1.5225034943,2.2525997623,-0.2140880289,0.2251544042,2.1198511732,-1.3888907130,1.0548024553,-0.0158898919,-0.2490655064,-0.1845218745,0.7175530119
413,3.0338862273,1.4889608255,-0.6291814810,2.1100359825,0.0591181703,0.7375026189,1.9276828701,-0.1831390677,1.1538034734,0.1089165375,-0.3653525646,1.2460848085,0.1157000144,-0.9680526641,-0.3020724215,-0.2111270295
414,3.8329387135,1.3601414360,0.3190375879,0.5726516723,-1.0099325989,0.3343526366,2.0112841109,0.5285433378,0.0091942025,-0.4946375630,-0.8589656830,-0.1328765105,-0.2616609449,-1.1093794537,1.6031667526,0.7424005228
415,2.2312400024,1.2648853913,-0.0745193292,1.4409641611,-0.2093424419,-1.5462034297,-0.1112017741,-0.0253268072,-0.9705947560,-1.3425751276,-1.9214174382,0.2031602240,-2.1774160365,0.4404286926,1.9621367104,-0.5207261533
416,3.4298974337,0.5922474569,0.2212837537,1.3013889399,0.1428028360,0.0135322734,-1.7954982087,1.2976196200,-0.5490058230,0.4971859989,-0.0892241181,-0.0176545004,-1.5776749146,1.9418659243,0.4678079635,1.2408032678
417,1.4331729583,-0.3647913736,0.0058840029,0.2279063426,0.6944384718,0.3854585026,-0.9050012534,0.0497454663,-0.9122369161,1.8680962983,0.9574840332,-1.8491636592,0.6015245296,0.2935394674,-0.1884220921,1.2183850286
418,-0.1458233176,0.6925109289,1.1146438200,-0.2374947773,-1.1130623666,-1.8762864889,-0.0933001762,-0.0256377776,-1.6785402285,0.0796574416,-0.2632899839,0.6677584633,-1.3623317492,1.0959003588,-0.4567446860,1.9108615434
419,-0.9775619429,0.4714478861,1.5107224338,-0.1936668816,2.0475739492,0.0283800357,-1.0653128247,-1.4115152682,-0.3204252368,0.3644667072,1.1486579327,1.1253394417,-1.5235321599,0.6781810341,1.3713933274,-0.8537077412
420,-0.3986785841,-0.6226500945,-1.4214913457,-0.2884264587,-0.7655544064,-0.0117832297,-1.7732115278,1.0035802636,-0.5837507969,-0.4429000891,-0.7276344429,-0.1658205141,0.7718745469,-0.8898063882,-1.6902626046,0.2926036494
421,-1.2630113506,-0.7475127943,-1.9164107148,0.5485338912,-2.0824824599,-0.7364952266,-0.3986316984,1.8823960288,-0.4841702830,-0.0042144382,0.6624152977,0.6212115581,-1.4559513158,-0.3852908599,-2.1507774636,-2.4383026579
422,-1.0527033268,-0.9357163898,0.5605192297,1.2554220783,1.6495317280,0.7390395394,-0.1693813882,1.4932263733,-0.6310815737,-1.0111301670,0.4716747861,0.6883003951,-0.7992349437,0.0011798959,-1.8862546756,-2.1269645235
423,-1.2014418907,-0.1350923025,0.5380419093,-0.0639655379,-1.3541081714,-1.6092132370,0.1647705472,0.6035252972,-1.0124792830,0.7235019513,-0.2343450878,-2.6192571508,-0.5714048186,-0.2393182088,1.7501583164,-0.5041677900
424,0.3887471840,-1.3831176317,1.3605859355,-0.2506786431,-2.6011871964,-0.5834186147,0.8289075817,-0.7051615308,-0.8156328487,0.6403795870,-0.8970982026,-1.3630163989,-1.2013994159,-1.0566798031,0.7416439127,0.6573411208
425,-2.1176668188,-1.5016963076,-1.2450146151,-0.1045022488,-0.5683356495,-0.2463314738,0.7481386482,-0.0035416392,0.2061816156,-1.6721760405,-1.9699829860,-1.5681910642,-1.2635126557,-1.3031166332,0.0555683312,0.4765308560
426,-0.3576705300,-0.6103354574,0.2214030620,0.0614754387,-1.4364046002,-0.1322440074,0.5365702062,-0.1685709333,-0.8226434652,-0.4831044756,-0.9165035550,-0.3786714280,-0.9104332021,-1.5529171969,0.1059926185,0.8519184451
427,-1.4321319205,-0.6682089509,-0.6039859309,-0.2840665289,-3.4885966969,0.6143023450,1.2929628314,1.5504500113,1.5307147292,-1.0178703264,0.9589020641,-0.7357406205,-1.0220453876,0.4229391586,-0.3504557721,-0.5142496593
428,-2.6164221281,0.9157178954,0.1001050904,-1.1746721341,-0.7929387671,-0.2942276733,0.0905281115,1.6553203726,1.2256341498,0.0307622670,-0.0512690419,-0.8235134146,0.7269393604,0.4386436279,-1.4271702535,-0.4814892814
429,-1.3067573521,1.1353735893,1.2956817349,0.7432358257,1.8837365166,-1.4603970504,0.6617176592,0.4544112658,0.7179842053,0.2137758215,-0.6049838026,1.9411768677,0.8864873431,0.4492705239,2.4256179834,0.1855151728
430,1.1298418642,1.1736948116,-0.1895689698,-0.6667517934,0.7584898789,-1.0929748246,0.6984756376,1.4804743712,0.4172355773,0.4383304209,1.6702900096,3.1212246104,-0.8278818567,-0.5177418749,1.1298733332,-0.6445534641
431,1.0381172532,-1.6065249196,-0.1791503679,-1.1201192696,1.4816916474,1.7433212343,1.4061063724,1.0505627363,0.5603811183,0.1394839529,0.5619151418,-0.8438722929,-0.8785536698,0.3489930606,0.0820716197,1.7854715336
432,-1.3643712254,-0.0753491777,-1.0908949538,0.9789216413,1.2215331050,0.9202132621,1.6574109602,1.2375972100,0.8964079932,0.8716430193,0.8142102926,0.5757192916,-0.0190290510,-0.5502464604,0.2616818654,0.7550082000
433,1.3208691462,-1.0651770686,-1.1220845128,0.3237911704,1.3878986694,0.3483405997,-1.0759322342,0.1166732121,-0.1478866706,1.3295809768,0.4943634080,-0.2749557201,-0.1590752242,1.1761871000,2.0363225939,0.5858052805
434,0.7951678262,-0.2924076371,0.5016051868,-1.5159791629,-0.0030687524,1.6412612549,-0.7486618345,-0.1820248713,-0.4775661334,1.1551592702,0.5445439366,0.2890377245,0.8189712819,-0.4282120478,-1.5163582066,0.0296855744
435,-2.8575242497,0.5307568800,2.6709709252,-2.7787324531,0.1563850056,-2.8469004631,0.6621235088,-1.0767750343,-1.4794175199,-0.3754441860,-0.5214539541,-0.2888232102,1.2459551084,0.5581923615,0.9507552338,1.2027294728
436,-1.5763539225,0.8498368963,0.5901742667,-2.0783490947,1.8813147925,0.4182702867,2.0815302223,-0.3873908812,0.7948174480,-0.7637163283,1.2586035674,1.3058653973,1.7184538966,-0.1773544672,-1.5534670857,-0.1026140132
437,0.9665187414,0.4809138521,0.0512737556,-1.2907380885,0.5219373827,0.3610455000,0.7206196559,-0.8583058636,1.3374598600,-1.1677992321,2.8017136166,-1.3317531935,-1.0233129666,1.5697237812,1.6136616883,-0.3166459083
438,1.2935619381,1.1462044053,0.0234803027,-1.8020945417,-0.1590383001,-0.3531286482,-0.3091714708,-0.9807738536,0.4350289772,1.6639843115,-1.1334278311,-0.3136757638,-0.0428442750,-0.0668284005,0.7362403461,-0.9858027231
439,-0.0850715554,-0.3446743523,-1.1069162485,-1.8388355512,-0.3772804363,0.9227607456,1.0925311986,-0.2561417103,-0.0797598198,-1.0863718233,-0.2565519122,-0.4994651922,-0.5951423356,1.6988691599,1.6347861872,-1.1444090249
440,-0.5437452137,0.8539749944,0.9847582418,-0.5719870264,0.1959602818,-0.0409774623,1.0062495886,-0.8003047158,1.2094177749,-0.6987573432,1.8178227281,0.3533202925,0.2430678911,1.3902175805,2.2514693687,-0.7851935192
441,1.3096655012,-1.3656411151,-0.4589113621,1.5047874394,0.1937452402,-0.2299773308,0.3528812033,0.1330693200,-0.9470668257,0.8597497031,0.6355141162,-0.1461413783,-0.0879288129,-0.5224280737,0.8496153485,-0.5425830601
442,0.4459815071,-0.0832282513,-0.9939767642,-0.9187380576,-0.8732085698,-0.1214137782,-0.6382388012,0.3024924465,-1.5684677714,1.0327403768,-1.2404723119,1.3202569986,-0.5278118744,0.2891387323,0.9339649440,-0.4553874037
443,-1.5654887811,-2.0937115852,0.1898874426,-1.8230391909,0.2927641675,-0.3331158567,0.4176343943,-0.1779591114,-2.1600632844,0.2632632191,0.3615538398,-0.1186643703,-0.8045365968,-1.0666376953,0.1614513469,-0.0338460281
444,-3.1078169727,-0.7415609028,0.4827822623,0.7656967004,-1.8794888816,-0.4134910346,0.6771310639,0.7532402474,-0.4436117650,-0.9599142400,1.4401617282,-1.5308516940,0.4461407863,-0.1386790025,-0.6235697279,-0.7443173418
445,-1.0040740235,-0.9037857513,-0.0070329533,-1.4527715924,0.7702948139,-1.3728360962,-0.1765458018,0.8100683326,-0.0081101164,-0.7500673771,2.4807922003,-1.9478364064,0.9798744962,-1.3634293755,-2.7960155119,-1.3203081896
446,-1.2831612781,-0.2310088153,1.0580255574,0.4324036804,0.1481567842,-1.3878493278,-0.1864409297,-0.7858849000,-0.3775490297,-0.2399319376,0.8582890146,-0.9813539592,1.3044973758,-0.6282456559,-1.2989207023,-1.3219475933
447,-0.6400125063,0.1060683548,-0.1199025838,0.4014746219,0.1968046298,0.4368678365,0.2776951699,-1.8636607115,0.4971073186,1.4053028635,1.2226023272,-0.3955649993,-0.5671438235,1.8676147468,-0.9542526121,-1.1101766303
448,0.8624391073,-0.5125867258,-1.1519950408,0.3035428902,-1.8329978856,-0.7705787614,-0.8639892852,-0.6347932922,1.3788661934,1.7977087187,1.3865434390,0.3585017115,-1.1798759371,1.4850979764,0.9074731243,0.5246140585
449,-0.5138865905,0.2603882887,0.2863698012,0.1799539268,0.8995068001,-0.7268307601,0.8162001204,-0.3187566088,2.2017592331,-0.0757230656,1.2724813074,-1.6100043968,-1.3142726504,0.2025435564,0.6523782069,-0.2348277765
450,2.1704803655,-0.6325957866,0.6414228164,0.2406809563,0.5868955173,-1.2085235598,0.5240013988,0.1916768755,1.1221726506,1.4302683244,2.0070450834,-0.1685474625,-0.7301947639,-0.9338881605,-0.4670155244,0.8318630795
451,0.8801888675,0.1790856919,0.0436752031,0.5227781677,1.5233170444,0.0088151601,1.8116703210,-0.7119557956,1.6049141440,0.2122864224,2.3303353661,0.0199277768,0.4112773682,-0.0824090008,0.1334862272,-1.0612948040
452,2.7449033584,-0.6545549500,1.3651529458,-0.2301691710,1.0075289272,-0.1088716930,0.5244948119,0.0597416073,-1.1166951482,1.3749374160,1.9289279520,-0.8972726028,0.0191720050,0.2983647429,0.9570432116,-0.3795393355
453,-0.1465294382,1.2141883322,-1.3625832230,2.2873345587,-0.3920050582,0.0607056140,-1.5291236850,-0.8357612725,-0.9544323318,-0.4517308005,-0.3680000343,-1.2996054664,-0.9653000328,1.5767929736,-0.5429256055,0.6711466451
454,3.1486827023,-0.2382323940,-1.2903412302,0.4753494195,1.1319384669,0.0361851665,1.4780560442,-0.6863280915,-0.9987543170,-1.1283617349,-0.1818481259,-1.0615826695,-1.2567982929,2.3340281397,0.6790531318,-0.3190556719
455,3.3410937665,0.3418573661,-0.5766582134,0.4138899121,0.1340996343,0.4459705584,0.1457709808,0.5525572894,-0.2145272203,-0.2950012879,-0.9872129360,-1.5552058774,-0.2641666934,-0.0668421977,0.1224270171,-0.7323141126
456,1.5972755990,0.0090775796,-0.3702629009,1.0789320799,-0.0027585197,0.5023946714,1.2064459540,-0.2884683968,-2.3491969915,0.5510432825,0.9699350362,-1.9278051239,1.6526674023,0.2933678082,0.9641370532,-0.7430836454
457,0.8893558706,-1.0292894050,-1.7154822797,-0.5420485277,-0.1733064249,0.5073891617,0.1660485453,-0.4226714522,-1.2717155783,1.1769088807,0.6838274543,-1.1426161823,0.4742014653,-0.0239139079,-1.0666079951,-1.8634300703
458,0.0682045129,0.1958075498,-2.4913238724,0.8014635944,-0.2041018103,-0.0851333687,-1.4274691311,-0.9515027235,0.5667397811,0.4632498222,0.6386690528,-1.1081299616,-0.0153075561,-2.3369516414,0.7651192909,1.5288329685
459,2.1661701517,2.3096293599,-1.5491639526,0.9630237130,-0.2991909116,-0.0856690552,-2.2149253224,0.6518063075,0.2309794468,0.8166496537,0.5171908945,-1.6062335148,0.5334725587,-0.2716357718,1.5814561670,0.5118372340
460,3.2522240241,0.2866422395,0.4779857149,-0.9701144954,0.5350098077,0.7285773470,1.2850871882,-0.0653807200,-0.0094336726,0.4877291453,0.9127831708,-1.1407494254,-0.0844947944,-0.9443123452,-0.1522503645,-1.0165684499
461,1.5584753796,0.4402406147,-1.2828751074,1.6993994241,-1.0882990911,0.5252615031,-1.4846214977,1.3352605968,-0.5303261126,0.6016372663,1.0738209662,1.2574468371,0.1913687250,0.3455636437,1.0914785120,0.2859136926
462,0.9499961271,0.4558086790,-1.3449143515,0.5338592017,0.0849832506,1.3872525470,-1.5215660100,1.9433541136,0.1938091766,-0.0405642406,0.8244693488,0.3914762462,0.3622715722,0.2891904050,0.7848872351,0.0217068730
463,0.7109435751,1.4787462856,-1.9657234520,0.4065047419,-0.2733137301,0.2616169449,-1.0886960223,0.0070903058,0.9321099901,-1.0577130027,1.2326273757,-1.6508876393,0.3006098563,-0.0628069392,-0.4796758416,-0.3032306909
464,2.6077720255,0.7172285693,-0.9489478173,-1.3417529390,-0.9016356710,-0.9640027230,1.6954327173,1.3444576664,-0.9919978545,0.1947025601,0.0281415099,0.0495565120,-2.0064927345,-0.2321156199,-1.0035239439,-0.9547437419
465,0.8299645710,-0.8106627760,-1.1499754014,-1.3000374707,0.5953784971,0.0241877233,1.0752781842,1.2214883068,0.6857508813,-0.5638502218,-0.6124849354,-1.2814994098,0.3942380896,-1.1914466564,0.4267914075,-0.0342080239
466,0.1314672901,-0.5977058782,-1.3077171282,-1.2640793128,0.3487335803,-1.9848812826,1.3696872475,0.1326300301,0.6516870136,-1.1130045279,-0.3477661428,-0.3612009786,0.3880870198,-0.0227454756,-0.1477524235,-1.0096871569
467,1.6461450737,-1.3147964299,1.6648332201,-0.7324233620,-0.3265694696,-0.7303883597,0.7232775225,1.1050578459,-1.1252550448,-0.3827875013,-0.4346698101,-0.6711955619,1.5715139876,1.0315410332,0.3971355197,0.2064520924
468,-2.9857628855,-0.1785789222,-0.0309961160,0.1827544384,-0.0796733947,0.4300510258,-0.1810663239,2.1347235118,-2.5091679847,1.5105947489,-0.6794116175,-0.4407450949,-2.2144841143,0.8001981224,0.2135960993,-0.9636132249
469,-2.4295756221,-1.2927294502,-0.3160400710,-0.6518768241,0.2797722694,1.0380128317,0.4242408270,1.0371278530,-0.3985152596,0.9731868558,-2.3798670773,0.4633398959,0.3047807272,1.4148435634,-0.7185630490,1.0616360460
470,-2.5282305310,-0.4920259871,-0.3036394404,-1.8725394221,0.8667354502,1.7362179770,1.0420949996,0.7110674917,-0.2490673805,-0.5310475735,0.1882813124,0.8446272562,1.2874696690,0.8792840573,-1.5257655312,0.0331598461
471,-2.5557850510,0.9876821970,-0.8522093292,0.1565698375,-0.5019569201,0.8730639148,0.0450455585,1.3755308517,-0.3521053433,-0.8159671700,-0.1103337633,0.2558158085,1.3689150233,1.5811268723,0.1110434893,0.1475782201
472,-0.0916622891,-0.4864591648,0.1068967772,1.9420550482,-0.5634251073,0.9258119949,-2.4036810662,-0.4806475444,0.5381413651,1.0991834946,0.9867504830,0.7259157259,-0.2427354414,0.8552320382,-1.5431585749,-0.2978582662
473,-0.9034475171,-0.8056085489,0.6171666019,0.7601905189,-1.7822251867,-1.3730304325,-1.3243345338,0.6782188295,1.6673634001,2.7457130703,-1.0623842019,1.4958440634,0.2397257917,-0.7629193333,0.0225393394,0.6764277809
474,-2.1774681963,-0.2308276600,-1.2403499978,2.1646412673,0.2252306868,1.3536660369,1.9464938290,0.1304972636,1.5690191154,1.6218731017,0.2345589134,1.4713483855,0.3044098264,-0.1614343165,0.1710180764,0.0179470381
475,1.6962442843,1.0832585569,-0.0795124610,-1.1888743927,0.4084270569,0.8992450641,0.6977789039,0.5224979064,-0.3839821685,0.7991158689,0.5329987078,2.2393827115,-0.2201007802,0.8038649720,-1.2791629135,0.7931562276
476,-0.4024710035,0.0200633112,-0.0844227234,-0.8233732252,-0.0546553475,-0.3629766828,-0.6864876952,-0.1224813041,-1.3411647667,0.8108001855,-2.0359908373,2.1455719488,-0.0310849208,0.8703232386,-1.1805520015,-0.2509436644
477,-1.5629406853,-1.5583381601,-0.4021834877,0.6183701383,1.5494641005,1.1362023116,-0.3957562676,-0.3416309589,-0.7783926993,1.3821850618,1.0007517283,0.6822288949,-1.1175069735,0.4087632557,1.2309450726,-0.1204723735
478,-0.6396677053,0.0432182332,-1.1973138213,1.0720279796,-0.3093386491,-1.1015063881,-1.9535330351,0.3215097471,-2.4565820686,1.8913847914,0.2263427083,1.1797153609,0.9914034993,-1.5031793424,-0.6730691833,0.1582797872
479,-0.6129005668,-1.6022036804,-1.5951528558,0.1479024727,0.3945800344,-0.3047937114,-0.9256210250,-0.4873580355,-1.0193273731,0.8786940108,0.3685028734,0.7112613209,-0.6329020763,-0.7674800476,-0.6855155420,1.3429908317
480,-1.0917487121,-1.7082382528,-2.9354413652,0.8733686305,-0.2308782561,0.3050867219,-1.2158216928,0.1323665248,-1.3601881630,-0.8214288072,-0.7124092037,-0.2438664389,0.3566163821,0.4381645732,-0.1127959813,0.9692113429
481,-0.6818966807,0.6699739849,-0.0683001583,0.1976693494,0.5111583625,-1.2049924738,-0.7636263435,1.0010589303,-0.5767531516,2.1383828409,0.0372965931,0.1240005918,0.8898441296,0.9764665748,2.2373990233,0.2164880458
482,0.5438414752,0.9402477929,1.8447104504,-0.3576962950,0.6605577549,-0.6339354711,-1.0739921944,-0.5074325186,-1.0670311018,2.1047234665,0.5396627198,0.4555239758,-0.5873876013,-0.0278525359,1.6478917803,-0.9295161073
483,-1.3840126537,0.0947438203,1.4168233573,-0.5280177036,-0.0484419119,0.6335795450,-0.2640060545,-0.2143413675,0.5156414714,-1.2872638447,0.5134966562,0.1779643267,-0.7294467595,-0.6798325741,1.1382860704,0.1962334197
484,-1.4246004089,0.4901750653,1.0189292012,-1.2701618528,0.0950939859,1.4082902528,0.9950543428,-0.0322370828,-0.3065068506,-1.1405825666,0.7971638889,-2.1292783406,-0.5414934962,-2.1385206608,-0.9331414438,0.7767025295
485,-1.1601387493,0.3434259070,-0.7662073806,-0.1196790253,0.5714722300,-0.0501518528,-0.2590511927,-1.2479743994,1.0584173268,-0.9896153543,1.2100899706,-2.5243010953,-0.3832097060,-0.9237314104,-1.6258411921,-0.5436712441
486,0.9933969857,0.0004191552,-1.3495671366,-0.3641394045,-0.7712286700,-0.7494809963,-1.1732382492,-0.1946113785,0.1193608499,0.5456503686,2.1261118089,0.3048474947,-1.3452540475,-0.9550635488,-1.2264905475,0.7359765476
487,1.2616380623,1.2966766356,1.1782147472,-0.9573667639,-1.5373117845,0.9615144067,-0.6706281687,0.0822155459,0.1810332375,1.4089786794,0.4041470800,1.5389033749,-0.9671771979,0.4821483667,0.6451807636,0.0319850089
488,-2.2955799046,1.8288455208,0.7447254056,-0.2118561798,-0.0015704158,-0.2205266560,-0.6941557119,-1.3431358407,-0.0239401024,0.9800526004,-1.1589383634,0.3898903761,-0.3318273859,-0.4670580946,-0.2712217582,-0.4845917824
489,-0.0131907170,-1.0592104106,-1.4448724615,-3.3334085951,0.0071008848,-0.5293129190,-1.4089158637,1.0835959946,0.1822838089,-0.2576419777,0.1260867199,0.6091562990,-0.6488435052,1.4786579084,-1.6463838633,0.4445714699
490,-1.6267027316,0.0233500329,0.1773611470,-0.8567204431,-0.5238603254,0.4767098659,0.3801796493,1.7493626371,-0.8424175610,-0.3746966505,1.2279253786,-0.2740509748,0.2003492917,-0.5965449677,-0.4749804222,-0.8768115317
491,-1.9987667054,0.7484525146,-0.0851645744,1.5701724248,-0.7620175065,1.0788010621,-0.0118125361,0.8959495084,1.4236806567,-0.3377362719,-1.2169898273,-0.3174786260,0.3621777574,-0.4444903154,-0.4736212952,-1.1394098091
492,0.8495324068,0.2576865264,0.2055210724,2.3552008113,-0.2551506498,0.2784017626,0.2002588010,0.0799164033,0.3304686237,-0.4778628434,-1.3363983198,-0.0013349948,-0.3749269907,-0.3512583089,-1.0214016259,0.8855100772
493,1.4304479561,-0.1411027072,0.4503621181,0.8896986499,-0.2495910460,-0.8568189538,-1.1292806635,0.6988657727,0.8255765161,-1.2795381219,-0.2739001081,-0.9815142611,-0.0362291966,-1.5596477584,0.3806971905,1.3150369410
494,0.7149880885,-0.4816357463,-0.7245694823,-0.3837565477,0.3240599182,-0.5594477318,-1.3858232365,-0.4205886122,-0.6642677039,-0.3698375793,0.2180130763,-0.2624370982,0.2712754685,-0.7135452470,-0.1407029476,3.0330203070
495,0.5843200554,-1.1315359862,-0.5257389082,-1.1325933572,0.6491848706,-1.0995029895,-0.1760303452,0.5955285557,-1.6005634083,-0.7169683602,-0.4998146010,1.3478796222,-0.1097699149,-1.8990188687,1.5077284699,0.4752102558
496,-0.5701492919,-1.4730781456,-0.2914125054,-0.5693419580,0.4404064138,-0.4814870274,-0.7948273543,-0.3162364653,0.8381257222,-1.1869865248,-1.4467509898,0.1487216331,-1.9819080794,-0.7554972746,1.2929019618,2.1638086474
497,-0.2777193437,0.0480133639,-1.0788880277,-0.6879607960,-0.4091270468,-0.3368712037,-2.5359179684,-0.0109392216,0.0375836111,-0.3501076809,-1.5577375048,1.0157300131,-2.4698675579,-0.6666334924,-0.1365044689,1.5871315400
498,-0.7915982261,1.0721993721,-0.3060991519,-1.1481771297,-1.1237022782,0.3367246245,-1.1685793933,0.2724000687,-0.5049475155,-1.9869515662,1.1377261006,-0.0016879542,-2.3682840206,-0.3824165398,0.0205238615,0.3122791055
499,-0.1267577887,-0.5611211153,-1.3509828401,-0.6580592306,-0.6688501750,0.9458072329,0.5039692968,0.4016750374,-0.6100188633,-2.0715854011,-1.3357043463,0.6880191873,0.6880258770,0.1749101364,0.5341796766,-0.4246082322
500,-0.6310230838,0.1358902488,-1.3553989986,1.2695994785,-2.2734432923,0.5137145657,-0.0336263265,-0.1893973031,0.4624322332,-0.6489466521,-1.5416485978,0.2362584668,0.2190493149,0.3737309486,-0.0983047389,-1.1374638331
501,-0.6966933109,0.1465422001,0.1892138057,2.9496151124,-0.1357606624,0.5222986575,-0.2232924743,0.7424653642,0.5021113212,-0.5466085648,0.0003781944,-0.1843243855,0.8150160552,1.3047216457,-1.1962854263,-0.9854615415
502,0.6055266107,0.2702457051,0.7698782996,0.2822127447,0.7921346591,1.9673514957,-0.3268573003,0.7632122412,-0.6330273860,0.1537288660,-1.0183893016,0.7275076865,-0.5261982566,0.7913335992,0.7297463117,1.6717537381
503,-0.8092726244,0.3540642909,-0.5165065344,1.1761543149,-0.6018915566,-1.8151495878,0.5475949932,-0.8221329847,0.4377908913,0.9547640964,1.7240203130,-0.3970504981,-0.6024854491,0.1494603694,-1.5240325936,-0.5450728549
504,2.1626764137,-1.9487597000,1.2797154049,-1.3750447458,-0.3442594170,-0.8734419043,0.8382403505,-0.5254653720,1.6878573536,0.2720549308,1.2464628204,-0.9902931920,-1.7858241844,-0.2708720636,0.3885820395,0.5661545542
505,-1.1698514274,0.2683219181,0.6573831106,-0.1531617249,-0.3733511439,1.1446451760,0.9892567672,-1.1497099027,-0.7944367921,-0.2251643178,0.8219194195,-0.3662062635,-2.2881684632,2.2517801670,0.7981892652,0.5621012936
506,-1.4357322133,-0.3398000277,-0.1518250392,-0.8084269595,0.7297567374,-0.6688848412,-1.1081401157,0.7056208089,-0.1811681247,0.6676487777,0.0903205317,-0.5693573192,-0.9478169733,-1.7855375473,-0.1535253539,-0.9516364011
507,-1.2221826802,-0.1051249975,0.1793107184,-2.0231607720,1.0228709969,0.2098263497,-0.1830657164,0.7276690610,1.3205245037,-1.2384579973,0.5318499828,1.3603356798,0.6727278908,-1.5224311608,1.3462339135,0.9368030684
508,-0.9323058321,-0.5585107878,-0.7765718435,-1.2934781292,0.4985335716,0.6087329750,-1.5519008868,-0.8645877067,1.1830572981,-1.0289919331,1.3338208059,0.0247017946,-0.4033322603,-1.6560671476,-1.4263255537,-0.6605976448
509,-0.6879509451,-0.2940369186,-0.3734431377,-0.4532615885,-0.7299199339,-1.6836730685,-0.4350418430,-0.3598444327,1.0488922458,-0.4643510600,0.8714691877,-0.3716682297,-1.6865364900,-1.2436654163,-0.6607862097,0.2595120413
510,0.5745247035,2.5668528699,-0.1961849981,1.4475775775,0.2525909694,1.1812269756,-0.8940375763,0.5596883807,-0.2226718694,-0.9005155126,1.5817293562,-2.2123858869,-1.0637674762,2.2710135796,-0.8234891402,-0.0304392830
511,2.9517628926,0.0724678385,-0.1765492978,-0.1124935618,0.5431678583,-0.6607673475,0.2725138701,1.3821128760,0.4815462950,-1.1770861255,-0.6619509205,-1.8696130501,1.5736688320,0.4991286943,-0.6961417306,-0.9000145654
512,1.9978739736,0.8909330757,-1.2897936889,-2.0691148810,0.8700440777,0.0420658050,-0.2427533900,-0.1966454310,0.3033229573,-0.4063052592,-1.7981883921,-0.9826535645,-1.2985363788,-1.6355461459,-0.2818612211,0.0604673417
513,0.9253133241,-1.2662681751,-0.9306443713,-1.7349244552,1.9295630178,-0.0681357251,-0.0947924155,-1.7932958808,-1.3886157694,-0.1554531341,-1.9147578726,-0.7054310014,-0.4354437844,-0.4944543971,-1.6286107873,-0.8471653101
514,1.5464945502,-3.2501097818,0.0932924290,-0.2716360833,-1.0197288830,0.2777599350,0.4237545405,-0.6076762009,0.4905833073,0.8289662337,-0.0987282060,1.1799056766,1.2216643023,-0.2589102349,-1.7257281884,0.0087248855
515,-3.2549494299,-2.2789150445,0.7063693450,0.5762168115,-0.0327035785,-0.3372294636,0.9748616474,0.9936597590,0.3201478139,0.9802806055,-0.8675084306,0.5373930720,0.8836466202,-0.8301307570,-1.7536569840,1.4768753961
516,-3.4392902207,-1.4479660009,-0.9516801594,0.4778398405,1.2838207408,0.5867657443,0.3843432242,0.1124076643,-1.7573779160,1.7159265913,-2.1781535840,-0.5574592841,1.5276430320,0.3899375421,-3.0429757634,0.6207424914
517,-2.1189528753,0.7117641383,-0.1778573313,0.3808949275,0.5960102686,0.8103144667,1.1282350756,-1.1302035751,-3.1303722145,0.6358626598,-0.1493665704,-0.2028469040,0.8298035767,0.4540732608,0.3669601122,1.0416292745
518,-0.1393670328,-2.0921959180,0.3361052156,0.1155745886,-0.4253325238,-0.9612068855,0.7518017347,-1.1597145090,-1.3912214137,0.3001568768,-1.4361077485,0.6901327362,-1.0467217200,-1.4013479331,1.4824093698,0.7445517700
519,-1.4696539540,-0.0291688766,0.2991350017,0.1250140768,0.5789897751,1.1041935532,-1.0790683302,-1.7685426506,0.6798787856,-0.5109726977,-0.6872236097,0.7053995205,-0.6458836125,-0.7886565567,1.5332610259,1.0360268896
520,-1.1771936693,-1.5140273310,-0.6700160014,-0.2206628094,0.1040312601,-0.1423067218,-0.0227010154,0.0418154465,1.5777872846,1.9600216098,-2.2845734898,-0.1910795205,-0.3269280975,-1.6401729053,1.1711172273,0.7238665679
521,-1.5715069013,-0.7553131914,1.8315425550,-0.2477557861,-0.0948072585,-0.9707107835,-0.4657721086,0.1902455708,0.5194187021,1.2775154347,-0.8189352373,0.1132058443,-1.6319992457,0.1110149156,0.3437020746,1.6420043865
522,-1.7776101664,-0.8128837544,0.6503436862,1.0337235190,1.3729881709,0.9457099157,-0.0957765631,-1.5949731376,-0.5119923449,-0.1426403271,0.3444657442,-0.2267946165,-0.8211836228,-2.3872611213,0.1603608517,1.4439046256
523,0.2149278796,-0.5591590788,-1.2893102614,-1.3308761162,0.0867820013,0.3905956549,-1.3524963536,-1.4309108991,-0.7588725799,-0.8268838250,-0.8577351429,0.8650655967,1.3251668763,-0.9813845867,0.1875628419,-0.0563051348
524,-0.4252115515,0.7923828004,1.0364205960,-0.6421406345,-0.5751452053,-0.2938951192,-1.2244264175,-0.6052058712,-0.9106611349,-0.8823850273,-0.6635467269,0.1113723106,1.6110477167,-0.2360046941,-1.2909647715,1.2386918203
525,-0.9021720101,0.1837762205,0.4162404549,-0.4772159111,0.8864303721,-0.5398146884,-0.6811639204,-0.8525302498,1.3484308076,1.0752964641,-0.4486259693,0.5316584902,-0.4331568017,-1.7063622627,0.9964117114,-0.2693672468
526,-0.2030868010,1.7335711177,0.5969064336,0.9451758929,0.3382122990,-0.8445218603,2.4603928288,0.5158118736,1.2777683056,0.2119088054,2.1093714907,-0.0956732041,1.4479473028,-1.2361360490,1.8997460445,0.3944470997
527,3.1015847843,0.3096518048,-1.2384894805,2.0928336432,-1.4993738178,-0.5109675086,1.6608337554,-1.3653204243,-0.4049248646,1.0825913983,-1.2207106613,-0.7625579000,1.0766025300,-1.2089076194,0.7114330267,-0.4325508495
528,2.9681285425,0.5537435310,-0.5610774780,1.8127364513,0.1262634263,-0.5053087328,0.4989793154,-0.7251140768,0.0879121958,-0.3124900310,0.7845448631,-0.0747091434,0.5542748744,-0.4826271221,0.7739090394,0.3160275683
529,4.6202873607,-1.2740883443,-0.9502496444,-1.2506675660,0.8990298392,-1.2205673703,0.1351617717,-0.5297380747,0.8346518262,-0.8828421074,0.6560527481,1.0137622323,1.1555627749,0.9769601985,-2.2459075149,0.0151627006
530,2.3336285137,-0.7190829756,0.1564193549,0.2831429691,0.4933285446,-1.3651477262,0.4564055830,-1.2530248349,0.3525522220,0.0330718423,-0.3547926019,-0.1484994645,0.7960237824,0.9274437609,0.5939633616,0.1180461876
531,1.7933022073,-1.0581918252,-1.4502526417,0.9895113168,0.0858234980,-0.2413350326,1.0722228295,-1.1589030228,-0.5691391221,1.3085885307,0.3405231439,0.6295735640,-0.0624010117,2.2079721831,0.1401233257,-2.2911592456
532,1.6974683819,0.0209285269,-0.6777676584,-1.7167656738,-1.5589843720,1.6590442291,0.1639375848,-0.7542276387,-1.1643019232,-1.2475259677,1.4157757881,0.6324645032,-0.5781446612,-0.7162505112,-0.3653641823,-1.2735048954
533,-0.1450747919,0.5351049460,-2.0681009884,0.1551844821,0.2728220761,-0.1678230533,-0.4282958470,-0.1300680885,-0.7769617969,-0.2076482455,-0.9527842405,-1.1171219248,1.7292993959,0.5562155736,-0.5947263539,-0.7728530087
534,2.1861317489,0.5712389000,-1.6586033795,0.1717361970,0.3211933932,0.6165137061,-1.0992794922,-1.1505119580,0.2601139134,-0.4776169243,-1.1226211024,-2.2876862119,1.9948466066,-0.5454976722,-1.3668555168,-1.6132657623
535,1.9687852951,1.5316625054,-1.4464273615,0.4958887039,-0.5741418476,-0.2913842200,1.7390277403,-1.2093550097,-1.0652071288,-0.1251205847,-0.1166898121,-0.3716147590,0.3446910799,-0.0206568648,-0.1476487554,0.5394353662
536,3.3324471520,3.6751506222,-0.6277104180,0.6017093088,-0.1216793277,0.4435165098,-0.5831603610,-0.7115204877,-1.4112161323,1.1925548678,0.3743050422,-1.2436039244,-0.3004211226,0.3435173247,-0.8593711689,-0.0193416120
537,3.6710686031,1.4706988572,-0.6920374865,-0.4598713874,-0.8486088130,-0.2343203516,1.2632023477,0.3676692025,-1.4338626738,0.2317971637,0.0251847165,0.6783414501,0.1219027440,0.5230470063,-0.2531008255,1.2537536653
538,1.8045047952,-0.6754113533,1.6390566773,-0.3436704368,-1.4834600818,0.2909789185,0.4218126013,0.7376935607,-0.3526269414,0.3685711063,0.1898938386,-0.5277627950,0.2170119544,-0.7079142986,-0.4837817951,-0.4956038971
539,-2.2097807952,1.6895788035,0.5024761990,-0.7376911852,-0.3722548697,-0.6581955790,-0.7591013781,-0.5923383201,1.5431776588,0.5037638057,1.4358685722,-0.1145328666,0.9600111218,0.6150262062,0.5338432292,-1.2069775869
540,0.0818805479,-0.4025645493,1.3984675211,-0.6527350937,0.0182572349,-0.2774276197,0.2639255672,1.0796128602,-1.5489014670,1.1385543092,1.3607442455,0.7676218795,-0.7633866402,1.0760677506,-0.2764015702,-1.5239577309
541,-1.5764684635,-0.7003249022,0.1263169931,-0.7186047184,-0.7570309564,-0.3774269951,-2.1558580978,0.1124156423,-1.7995338385,0.0407734925,1.6857265062,-0.2762929780,0.0968885367,-0.0222657020,-0.8129585547,0.1022090341
542,-1.9274545663,-0.3213183355,0.5318237018,-1.4273366361,-2.3327590471,-0.5198893832,0.0086567672,-0.7323531947,-2.5874778640,1.5193977742,0.4208357960,1.4914448869,-0.1253208102,-2.1751416225,-0.0115631168,0.0955860782
543,-3.8370146033,-1.0790865391,-0.6936563757,-0.6147388582,-0.3859262888,1.7884152071,-1.7193856527,1.1161912734,-0.6096062701,0.3015384933,0.9485803603,1.7573164494,-0.0011612799,-0.8973068469,-0.3345664794,-0.6147759242
544,-4.0351202039,0.0492510962,-0.8008832020,1.9067628308,-1.7023066277,0.4817581065,-0.7113384810,0.0464481505,-0.9603370925,-1.6169380913,0.8117959575,-0.6216096204,-0.9408208855,1.8658667969,1.3424504428,-0.9998311694
545,-0.0367970180,-0.0633880070,-0.2046216032,-0.1024485257,-1.0381965924,0.6186060144,-0.9269664608,0.2269590914,-1.3428698544,1.2081626311,0.2523841189,-0.9450299938,-1.2763817177,-0.3615739495,0.7536182248,-0.1477608337
546,-1.4482370910,0.2491307913,0.4430579792,0.6811326815,0.5034446195,-0.1324942275,-0.7485407348,0.6035807586,-0.4787782708,0.7188358853,-0.0208976583,-1.1410973314,-1.0493628697,-0.4638657661,0.2073486914,0.5379124016
547,-0.7349749667,-0.3054100875,0.3704097364,2.8475119376,2.3642613255,-0.2351313358,-0.1455204448,2.5842481556,-0.5303609073,-0.3193319505,0.8691266447,-0.4682599486,-2.5226281483,-0.9602163164,-0.3504719201,-0.2789674294
548,1.6753937626,-0.2966299057,-0.4455206701,0.8724764583,-0.2221723399,0.4784098699,0.7668406956,0.0646879048,-0.6933984335,1.2129027210,1.1366548663,0.7523413189,-0.4303277647,-1.1290857129,-0.1849090285,-0.9336495846
549,0.2256842774,0.4953655238,-3.5362840344,2.0077789177,-0.7832723793,-1.3426025319,0.7542079393,0.4970281780,-0.2865426815,0.5974550495,1.1804201762,-0.5949890184,1.1032049491,-0.6998829734,0.1585126977,-2.7531325484
550,4.0658578626,1.8227961168,-1.1601597664,1.5377365718,1.6167188015,-0.9764396980,0.5726920050,0.5232482440,-0.4842287801,0.3916419463,-0.1682043256,0.3144774470,1.2948287660,0.5547672750,0.2683254486,-0.6453461986
551,5.7733302401,0.1512109305,-1.1824372710,0.0278259653,0.2703073443,0.1288631989,-0.6740469526,0.3634892601,-0.5131678837,0.9583260296,0.0893772935,0.8249194643,1.3648038296,-0.6059391269,1.7066392459,1.3146154670
552,2.3173697788,0.9582889650,0.0140990737,-0.2913141459,-0.0554902548,-1.0652329167,-0.4500614260,0.1737067463,0.2968428168,2.1024911908,0.8743065604,0.2660078349,-0.1331959178,0.0510111734,1.0347670377,-0.7981575752
553,1.6098239733,-0.3318548638,-0.6889238539,-0.4045902490,-0.8090027843,-0.6184144779,0.4035906593,-0.1773903598,0.3650471762,0.5204267081,0.1645383427,-1.4175981679,-1.3886986359,0.6917258812,-1.8206102057,0.2837964705
554,0.9317542592,-0.0219908595,0.6063148977,0.7537355731,0.0987230875,0.0704676317,0.9654675656,-2.1469651558,0.6977361200,0.9596408668,-0.8555636283,-0.0842120966,-0.3704112937,1.1694655070,-0.0039276111,0.0319341470
555,0.1464579326,-0.9041204976,-1.1139571042,0.6169272665,1.9870045786,-1.4708104961,0.6864134375,-2.3193881951,1.1455099797,0.3058380247,-1.2841934257,-0.8563991865,-0.3779266172,-0.4896060032,-0.5804384395,-1.2266776877
556,3.0629649044,-1.4428345398,-1.9202687539,-0.6309666287,1.5491449604,-0.2733360404,0.4231632840,-0.5175847904,0.2695167358,-0.4282935663,0.2873814880,0.2028368540,0.1282027129,0.4827248043,-0.0007075491,1.4787936378
557,1.2447661277,0.2954478081,0.2340165017,0.0069191065,0.2109258467,0.5066967811,1.4614921247,-0.3891048711,-0.6233728669,-0.8054063684,-0.9421061768,1.4622096665,0.2278088527,1.1939447813,0.5498366646,0.1351115750
558,0.2138931491,0.6608820874,0.2893660405,1.8924343531,0.8747135327,1.2065875281,-0.9725517018,-2.3739284256,-2.0280882490,-0.3420552816,0.0899905798,3.0845377675,0.5466727930,1.5483273660,-0.5777691891,-0.5123255573
559,0.9673509957,-3.8922088034,-0.4047214077,0.9534660030,-0.5187986792,0.1290350051,-2.4237284523,-0.6150012817,0.5616555740,-0.5312122181,1.0662085615,1.0434626061,-0.0008331863,-0.3432446223,0.7304557295,-1.1492020795
560,-2.6844252279,1.5005548212,-0.9310906105,1.5278018538,-0.6147620140,1.5456138277,1.1753353559,0.7205727923,1.3738992814,-0.7061339581,0.2682384009,1.7927605712,0.2969728663,-1.1608549821,1.4017669811,0.8063037803
561,1.9691585028,-0.2984415738,-0.7985999794,-0.5630739247,-0.1889853274,0.5554949047,0.8158512408,-1.2517101218,0.6431751358,-0.8816845359,-0.0482449327,0.8241071683,-0.9443239571,-0.9428589587,0.3834820536,-0.6577072996
562,0.7652908287,-0.0312548490,-0.7919429281,-0.2020943707,0.5681208863,0.7879378211,0.3640878595,-2.3216453766,0.9207024131,1.8698520144,-1.3929648130,-1.2088014567,0.4962305207,-0.0604210290,1.6563154220,-0.6855444225
563,0.7288974114,0.9242807739,-0.0500651057,1.0827780823,0.6789090277,-1.4451881318,0.5247182719,-0.5327172907,0.7166814544,0.6013093818,0.1424797873,-0.4102798551,-0.2625356346,1.1188922123,0.8499940839,-0.7684761721
564,3.5389772538,-0.1631887927,-1.4707993664,0.4607593379,-0.2139506645,0.0339829128,-0.0370745437,-0.1339379488,-0.7072605727,0.1269173581,1.2206699398,-0.1758240850,-0.3795561081,1.2616774431,-0.1193881007,0.0469186001
565,1.9485561077,-0.1209874293,0.0115470306,-0.5843996223,0.0017752950,0.4815702216,2.1658775304,-0.5586739030,-0.5584801722,0.3857060371,-0.7759093642,-1.4476872984,-0.6830776636,-0.1548337258,0.0352601859,-0.3014735304
566,1.2545736325,0.6004736736,-0.6094351933,-1.4597745884,1.9207430396,0.5087345839,0.4042197607,0.2774126709,-1.1839625835,0.1057527418,-1.0148763989,-1.6602259047,0.1781715385,0.6361643444,-0.0523339847,-0.7792020023
567,0.4822566583,-1.0358736730,-0.6910853830,0.6281192643,-0.7088424785,0.2592384276,0.0337040972,0.2558582112,0.0058386197,0.4437956256,-0.6021157153,-0.7201250199,1.2627809113,1.2071079505,0.0247225624,-1.0640797287
568,-0.0183454731,0.3857281706,-0.7532792716,-0.1811103167,-0.2334021175,-0.1561340894,0.8633394589,0.4336776420,1.0652648343,-0.0648950384,0.1646520768,0.5221625542,0.7006859562,-0.6247978271,-0.3283959376,-1.5996514286
569,0.9812572463,-0.1025565210,0.7914471248,-0.1439548400,0.5571287834,1.2330720141,-1.2512381577,-1.8117866981,1.0404844412,-0.5951806249,1.3545127402,-0.1393352148,1.2440097086,-1.0104648622,-0.8570299819,0.1329452849
570,0.0119650938,-0.3660053182,0.1440751151,-1.7271850343,0.3903487049,0.5068164899,0.6091452752,0.2804532285,-1.4959174641,0.1124914934,-0.0498002592,-0.6057506501,-0.1469750564,0.8545538112,0.4127465245,1.3285099514
571,-1.5027029835,-0.5815907881,-1.1919283065,-0.3081358221,3.9216730750,0.2166857607,-0.2802485347,1.6354255217,1.4036828554,1.2583573249,0.1518136489,-0.3405990647,-0.4878691491,0.8999825290,-1.0572840849,-0.5951187826
572,0.7639963163,-0.9284817257,0.1721896828,-0.3738829082,0.4073387452,-0.0471097377,2.1214895220,1.3723721317,-0.5677637673,0.2871242182,0.1093302320,-0.0637589921,-1.0597431849,0.2529400973,-0.2979144777,-1.8135327117
573,-0.9488646546,0.2917249692,-0.3234440682,1.3450172966,-0.3664619466,-2.6571291825,2.2953133417,-0.9617716465,-0.4750476615,-0.1522862385,-1.2276623479,-0.1083946720,-0.9046018620,0.1208259117,0.4718275904,2.2390660095
574,2.1397967298,1.3047596749,-0.7653468084,0.3715028578,-0.9601417532,0.0135087347,0.0598480498,0.6474441608,-0.3114965034,0.0859726394,-0.2016941735,1.1092561828,0.3267242333,-1.3218989025,-1.3877380531,0.2566658571
575,2.0051688081,1.2003279316,0.7018703316,0.3322270777,0.7666347299,-0.3294510995,0.6907793088,0.3225530332,0.7118217068,1.1805759598,-0.3712353519,0.8632978213,0.9462602505,-0.6339193607,-1.0851551887,-0.0157365428
576,2.0366939862,0.4907517811,0.7288196978,-0.8624888220,2.0723631955,0.8709456932,0.5661797911,-0.7411894702,-0.9487382530,-0.9697610393,0.5594266864,-0.9225792857,-0.7253993252,-0.1142016720,0.9207694943,0.8461171447
577,1.2048168751,-0.4018388500,0.5125152639,1.4269123699,-0.2419159855,0.6118602120,1.0139074492,0.4318813617,1.4265055681,0.3587414580,-0.6635152066,-0.0092660708,-0.6834943410,2.4031834195,-0.6617617776,-0.2368451517
578,0.6818832778,0.8071259922,0.4712876731,0.1545002001,-0.5632441397,0.7832246993,1.1733911850,0.3132536225,-2.0634370209,0.6723292871,-0.5072190959,-1.4498592381,-0.2097220063,-0.6968931149,1.5353843938,-0.4116043736
579,-0.1440938556,-2.4026020722,-1.1437560685,-0.9056847535,0.4120990822,0.2995676340,-0.4075162129,-0.5185491231,-2.4682374675,-0.4628394835,-0.0636416253,0.4748345277,-0.5716498828,-1.3279693424,0.9126072152,0.4320270610
580,-1.8504772835,1.5661432941,-0.4670639784,0.4035601475,0.4369253126,0.7449025871,0.4994111279,-1.7364858164,-1.0366027844,0.4517308731,1.2392497528,2.3866503830,0.2580564932,0.7224128719,-0.8470491964,0.3571263872
581,1.9740480482,0.5167596474,1.3150598719,1.4566505113,-1.0842172442,0.4897679597,-0.5727954417,-0.6113995727,-0.4962676887,0.9964124921,0.7008513094,-1.1136571941,-0.5898205554,-0.7571143616,-0.5212943157,0.8872746077
582,-0.6500679670,-0.0559275845,1.8291323549,0.1359426667,-1.0324457291,-0.3468568096,0.8526750848,-1.3161742635,2.6194606551,0.4335919488,1.2722152830,0.0451001886,0.2668976825,-1.2092655254,-1.4164357194,0.4320208562
583,0.2383497998,0.7547256218,1.8939350110,0.5469964949,-0.8757575829,0.4050516383,1.8652896477,-0.7182352259,-0.2766749574,1.9395856705,1.3138823030,-0.1025806200,0.0422681297,-1.6551833363,-1.1818343283,0.0241412871
584,-0.2810659182,-0.2397467438,1.2095201177,-0.5936211463,-1.1910899235,1.4781070104,-0.1842229255,0.0972619452,-0.6205890956,0.6971520166,1.0793227432,-0.6325158905,-2.1238080857,-1.4308302539,1.3217568922,0.3876910316
585,-2.5767799700,-1.8018821870,0.8328575672,-0.4270239600,-2.5525396839,-0.3734013153,0.4944354295,-0.8401159964,-0.5305735223,0.9249651572,0.6463516127,0.8567060145,-3.0471664004,-0.3411713627,-0.4440933480,1.6404827209
586,-4.0543567606,-2.3063254950,-0.0138707684,0.7931074435,-2.0951774493,0.9214164031,2.2692029014,1.8264614501,1.0700870447,-0.0132912768,2.6415644369,-0.8146670006,-2.3160744841,-1.3408193221,0.0303646610,0.4906730782
587,-3.2573325715,3.0217719644,-0.3534560377,0.3492611462,-0.6681899116,1.3685819381,-0.1339395396,1.9925376603,1.2239501308,0.0278811591,1.1405196768,-0.4458452277,-0.2767758240,-1.1619744285,0.2768781153,-0.1756948801
588,1.0880122096,1.9714515673,0.1778096505,-0.5221853214,1.4600960924,-1.4565431088,-0.5691309001,2.7850846242,0.9794751267,-0.7942595919,1.4326012940,-0.5828575716,0.4149448696,-0.9950940595,0.5347107959,-0.7257440005
589,2.0830730425,0.7519513889,1.3348860800,0.3491028414,1.4029315450,-0.5304656466,0.0815071783,0.9452442492,0.7329926145,-0.3589651399,-1.2940927139,1.0389978455,0.1001623000,0.0852737035,-0.9218591763,0.8464070000
590,1.0595840622,0.9899300872,-0.7613670386,0.2996806502,2.0183274550,-0.4828474878,-0.7319443032,-1.5292057704,-0.2650624963,0.6006251424,0.2232539947,1.0062985022,0.1794743304,-1.7223615842,-1.4762427212,0.8872976274
591,3.0936346182,-0.5194475101,0.0145465357,0.4709401970,0.8353698805,-1.6158554205,-1.2061911649,-0.0012952848,0.8026992595,-0.9226503687,-0.4745695132,0.7128156333,0.6084490433,-0.2001721922,-1.4298880903,-0.0796348628
592,2.2894751075,-1.6482682773,-0.8991346876,0.4288245250,0.6235406530,0.8823504813,0.1365053995,-0.3869263992,0.0209559089,2.7011359085,0.6774165843,-1.1112888068,-1.3930371808,1.3258426233,-0.2661200902,1.5299504099
593,0.1400622637,0.5220492887,0.7557404154,-0.1674788859,-0.0738069124,-1.8857671573,0.1307795992,-0.4077744270,-0.8926712408,-0.8875859440,0.7449383987,-0.4492351331,-1.3000081575,-0.3167422765,1.3275289539,-0.4890051528
594,2.1032405707,-1.2233298419,-0.4555406960,0.8197238194,0.0178112261,-0.3379895680,-1.3390258958,-1.0994027704,-1.3517383170,-1.6225614807,-0.2000157283,1.1939736319,-1.4594020972,0.1766473479,0.3287678710,0.1508098238
595,0.4197399358,1.0349992813,-0.2315220998,-0.5779206136,-0.9078583943,0.3075928385,0.7998134789,-0.8462204904,-1.1753450897,0.2623697243,-0.4288007580,0.7608578623,-0.0969390184,0.6277379274,-0.7738902911,-0.4243954901
596,0.5233239795,-0.3772763239,0.1314119358,1.1988407393,-0.0707056956,0.9254237920,0.4214137912,-2.3697919884,-0.8002247001,-0.1320571397,0.8574289329,-1.5177888566,0.9857302376,-0.9751346643,-0.6816161461,-1.1517964745
597,0.5436907585,2.0358173497,-0.2134491729,-0.3268278263,0.1332930406,0.0548393097,0.4189731141,-0.9191114699,2.0059838570,0.0491986913,0.8443026806,0.0849785584,0.5599901225,-1.2562731435,-0.1711647941,-0.5943004981
598,2.3410696875,-0.0452213584,-0.7974085198,-0.5163070672,-0.4095066605,1.9281441726,2.0906506813,0.0114623704,0.6246075890,-0.9781582017,-0.5471548421,0.0631449753,2.2187028950,0.3154920735,0.1555701490,-0.4550903910
599,0.5260097915,0.1893278251,-0.5221117795,1.8665856146,-1.3642008453,3.2377264589,1.1733423569,-0.2689461839,-1.0908786252,-0.3788217582,0.6153715885,0.2266092563,1.5039678426,0.6471823283,-0.0194095009,-2.0076769381
