step,target,strong_1,strong_2,strong_3,medium_1,medium_2,medium_3,medium_4,weak_1,weak_2,weak_3,weak_4,noise_1,noise_2,noise_3,noise_4
0,0.1578297565,-1.4823794352,1.0904729916,-0.1586221179,-0.3797902681,0.6472858285,-1.5237006030,-1.4246593806,0.8866728909,-0.2746395491,1.4648083426,0.6610588635,0.3183087327,1.1936321533,-1.0537739464,1.7858226227
1,-1.3175604516,-1.0062691451,1.0978499306,-0.0193430747,1.7888458861,-0.5018504731,-0.7287170892,0.7439701771,0.5656343751,1.5827797633,0.4728950910,0.2555499400,0.1952429474,1.2455714008,-0.6207342550,0.6808200767
2,-1.4455303310,1.5991360553,1.4582897404,1.5853007362,1.3301553430,-0.5496415110,-0.2809333554,0.5537248383,-0.5383223801,-2.1535910887,0.0946389339,-1.1309473169,-0.0911823942,-0.4992920177,0.4128165337,0.7045340320
3,2.3614733591,0.5333836527,0.2568964183,1.6667142317,0.0850707425,0.2919827874,-1.2570857860,-2.0074204331,-0.7393599657,-0.5147347404,1.5173381554,-1.1571363404,1.1720607024,1.4641163802,0.8325953025,0.2587581299
4,2.2246106672,0.3105819830,-0.4835909101,0.2938956883,-0.0677485489,1.1662669028,-1.0392130377,-0.8719164878,0.2782530366,-0.2990643970,-0.2744998932,-0.2228294218,0.1932685414,-2.3550730494,0.7119217026,-0.8488914163
5,1.0338562862,-0.2848632333,0.8747806011,0.2231905268,0.3047156872,-0.5421791765,-2.1636139507,-0.8970537395,2.5813342722,-0.4873876838,-0.2163535240,-1.8277355072,0.0719289749,-0.2147205194,0.5352836123,-0.0611693585
6,0.0743434561,0.1768212881,0.8222926832,-1.1556953460,-1.1397681919,-0.9051561321,-1.4239993174,-0.1676639027,1.2497181511,0.4693813527,0.5776001642,-0.2705224588,0.4165582298,0.3344583013,-0.5914207949,0.0852769239
7,-1.1844457722,-1.3774515732,-0.8398714916,1.1466859879,0.0500313935,0.1725322279,-0.6062869974,-0.9042723735,-0.5001165754,1.0306418257,-0.1594237718,0.3717124599,1.8191460509,-1.4333962226,-0.2030402648,-1.3114395613
8,-0.5428362415,0.4513562840,1.0744583031,0.2358001000,0.0177369628,0.6082786777,2.2706144278,0.7017676813,-0.4020060796,-1.3057149800,-0.1425844585,0.1602951113,-0.0299910935,-1.5752048822,0.9918731511,1.4587413127
9,-0.0582972046,-1.4912361170,0.2064004156,-0.3190033810,-0.2513446437,-0.9200704219,0.4575402407,0.1575556036,1.4319176563,-0.7064912521,0.9672479267,0.6559410447,0.5331220340,-0.1097400361,0.9501440394,-0.5945449697
10,-0.4861925831,1.2225279132,0.2586846532,-0.4770642698,-0.1112905064,-1.1139134707,0.4166176102,1.1320358289,-0.2491308959,0.0650185322,0.1029560557,-0.1845894204,-0.0994797070,-1.5322864636,2.1597385758,-1.1804628203
11,0.8966514247,0.3372262006,0.3318575076,-0.6561326652,-0.3809725889,-1.1073659352,0.3601945111,2.1883316041,-0.5122626456,-1.3801387910,-0.0588111194,-0.6262463079,-0.8476878643,-0.8730981523,0.1199496963,-1.2549125145
12,0.2576667515,-0.0430562211,1.4706551297,1.0224185673,-0.2410698231,-1.8949802981,0.4000693792,0.9799330081,0.1858251094,-1.1993026233,0.2554168596,0.4556582439,-0.1749457024,0.0578375737,1.1832457487,-0.1033083818
13,0.2276181208,-0.4670852237,-1.0665556478,0.1142665761,-0.2909418404,-0.8387334274,1.9950074363,-0.2489058377,-1.1454244249,-1.2636637050,-2.1393832607,0.0495471215,0.6087936541,-1.5679766999,-0.3630139864,-0.8423198428
14,1.0934109459,-0.1308371632,-0.6385524265,0.6893398557,-1.0134635170,1.8783058474,2.3434480742,-0.9879405587,-1.1383521903,-0.3409134242,0.2329509886,1.2118628192,-1.4712131703,-0.0445046193,1.3973522715,0.9536389685
15,0.5564186282,0.5432941740,0.5938112764,2.4275437469,-0.3629310348,-0.4012390703,-1.2678667730,0.3705403289,-0.9595564452,0.5176377246,-0.1413320578,0.6987708794,-0.2127387580,-0.1417208242,0.1680255678,2.7509719724
16,1.2715618520,0.5354812144,0.7893395136,0.0886779648,-0.6507353819,-2.1957188429,0.2443686657,0.1401557924,1.1039306099,0.3777964139,0.8612841759,-0.6562284376,-1.2965588743,-0.8840992045,-0.2177478970,0.1706912935
17,0.2751738418,0.3861405836,-0.0671517235,0.0200089736,-0.6309698173,-0.1505321371,0.7279236191,-0.0910040187,0.5427382572,-1.9143016939,0.3580205789,-1.8503244414,0.1327637661,-0.3922376677,-1.2380129766,-0.3999847962
18,1.7209583518,1.3720923884,-0.2207776730,0.4103556183,0.1519286002,1.2831683736,0.6394448879,0.0486500857,0.2796245096,-0.7255987820,-1.3633183578,0.3922201395,2.1111046140,1.6634824307,-0.4734499336,0.8034208270
19,1.2893232855,-0.2521305327,1.4936689381,0.5621042718,0.1589672777,-0.0608233602,0.4813826983,0.8017708456,1.0550618561,-1.1080311065,-0.7688405434,0.6337921001,0.5566958333,0.9067937571,-1.8644741151,-0.7481699173
20,0.8467252372,0.7301594433,1.3549039944,-0.8565598747,0.5914377515,0.6689508191,0.9947463846,0.0472333332,0.6334173798,0.5503069154,-0.3661496196,-0.8950547120,-0.0960682125,-0.2942332710,0.3213186036,-0.0499909317
21,-1.1108545305,0.6501680217,0.8800296410,0.7653027347,-1.0456680209,1.2919498852,0.3629197617,-0.9175256767,-0.9607676623,1.9917397088,0.9562938178,-2.4759841170,0.4559419936,3.1001639348,0.3282750013,0.8862133365
22,-0.5661788590,-0.4565782799,1.3502145969,0.2469763854,0.1690610686,0.2221679369,0.0962487656,1.0588357580,0.0335794995,0.2970755690,-0.6353586465,1.5510506674,-1.6057828476,-1.0241010844,-0.2039684341,1.4232022643
23,-2.0763022146,-0.8747476261,0.3254358611,-1.8351559876,0.0106524126,0.7883437113,-1.4076465246,-0.1167001063,0.9724558547,0.2215775603,-0.4324978779,0.0708398458,-0.1254937111,-0.9791660041,-0.8074868811,0.5507256849
24,-2.8203388777,2.0553195120,-0.4845042906,-0.9115116686,0.2606516077,0.3332542752,0.8001092227,-0.7926494363,0.2483664808,-0.1295074523,-0.6100751363,-0.8648479394,-1.8054412197,2.3751501193,-1.5583475342,-1.5270853437
25,0.0687295202,0.6015382668,0.1274114099,0.0585491731,-0.4580415770,0.9500408726,-0.5275958231,-1.6130272116,1.1259748468,1.5135563390,1.1622571576,-1.3302554187,-0.3238991018,3.2163248940,-0.8612534008,-0.2034964874
26,0.3621314209,-0.0794167473,-0.2879068669,0.1062969462,-1.0625085688,1.8551973582,-1.2090839873,-0.7477111931,1.4933317483,-0.1622181299,0.4546867663,-0.2381522715,-1.0531405163,-0.3822557409,0.2959952847,-0.5561291412
27,-0.4370863938,-0.4572363584,0.3251287881,-0.6760769504,-0.4531331751,1.0066963804,0.1305342375,-0.1618357253,1.7149478644,-0.1851627423,-1.6690956663,0.4560756786,-0.9276480338,0.0542501410,1.1095234757,0.4183748067
28,-0.9873320431,-0.9756798755,-0.2092607673,-0.6999236674,1.1787165117,-0.0170083295,1.0600804547,1.9454684231,0.3763347871,0.3983363637,-1.1401058576,-1.0562544373,0.4798532789,-0.4463019631,-0.9054764960,0.6427716004
29,-1.7168290272,1.0816632434,0.3399478537,-0.5773610193,1.6090655020,0.1808354456,0.1029650103,1.3819430717,-1.0540426073,-0.1983955545,-0.7602584448,1.2304404768,0.1266736831,-0.4355342893,1.6005845325,-0.5815700271
30,-0.3397584769,1.0292075494,-0.0378490211,-0.5350338239,1.3358032907,0.2529872902,-0.9300315910,-0.2486694001,-0.2131179288,2.2461715688,-0.4630592839,-1.2728439315,-1.1652775884,-0.1770235429,-0.9159019244,0.6612712873
31,-0.6449581382,-0.3871963115,0.7638970369,-1.0596781236,-1.9958142585,0.5616577301,0.1310021705,0.3504358346,0.8981426252,-1.3988066698,0.5192168454,-1.1295056143,0.1446453810,0.2763389616,-0.8738236964,-0.3566895016
32,-2.6941314372,0.9870202870,1.3535602160,0.2256060352,1.0660521666,1.1136249011,0.8430008431,-0.5845879520,0.8195791946,-1.1228414703,0.1698488290,-0.1336911017,2.5724336900,0.6648458703,0.2244391530,-0.4469122161
33,-0.6472237976,-0.2694210156,-0.5264208097,0.9658572305,0.6324948052,1.8610713679,1.6909421993,0.5322981768,0.0191910901,-0.7281065640,0.6750527270,1.7444536190,1.1299319088,0.3497015034,-0.1686079291,0.1999439869
34,0.2531756896,-0.1492136567,1.3446176352,-0.0509528520,-0.3874031541,-0.5416172616,-0.2234754681,-0.1183060200,-1.5171809621,0.4595663884,-0.0891987765,0.9282316553,0.4213702964,0.0559572713,-0.3640053165,-0.9853583629
35,-1.4259772614,1.4311218846,-0.0605439983,-2.3573729284,-0.9853635093,-0.2323207249,0.1393319281,1.3588578909,1.0822783983,1.3447463542,-0.4943582937,-0.4678224925,-1.3415824827,0.7751308824,-0.2487873727,1.4741203888
36,-0.2522484724,1.5813538297,-2.3554902738,-0.6632753552,-2.0135253796,-0.8285594046,0.5697297661,-0.9725852819,-0.3038690344,-0.0709421607,-0.4847639849,-0.3220477520,-0.4613208168,0.1228899645,-0.7694138144,0.6241857226
37,1.9345178660,-0.0071696318,-1.2498810846,-0.5801714042,-1.8638025267,-0.7870691206,0.5419367210,0.6515628335,0.8702683012,-1.0968146711,1.5271890476,-0.0324626164,0.7634410636,1.6164500779,0.6468882830,0.7874112492
38,2.1635620203,0.4794867129,1.2188700318,-0.3967549981,-2.2576388383,0.3933796325,0.5884331225,-1.4163427111,-0.9201538072,0.4962233270,0.3304917389,0.8653380211,-1.2744255844,1.6819790588,0.7354737658,0.9932181022
39,-1.6527210085,-0.8839304932,0.6912043563,-1.3053588664,0.8221484230,1.1063157984,0.1830491353,-0.2329520631,-0.6055405072,-1.1524103795,-1.3124725296,-1.6327180287,-2.8806963999,2.4172080032,-1.2325877912,0.7407949001
40,-2.0475453452,-0.8922767000,-0.1051529376,-0.5035771687,0.0635267714,-0.0024549672,-1.4884863671,0.3125999043,0.2800533657,-0.9221102076,-0.4648147879,-1.3817406282,-2.1418821117,-0.7163638487,-0.7599797812,-1.1488438695
41,-1.7087493116,0.2891402326,0.1710469949,0.3679352355,-0.6497477188,0.9028063791,0.1611048139,-0.5730876603,-0.0271177703,-0.9028808044,-0.3592273954,0.4124469648,-1.4236537533,-2.0792690918,-0.3407127649,-0.5904509475
42,-0.7657662011,0.6137516662,0.4871242835,1.3041391760,2.3341208967,1.5724834408,0.1178755428,-1.2492792026,-0.0468169460,0.1391276057,0.1797706270,1.1015845778,1.5181291090,-0.2177137755,-1.1792423681,-0.8152832443
43,1.3581857737,-0.3487475428,-0.6509218597,-0.1475143626,0.6414118291,-1.0546927627,0.7762044149,-0.3042465875,-0.7111496739,0.1998422960,1.0978055593,1.8511329988,2.5086797090,-2.5325963713,0.4778218841,-0.3805573889
44,0.8027669458,-1.1009737191,0.6569297910,-0.6931423494,0.9425542538,-2.0386387225,-0.0945493369,-0.6485297599,0.2642214931,2.5011255476,-0.3120049486,0.9744518983,1.1884344175,0.4475709611,-1.2835566498,0.1193746544
45,-0.9433948215,0.2813464067,-0.0257861152,-0.3117919434,1.2330729720,1.2643407723,2.1274215003,1.4603968536,0.6832229056,0.2779495804,0.3890530236,0.1590722362,0.1442223856,-0.5681992041,-2.4486024715,-0.8326758945
46,0.1391088401,1.2179175208,-0.2066758776,0.3176693801,-0.1952458346,0.9174715664,1.0794107556,1.3586667516,1.0096445267,-0.7425427540,1.5333845177,-0.4294218040,1.5388743366,1.6686140782,-1.5174773746,-1.4292938463
47,1.1612356840,0.6128191164,-0.3021422938,1.3106889862,-0.6127451568,0.2971388086,1.3814430700,-0.9155275375,0.1783639374,0.5574328746,1.8411407817,0.0897328405,0.3761416307,0.6220569140,-0.8938527952,-0.1233218785
48,2.4421976080,0.0435080155,-2.5599084683,-0.5245364229,-0.7174022952,1.6073526487,0.7639115555,1.3842479101,1.7184571756,1.9565056986,1.5012804264,0.8840887676,1.1411140403,0.1756385461,-0.3885826261,-1.1142428989
49,1.6179889240,-0.3794978060,-0.3004246352,-0.6116189717,0.6726768035,0.3448825165,0.1066771525,0.9111508118,1.5187267677,-0.9666844127,0.9393778958,0.4466646978,2.1149318145,1.0190428296,0.5639853122,0.0415229479
50,0.4395921299,-0.3002889801,0.4620184017,-0.3643979944,0.4862023333,-1.0493817468,-0.3108324351,-1.6730260892,1.2238412274,-0.3949304421,-1.1917086436,-0.9622602834,1.9134051546,-0.2193104719,-0.2203566027,-0.2966200032
51,0.9040436613,0.0195773263,-0.2301532265,0.9321965413,0.5859572013,-0.2204580948,-0.7445688751,0.9931200776,0.8738913990,2.1293593999,-0.6539868967,-1.7671164243,1.4865269483,0.5599944677,-1.0051072448,-1.1791908477
52,1.2648320048,0.1392391309,1.2295058321,1.1829085266,-0.4899950733,0.0351487485,-1.4470655189,1.5080577351,0.9183194535,-0.1673443281,-0.5860652773,-1.3729745794,1.0297466419,1.4044297125,0.1073668378,1.3468673462
53,-0.5935772929,0.9839359226,-0.5834617056,1.7109133802,-0.9757596151,0.2450173334,0.4735182463,0.2746904687,0.3507885750,0.3589718506,-0.8235903710,-0.3315272960,0.2011254394,2.2624418888,0.7782605693,-0.0515679837
54,1.4233567088,0.3197875668,2.8599577054,-1.4757469790,1.2264420958,-1.8113351810,0.1429191651,-0.3857655585,-0.2682064973,-0.1283885115,-1.2947398135,-1.6610595774,-1.4704628949,0.8205962300,-1.4410884490,0.4083986417
55,0.3946077038,-0.6120462703,0.4859917814,-0.0227160743,-1.4061568343,0.6921035614,0.8417067678,1.5922123242,0.0400539212,1.0629593271,-1.6575343901,-0.7044182362,-0.3434450994,1.5315197282,-0.9327342744,0.5919746959
56,-1.6852152822,-1.6137110526,0.0090639601,1.2074084950,-1.5676682314,-0.0657223525,0.9480044859,-0.1048960969,0.3854238528,0.9143862434,-1.3269157485,-0.5036956676,-0.8078648839,-0.2003518690,0.3142091048,1.0811421460
57,-1.2875974213,0.6957261722,-0.4576749991,-1.0867221322,-2.3221021185,-1.2955405923,0.0514447639,-2.4592758643,0.5801453468,0.2167094431,-0.4450138010,-1.1031529237,-0.3581245021,-0.4885926538,0.3599144458,0.4058388026
58,-0.0770210132,0.5241142025,-0.3289124920,1.3340423122,-2.3172171912,-0.2745850973,-0.0118240744,-0.2992127336,1.9113430157,-0.4463798665,2.2546415329,0.8840329707,-0.7200225420,0.8508330977,-0.1470919436,0.6352640330
59,1.4331541488,1.0319975111,0.4234104803,-0.4748887529,-2.5286750691,-0.4800188621,-0.9476594052,-0.1257216344,0.8769450775,-0.3130468088,-0.1218272662,-0.1487165335,2.1370032534,0.5275068278,1.2348358621,0.1244840566
60,-0.5363654776,0.6978356429,-0.3841677894,-0.6366110333,-0.7103835888,1.3082507237,-1.5379780537,-1.0566722513,0.5163433974,0.2636411977,-0.3872234281,0.0161998742,0.3800830373,1.2513292581,-0.9087032153,0.1603324824
61,-0.7840945863,0.1708646907,-1.3340161321,-2.0701462045,0.2739949162,-0.1732563377,-0.1173513100,-0.0824531670,-1.0434888609,0.5971787069,1.4613998496,-0.4860948892,-0.2546574144,0.8627989750,-1.7168132457,0.0221192635
62,0.5680692086,0.7764016077,-0.8911824006,-0.1146790890,-0.5166672226,0.3333972290,1.0314616836,-0.7309825930,-2.3599375214,0.5640115387,2.3067263845,0.6717775829,0.8852505874,-2.9032265728,0.9325199961,1.7850291123
63,1.1538380115,1.9230944066,-1.3919191414,0.7864672729,-1.1762436940,0.6556883457,0.0302940582,-0.5527699584,0.9022885906,1.1944314959,0.0797151120,-0.2748538736,-1.3722040776,-1.3390497388,-0.9512405696,0.0646884553
64,2.4891477287,-1.5060923096,1.0713685847,-0.8265659621,-0.1406406478,0.3284154059,-0.8529429811,1.2551709080,1.7236951908,0.4748206008,-0.6605140389,-1.2857702897,-1.7467562261,0.2146425311,-1.1250260648,-0.0778558203
65,-1.8505256349,-0.4061910171,1.5806889432,0.8930857082,-0.5646759176,0.8361320144,1.7372510457,0.6243034153,-0.1811901902,0.6977884763,0.2154734337,0.7973433605,0.1422603521,-0.5954621909,-0.5965436095,-0.5980877978
66,-1.7684953001,0.1210997579,-0.4301207949,0.3595631069,-1.5956882971,-0.7210341446,1.4089094386,1.4905529160,1.4703432672,1.1837291967,0.8152116101,-0.2969904479,0.4341870974,-1.5269772215,0.2871527961,0.6901690074
67,-0.5850039350,1.3510006113,-0.5818435711,0.1920644266,-0.5129734775,0.0107973228,1.3178152433,1.2661215631,1.0769942324,1.7957604445,0.0654325287,-0.7801630641,-0.1941513267,-0.6070961234,-0.1796555303,-0.1604487764
68,1.5618223133,-0.8005347399,-0.9868457895,-0.1604807987,0.1243906208,-0.6415153288,-1.6208673062,-0.3988646923,0.1645260259,0.5291509321,-1.4091087236,-0.4008741969,-0.6841633860,0.6901484256,0.3071835747,0.4927618232
69,-0.4412758978,-1.2676009190,-0.9114747287,0.7699361638,-1.9618241436,-2.1849806729,-0.9983707611,1.1923719088,-0.1796070520,0.3811498753,-0.5635627121,-0.3698959748,0.9426235307,-1.9945665108,1.0316200369,-0.4174288034
70,-0.7176362120,1.2348700437,1.5008419542,-0.8400374172,-0.6095029379,-1.1302104717,2.4893961417,0.0441349684,-0.7097735187,-0.8965268815,0.8390963821,0.7874832801,1.1693643329,-0.3541910096,0.5782267347,-1.1840517538
71,0.0749381413,1.5706922568,-0.2752104454,-1.4974121244,-1.0453653162,0.0823007349,0.7488389372,-2.3073885820,1.1855967404,0.4562966144,-1.0767055973,-0.0171081316,-1.4397527291,0.1258406240,-2.2766012413,-0.3363341843
72,1.3107395412,-0.5969015578,-1.5270922891,0.2123359752,-0.1495869445,-0.8698316510,-0.6196833274,-0.0253261965,0.7254990710,-0.1966402630,-0.1321927521,-1.0287692235,0.7501226886,-1.2699293011,-0.1662522038,-1.1644192695
73,1.7278613192,-0.0797058708,0.8765104762,-0.9918741526,-0.2424658230,-0.4094407037,1.7896929831,-1.7778085314,-0.3493012994,0.0954464172,0.9018960876,-1.3902476230,0.5443885387,0.6437331309,-0.2900713226,-0.2468685374
74,1.4969634506,-1.0875184230,-0.6982219748,-1.5687973113,-0.1604113792,-0.4039613446,-0.3350632553,-0.5079946569,-0.2116131709,0.3382708512,-0.3693158793,0.8176403917,0.6887967738,-0.3205637368,-0.3582104105,0.3062335432
75,-0.3928138022,-1.1570788269,0.1354903569,-0.9784760062,2.3337268138,-0.6689798618,-1.2995532307,0.8873228765,-0.8614578416,-1.9809217637,0.3073568302,1.4080677769,0.5939711272,0.8381147958,-0.4902078549,0.3164896713
76,-1.8018154111,0.6688165169,1.3602453696,0.5768334108,2.9573505054,0.0139769219,0.0263274698,3.2379751352,0.6401060581,0.5490163912,-0.2615742577,1.2560139194,0.7498015687,1.1198843807,1.4598527045,1.0231688397
77,-0.6849694037,0.7962016574,-0.1914112810,-1.2103202703,1.6938726543,-2.1348130203,0.8075659442,1.6938236284,0.0640198464,-0.2551218978,0.7077917007,-0.6439347098,0.6473033423,0.0103868710,3.4698015666,1.3009247577
78,1.0305637098,0.4477074096,1.6402909367,-1.1347022351,-0.3584909353,-0.6690071610,-0.0947990579,0.3311938983,2.5658210300,-0.0984362427,0.7974257808,0.8233967268,-0.2282482478,0.4515741663,3.1527173672,1.2891240150
79,-0.3572284097,-0.6086702689,-0.6285538540,2.7573958620,-0.4620088923,0.5409673004,1.0705938436,0.0303501783,-0.3188384023,-0.8862734872,-1.5676799043,-1.5151640130,-0.9398978521,1.5346569036,0.5151854357,1.9623349918
80,1.1578676767,0.3366263719,-0.4892634857,-0.4709269267,2.5590770672,-2.0914953963,0.2971952457,-0.6795779766,0.5362901598,0.1247024642,-1.2084578486,0.8732349776,-1.0885679999,0.9737920833,-0.3724526489,-0.0786620228
81,2.8791947562,-0.1967988999,-0.9935871735,-1.1569403017,2.7271830860,-3.0124577944,-1.2721074644,1.5710231243,0.7941951008,1.1326943166,-0.8837687692,1.9195962871,1.2375186890,1.9809662825,0.8620175240,0.0804090710
82,2.0045900217,-0.0201959408,0.1846678262,-1.5935393504,-0.3002380208,0.3091946729,-1.1407793400,0.8799550081,0.3142120554,1.5556247368,-0.1335016954,-0.8346906495,0.7333333805,1.9563064931,-0.2126178342,-1.3056777615
83,-1.2615358283,-0.0720648319,-0.0050440044,0.5177716308,-1.6400395706,-0.8435760916,-1.3744353133,0.0783501686,1.0011266432,-0.2192910760,0.5440959096,0.5882118265,0.0388338052,0.3994296383,-0.8020557508,2.0340707732
84,-1.1128270457,0.5801572057,0.3509634630,0.3269815875,0.5401136256,0.5015254279,0.6018365148,-1.5524643803,-0.9815350685,0.8582183426,-0.0834188747,0.0052378801,-0.2329172317,-0.9147720252,-1.6486573719,1.1100649388
85,-0.0458148840,0.8995231672,-0.2592036214,-0.6201467015,0.4198351013,0.1235772355,0.0726896721,0.3579624953,-0.7702408596,0.4526197837,-0.4870929474,1.1121375542,-1.1184959090,-1.6836433742,0.0867153518,-0.1918112458
86,0.0244579316,0.6646889661,-0.2435148318,0.4007896615,0.6029342789,1.0904263826,-0.4565507097,-1.1032784604,-0.1131381019,0.3548221572,2.7610512863,-1.2364998697,-0.8412122105,-0.6725807676,0.1145842587,-2.5826343242
87,1.3248129619,1.5907364901,-0.8841579600,0.8673585916,-0.1167634744,1.3030974732,0.6834880822,0.0030589958,1.1287485568,1.4882286603,0.1847414861,-1.7132852788,-0.6561915253,-0.4080392889,0.5896099762,0.1188821252
88,2.9639718680,0.8377106968,1.5302295455,0.1723641355,0.8018040185,0.3659586635,-0.1017639214,1.7841310410,0.0192748663,0.5512888150,-0.6309989660,0.0147639520,-1.9711137186,2.4333384704,-1.3359493885,-2.0386057486
89,-0.4765125858,0.4664476626,0.1892987842,0.9000842632,-0.0686420989,-1.4918256443,-1.7285359410,-0.6125056252,-0.6901773244,-0.3115651222,1.2174563715,2.0455288013,0.4778328374,0.8569384043,1.0792297850,-1.1706877156
90,1.3922821691,2.1432934539,0.4520166373,0.1551523833,1.3700534766,-0.8603201112,-2.4897485400,-0.7864174340,2.9454897775,1.6672487899,0.4530653088,1.1754731470,0.0815870146,-1.0946459033,1.2302290292,-0.8891040434
91,1.6106855158,0.3493739800,1.7001280722,-0.5004269422,0.0533286175,0.5452767573,-1.2423001957,0.8607569723,0.3275412182,0.8625244350,-1.0825403569,0.8264425515,-0.6776746635,0.2589215652,-1.6149322014,-0.8348787401
92,-1.8204427902,0.0584647804,-0.1019669034,0.2622617620,1.9309489600,2.0499324032,-0.1950457020,1.8463446668,-2.2451691817,-0.6921669793,-0.4833272798,0.4797197673,-0.9587532289,0.3212288596,0.4654859728,-1.5382206729
93,-1.1284852998,-0.8855262339,0.9709361989,-0.2090331607,-0.7493936709,1.0954893956,3.4927460253,0.8831585958,-1.0305727529,-1.2937287611,0.2791217881,0.3811478742,1.2112544953,1.7171531163,-0.9710406106,0.3322988325
94,-1.0292382581,-0.8936742846,0.9616633500,-0.1236535517,-0.8607493616,-1.3822896686,1.9836690676,-0.5048121792,-1.9189535339,1.0860816428,0.0245555701,1.1033535783,0.1963464208,0.4112768834,0.2177278500,2.2574618089
95,-1.1057816609,0.1790828316,0.5763851307,0.9120861883,1.0050334637,0.2941543669,-0.5459731630,-0.9465997508,-0.8239761223,1.4831485782,0.2941005448,-0.5598871681,0.9414935861,1.7855853968,0.6113155636,0.7463282356
96,0.1669190297,-0.5543943668,-0.2482941640,0.1181238016,-0.3253552649,-1.3167811260,-1.4297944242,-1.7267556128,-0.0119282213,-0.8506814013,1.0255010563,0.6056331569,0.8605446068,0.1256340843,0.2910562796,-1.0003477311
97,0.0714748079,0.1718293804,-1.3413423005,1.7622851997,-0.1059148742,-0.1902766809,-0.0571199643,-0.5458572076,1.2919582530,-1.2550880927,0.8390101146,-0.2354785036,-0.2242519797,1.8376606261,-0.4746733574,0.4745833706
98,3.7955470035,0.8418791266,-1.0782235644,-0.0538306879,-1.4936478444,-1.1828789484,1.5811332368,-0.2004453432,-0.8747383129,-0.9319874137,0.7410670833,-1.4613857197,-0.2334962693,0.3330507426,0.9801420410,-0.1850611487
99,3.1519915890,-1.8982587644,0.4747239323,-0.1190573821,-1.9077053651,-0.5852220776,-0.1780909818,0.8586143542,-1.1254846517,0.7387232374,-1.0417480650,0.7641718678,-1.1033806104,0.8352439500,0.4460504377,0.2418431209
100,-1.9066440358,-0.3010783033,1.7844928639,0.3497048273,-2.1383643592,-0.1291919793,-0.8403408347,0.6986020712,-1.2801714195,0.1599126564,-1.2085913149,1.1364239625,0.1066675921,0.2689692126,-0.2376085616,-0.3245168660
101,-4.4526016170,-0.9664306919,0.0051389436,1.2456072726,-0.3206492550,-0.1147684633,-0.6687605949,1.2307434095,0.6843610537,0.7879657171,0.1016747208,1.8425534154,-0.9998204184,-0.6231374503,1.2683373122,0.6847166478
102,-2.5530864469,0.5112435154,0.2110361971,2.1550524702,0.0222815763,-0.1011753671,-0.4770361795,3.2477849299,-0.5166708276,0.5837252379,1.2053849130,1.1891964695,0.2630261401,1.2196336526,0.8115495620,1.1336951132
103,-0.2513680369,-0.2387551537,0.9371511479,-0.4598210147,-1.1557269334,1.7878981990,0.3160879695,2.1975848030,-0.9399364486,-0.2960739187,-0.3025089190,-0.0635631774,-0.4065049476,0.4670900089,-0.1420912865,0.6182654201
104,-3.1371714918,-1.0903643595,-0.5943399026,-0.9188959224,-0.4274150572,1.4736689052,-0.6160302142,0.3214193170,0.6725475458,1.1827795864,-0.0508211176,1.0739211240,-0.3459106518,-1.1350619528,0.0208097475,-1.7160548413
105,-2.6513367385,-1.7960947802,0.0295271583,0.5055618767,0.7340321602,1.0073675483,-0.6462406368,-1.7272230431,1.2255761498,-0.5899923615,-0.7133684340,0.3328033936,-0.7328701772,0.0298510091,0.2263307312,0.0742932718
106,-1.4464832025,0.4547031425,0.8639434767,0.0302375611,1.6604276287,1.7485269250,0.0959304396,0.2104725871,0.4828169910,-0.0890752056,1.9272161112,-1.3745256073,-1.1669283424,0.0953139733,0.8822314733,-1.3429849998
107,0.2812389381,-0.4276830603,-0.0759355667,-0.0969880054,0.4256160931,0.3563441007,-0.0293390574,-0.6695328157,1.0363457735,-1.2530423442,-0.3932770368,0.1755188605,-0.2004680096,-1.4667741161,-0.6699340314,-0.2159819806
108,0.0034258944,-0.8549782672,0.1670734585,0.8855130986,0.6237039508,-0.0421458916,0.0096775953,0.4018267223,1.3715836563,0.1659370750,0.8256326805,1.7536302028,-1.1336732645,-0.9489177015,0.5808776571,-0.9044338933
109,-0.2329123393,1.3514147940,0.2224392388,0.2706149673,0.8472520651,0.3881437373,-0.0734825903,-1.5880901646,0.2382905844,-1.2233771006,1.8417930520,0.5293814320,1.4890661822,0.2397997278,-0.2296404839,-1.8268141049
110,2.7393836195,0.6092918028,2.0918335074,0.0756981163,0.0524135371,-0.6688281202,0.0974650312,-0.1501299225,-0.7332847965,-0.8995122731,-1.3505950133,-1.0771842979,-0.5045606353,1.4627976893,-0.4213382646,1.6358499228
111,-0.3991586362,-1.4241748205,-0.0395521273,-0.6032208248,1.3858459708,0.8619797855,0.6679348618,-0.5251742150,0.7985000914,0.8377342530,0.8744219084,0.3670351177,-0.1514209592,0.9924980549,-0.6623005523,3.1450030394
112,-0.9559603882,-1.4515892706,-0.7611266537,-0.9189629568,-0.9051703735,0.7636389761,-1.4158205916,-1.2281262742,-0.4915076816,1.4273244226,-0.1140388674,1.2722830193,-2.6053806308,-1.3540081456,1.7884974009,1.2165458925
113,-2.6556801607,-0.7407586962,0.6465389694,-1.2337257610,-0.9579107605,-0.5798580866,-0.1686932529,-1.7478712387,-0.7797037260,0.6725071402,-0.0794488680,-0.3340013744,0.5349237562,-0.4192796481,-1.2777538397,-1.5513619020
114,-2.6129587882,-0.2706508246,0.8010027615,-1.1902145009,-0.0687875715,-0.0006807601,-0.6134242000,-1.9318984593,0.6195594173,0.5973390281,-1.1729756857,-1.0752453301,0.2645515782,0.2121766873,0.3898688654,0.5635129347
115,-1.6945228061,-0.6282995569,1.0944942705,0.0444337111,-0.9065501726,0.3923339802,-0.2284534520,-1.6266394981,-0.1265195081,-0.8858200027,-0.7197800879,0.9737519651,1.4802094276,0.6579357569,0.8765720600,-0.7236831008
116,-1.1937197263,-0.3589661553,1.8353137770,-0.0308900060,0.5339412997,-0.0770218444,-0.0851705316,-0.7742214731,0.9643574992,0.2265026288,-1.0406426354,0.8619146895,-0.0066233260,0.4213071467,0.2182895735,-1.7813091198
117,-1.1915766806,-1.2517867376,-0.6737414597,-0.1660946156,2.1888531634,-1.4738766137,0.5119574313,0.0346334155,-0.4784576888,0.5302865892,-1.5261339829,1.5989057361,0.9656339054,1.1289087670,0.1663355091,-0.8934206165
118,1.2118080262,0.4414875805,0.3339511013,1.2609303846,1.1449984807,1.1840229684,0.4336439755,0.2241570234,0.5625883556,1.5154147610,-1.8071705750,-0.6448247821,0.8984712971,1.0996830111,1.4425425440,-1.2224135688
119,1.1041172567,-0.6267793358,-0.5108570341,0.6161895021,0.5426563983,0.1689739690,-1.6531416805,-0.2015216098,-1.8796753984,1.5817494141,-0.0366042340,-0.4615004016,0.2564796762,0.9363929597,-0.0833035900,1.1388395249
120,-0.9210962911,-2.1425944565,-1.8390669274,-0.4639625831,0.5743276229,-0.0416459596,-0.3701290732,0.0975514111,-0.5864794409,0.2717390819,0.2854723128,0.5286725113,0.5540342842,0.6562399506,0.0505136717,0.8338707537
121,-0.6574853259,1.0237007040,0.9091443364,-1.2214971001,0.7873144036,0.0713989528,-0.7455466315,0.7441426425,-0.2773547970,0.8479423298,-1.3580353987,-1.2042438507,-0.2996232767,0.0257705634,1.7724251494,0.8730654356
122,-1.6319428431,-1.9018769000,0.6178157358,-0.6050100686,-0.1454557292,0.3241089433,0.7447071653,0.6603238695,0.1908021580,-1.0946749473,0.7767297132,-0.4587666440,-1.3597707379,-0.9269749947,2.5927305066,0.9846738684
123,-1.7966895678,1.2035977398,-1.1678610137,-0.3521251387,-1.2074661662,-0.8454601903,1.0675648099,1.1517459523,-0.5656560980,-1.5974332824,0.0499796224,-0.4428153310,-1.8858792590,-0.2855382324,1.3330890984,0.8052866585
124,1.8230659256,0.7678938428,-1.9678761231,0.3929148436,0.9657290596,-0.0675417754,-1.0989144437,-0.0620725271,0.7787764101,0.5316297030,1.0847543743,-1.1020800895,-1.1984441101,0.9405317940,0.1597885608,1.3322998191
125,3.4610657819,0.0139112721,-0.2571113032,0.5969144964,-0.3410245058,-1.1944156466,-0.8913404533,0.5584735130,1.3934150082,1.0343716846,-0.0452286838,0.1133008166,-1.2414524430,0.4558853601,-0.2815755816,0.1532729153
126,1.5229528977,-0.4528274823,-1.0246296204,0.5289780535,1.2796290969,-0.8323807749,-0.8485464805,1.8504196060,-0.3140951528,0.2483062730,-0.6901082875,0.0691450095,0.3875899399,1.9073697195,-0.4898785143,0.2328809759
127,0.5176674369,1.9441366514,-1.0096914350,0.3371015326,-0.0778079393,0.4370775510,-0.3202623624,-1.3246781837,-0.1906872486,1.0866982179,-0.7687097009,-1.2020595874,0.8506063882,-1.2341228582,-2.1261180469,1.4985901122
128,2.4590777327,-0.0510442999,-0.6317645802,-0.7845308855,0.3227508125,0.3217281777,-0.3634549608,-0.7850980371,0.1696074912,-0.2783004183,-0.4094859117,0.4558503159,0.5838171759,-0.6432606553,0.0493133975,1.8914639333
129,0.5705965657,-0.1141138747,-0.1559867548,0.1081743583,0.0504176534,0.2643230521,0.6941542051,-1.0570109517,1.0391286959,0.1923978550,0.8518408575,0.2109971726,1.0152790611,1.6955589862,-0.8432348757,1.6209049771
130,1.5723499545,-1.0728956386,-0.6056035477,-1.2151336436,-0.8831616737,-0.3664832181,-1.9261507758,-0.9137325404,-0.6983125542,0.1805165263,0.2010557356,1.3853558242,-0.1965344707,1.2663283198,0.6052058635,0.0120820468
131,-1.6772924623,1.0728113037,0.2231372860,0.3242999041,0.3127841886,0.7160961985,0.3623879944,1.2542310118,-0.3479650827,-0.4054353956,-0.1800974767,-0.9018851553,-1.1490025402,0.1370077230,0.4177447297,0.4782874622
132,0.0816087386,-0.0532528775,0.0023512489,0.1659174631,-0.4671679593,-0.4086359916,0.4886080885,1.2697181322,0.7511791282,-1.6299736242,-1.2984267161,0.3470854552,-0.7553285247,0.5955248506,-1.2832048402,-2.6728206402
133,-0.6603610706,0.6090834937,1.5558160809,-0.5540423732,-1.4272020294,-2.8727453695,0.3273667982,2.1120529550,-0.3856283553,-0.8032667342,-1.9168123232,0.0371288553,0.5359900870,0.2055923278,-0.9112132753,-1.2897968053
134,-2.1250927784,0.1690181530,0.0557876082,0.3112110459,0.7473398070,0.6194773076,0.6642166348,1.3676511147,0.6240343289,-1.6981197737,-1.2439398053,0.6128662801,1.0001418778,0.0761285439,-2.7494126189,-1.1398838906
135,0.3456591672,0.7789978623,-1.1107132400,-0.0245916992,1.2924772652,1.3763599274,1.3263566330,0.9754227570,-1.2305938108,-2.8485004508,-0.0622741091,-0.3758621585,0.1093879200,0.2949054080,-0.0961036066,-0.6558874637
136,2.6023043818,0.0245872617,-0.1021392677,-2.1206484882,0.4665799618,0.0931887742,-0.4853326514,0.9471068473,-1.7388608205,-2.1058042601,-0.6310847468,1.6680359397,-1.1271504400,1.4275429613,-0.7927350877,0.1411538464
137,-0.7290427809,-0.0047808911,-0.5802005006,-1.1872998626,0.8286878415,-0.0805172927,0.0725129442,1.7446389827,0.1520429506,-1.0232649648,0.2854822874,-0.4835115076,-0.2213000893,0.2054155523,-1.0274011241,-0.9485866841
138,-0.1466251246,-0.1585703152,-0.5637350602,1.1155993111,2.7320959037,0.6018629945,0.6546394271,0.0468629847,-0.5062312917,0.1112952287,1.2173889031,1.7805517585,-0.7967975379,-0.2491564116,-2.2689466111,-1.0778749727
139,1.5700689916,-0.9189010424,2.4334593626,2.4067866746,0.1961823789,1.5096980543,-1.3269100515,-1.1732607502,0.2075179114,-0.9781341262,0.2224489610,0.3017802903,-0.5662912286,1.3284518380,1.0275631369,-0.7256141490
140,-0.4015089254,-1.9695996369,1.9964840127,1.5588859657,0.3517648352,-0.8281990701,-1.3740239833,0.1223304073,1.1311032195,0.3686824259,-0.0549076740,-0.6576263418,1.1589948315,-1.2329236590,0.5856871170,0.4357344089
141,-1.5976755800,-0.3246920847,1.1685787369,1.1482643139,1.5368679285,-2.3143220838,0.8997945713,0.0639552657,0.1653257166,1.9822914196,0.1795987592,0.7675782917,-0.1024875157,-1.2258037989,0.2379413870,0.2814147753
142,0.1355439981,1.2511569701,-0.7342768939,1.0525849970,0.4181088318,0.9362549272,0.0363684416,-0.2441670897,-0.5082319141,1.1754997613,0.6891009093,-0.8022745196,0.6204406905,-0.0493199081,-3.0742945602,-0.3603453660
143,2.2347960702,1.7495759573,0.7175845087,-1.8995735914,-0.8602066758,-1.1653385895,0.5700341130,0.1247227947,-0.9194584427,-0.5520379896,-0.5633742857,-1.7983782836,-0.6576977264,-0.1956817283,1.1448547213,-0.5329089258
144,1.1090520138,1.2259851439,0.1141305722,-1.6129563648,0.2227096303,-0.0676940411,0.6240857945,0.0681200233,-0.2369358363,0.7888643175,0.6260624237,-0.7814138645,0.5100105110,-0.9056879084,1.0588151715,0.7979089928
145,0.7604866288,-1.3003420999,1.2022222113,-0.2787140625,1.7270763513,1.4938726033,0.3912739577,-1.3507606984,0.9166533581,0.6200826458,-1.1836897497,0.3449367312,1.5585404152,0.4561537981,1.8761669712,1.3644725915
146,-0.8095955844,0.1073462704,-0.4984021378,0.6446908157,-0.7466790955,-1.1898258277,-0.5491604088,-1.3107944620,0.2966591358,1.6781564185,1.6132922740,0.5267337824,-0.5927239616,-0.6433626925,1.7187191432,-1.0072472950
147,1.2898856749,-1.1027429100,-0.2724914434,-0.7382018042,-0.6782862240,-2.5102593586,-0.0153546391,0.1059613411,0.3115512552,-0.3962545731,0.0513299553,-0.9815096825,-1.2343082217,-0.7653690257,1.4563934616,-1.9922232255
148,0.5275619482,-0.7995596591,1.1708498631,-1.5677072230,0.3018781775,-1.0856736591,-0.3319488230,0.3612291802,1.4876447331,0.7837073476,0.2266524556,-2.1780646439,0.1909507762,-0.5015045726,-0.1337617324,-0.2714144413
149,-1.3675970898,-1.3325965204,-0.6373705951,0.8199027098,0.3290253508,-0.1048239736,-0.7404145859,-1.3113825468,0.6321564688,0.5589191095,-1.1133806807,-1.7654328727,-0.7779374732,-1.6822307798,1.5899700843,-2.7293904052
150,-1.0919547998,-0.8045809986,-0.1471864753,-0.9787158038,-0.5327171009,-0.3432808000,-0.0101426390,0.4195427485,0.8059319985,2.1868060626,0.0364631948,-1.4815937004,0.3815033039,-0.2564796071,0.7498239283,-0.7416803138
151,-2.0849770993,1.0253254283,0.8601825366,-0.6008598940,0.0150450338,0.9092415388,-0.7404045632,-1.7099555601,-0.4003155697,0.9491507334,1.3531390447,-0.3533287417,0.6113299063,-0.4832438366,-1.5637326311,-0.2930809844
152,-0.7016597181,0.7807206255,0.4370213034,-0.2996571627,0.7260178994,-0.4726373562,0.8841570795,-0.2492193405,0.5494188654,0.3873597957,0.0010718661,-1.0558736012,-0.2139234776,-1.6895756837,0.2802543546,-1.2173810226
153,0.9695896383,-0.7208436068,1.0502082445,0.5368426285,0.6454450242,0.0621857137,0.6932798678,-0.1807692046,-1.2851338809,-0.1620237428,-1.4899029202,-2.1167216384,-0.3317443973,0.9577961229,-0.0059749303,-1.4604830928
154,-0.6269585632,-0.2706329192,-1.0582595641,0.8451632266,-0.3225599660,-0.4157612840,0.7971687364,-0.6720974678,0.0118736277,1.3855982408,-1.2526885833,0.1299680890,-0.5369317059,1.1108567479,-1.5352431263,-0.9769612588
155,0.8901064277,-0.2833256196,1.9099612092,-0.1631505988,-0.2710419712,-1.1215540141,-0.7579074224,-0.0244462525,-0.2825505837,0.4830938963,-0.6544215805,2.2791729070,0.3905494939,-1.3902723282,-2.0756914444,-0.4266944445
156,-1.8834231093,-0.3274186286,-0.9042623513,0.5104249007,-0.8350609775,-0.4469093319,0.3072315525,0.4648323877,0.1751718173,1.0692669247,1.0545506304,1.0193583270,-2.0461244642,1.8227524976,-1.9497276945,-1.5204759090
157,0.6411361278,1.4341796590,-1.0468138092,-0.0130293369,-1.4433090999,-0.3647448516,-0.6063994865,0.1506458315,-0.4814824763,0.4739813328,-0.4637557803,0.4328790344,-2.0799250397,1.7203046930,0.2883174760,1.5255107245
158,0.3960236942,-0.6141343332,-0.9809708634,0.5055080151,-0.9703815622,1.3192257222,-1.0324429083,0.4284742408,-0.5299022269,0.9084775390,0.1515492930,0.2216209621,-0.8086905690,0.4914100572,-1.6980837781,1.1126033373
159,-0.7667421311,0.7089983106,0.0578685153,0.1655301740,0.1425180261,0.7831191505,-0.2448631093,1.1106810896,-0.3267719064,2.6309509300,-1.7457686628,0.7639945931,-0.4231894534,0.9944150758,-2.3164344409,-0.7056600529
160,-1.3961347454,-1.4730889443,-0.2853561070,0.6433388699,1.1564710192,0.0748171688,0.0867299248,-1.3313667941,0.1919707699,-0.0424905812,-0.6031540514,-1.7772633451,0.9350051238,0.3691276638,0.1639138642,-0.4610722837
161,0.6776923389,0.1039516943,-0.4021494333,0.9533013875,-2.1006129042,-1.5752279048,-0.3668316379,-2.2045365158,-0.8405206879,0.8579492528,0.3203632046,-0.2405994062,-2.0695230848,-1.4899948226,-0.9571181836,-1.2857276339
162,0.2632227634,1.9839490391,1.8489430449,-0.8702449112,-2.0527474937,-0.2235263899,-0.7687873865,0.6259405097,-0.0008083446,-0.1235837185,-1.8743548344,-1.0997081920,-2.1631136172,-1.4310398995,-1.4108251455,-0.5926876606
163,-1.7518751489,-0.4374520260,-1.1720916441,-0.2283535578,0.9458167759,-2.3975552671,0.8905151931,1.4540468455,-0.7787203281,-2.1779798623,-1.6669474494,1.1620494353,0.7340616340,-2.1123246590,0.6172578563,1.1344663026
164,0.4341127336,0.3794004004,1.1718479351,-1.1303726517,0.2768974723,0.8740586329,0.4864312499,-1.0287715558,0.3066011599,-0.8673287803,-1.3109547744,-0.6010338237,0.0072503452,-2.7790845284,2.4485513438,1.9577105600
165,0.4221219449,-1.5452152334,-0.1670759316,2.4413357794,-0.8458853209,1.6264277786,0.8580801684,-1.1543586105,0.3432959294,-1.9628284222,-1.0133118269,1.0392970889,-0.7553653863,-1.6919033538,2.2187664470,0.3581195001
166,0.6018594600,2.5870356034,-0.9867472481,0.9989359195,-1.5437669275,1.8080925050,0.2561503201,0.5612844114,0.8840487365,0.0266684513,0.0115921311,-0.3181852711,1.2853908403,0.1540474760,0.2467913839,1.3974350896
167,1.9814417081,1.0330740062,-0.5234001767,-1.7989681627,-0.1917318355,-0.7027920806,0.6445426452,0.8414581766,-0.6204746989,0.5812970757,0.2310558911,-0.3685802529,-1.1080846515,-0.7890939061,0.6674674324,-2.1765239565
168,1.1215099255,-0.8155025944,1.0130580826,-1.9007457890,1.3474816292,0.5671667822,2.0740437118,0.6930719655,-0.6323122743,0.7900928838,-1.1198757202,0.4919365859,-0.6553001199,-0.9737725246,-0.9461601930,-0.0032728306
169,-2.2415130379,-1.5251580013,-0.5998661409,-0.9548320782,1.0276638445,-0.1301930298,0.7613822729,0.9294447056,0.9791489367,0.8285246480,-0.6759219061,-1.4880342969,-0.6672031329,-1.3579837182,-0.8923747208,-1.6257298271
170,-1.6921871994,-1.1995620186,-2.0414391028,-0.5052576180,0.8085480064,1.8282070811,0.7408971466,0.4665467043,2.7451248685,0.1905523620,0.4302517678,0.5425301074,-0.4859437953,-1.8816972777,-1.4009731381,1.2396123036
171,-0.2334374365,0.7035956102,0.3052522319,2.0686452414,-0.7138439273,1.1483960731,-0.4369235578,1.2158908548,0.3670165291,-0.5531441358,-0.0971733597,-0.2903120398,0.8593853314,-0.2650717355,-0.6638000851,-1.7801588802
172,0.0783955730,0.7732663282,0.7641997315,0.7544847801,-1.3320186845,0.9810848648,-2.3158827166,0.0137767165,-0.5430570446,1.4085544467,-1.1715473554,0.5992324154,-2.9574859056,-0.9091740044,1.6994617473,-0.0564471948
173,-1.4368532752,0.3155645881,-1.7510910376,-0.3590288355,-0.4631358572,1.6763217184,-0.4629759195,0.0071117400,0.5681541850,1.7887819992,0.9888274436,1.3868144529,-0.7478585887,0.8418076293,1.0879134336,-0.2877934932
174,-1.0735522736,-0.8987333250,-0.5467038646,0.3667114123,0.1048268546,0.9604342430,-0.6391286222,-0.6882168538,-0.0433556154,-1.2427087170,-0.3429468018,0.3535007923,-1.0360757573,1.0651527945,0.0331244154,0.6219877070
175,-0.4444363111,-0.9166822608,-0.3035761191,0.3875097819,-1.6502029981,0.0811469847,0.0489148275,0.4632574539,1.6002330923,-0.2196836620,2.7470816023,0.7056008777,-0.2938062982,0.9368800308,-0.3377377393,1.9280550787
176,-0.0023251884,0.9121668583,-0.3814859784,0.3950975833,-0.2318014405,-0.6710106040,-0.5777524963,-0.3083625112,1.9098556310,0.8528169295,0.3795374880,-0.2871677577,-0.7924947289,-0.7267956082,0.9897121869,-0.1687990733
177,2.0916883511,-0.1597216771,0.2734730498,0.0134780333,0.3778653053,0.0110850242,0.3496687800,-1.5539715914,0.8612436615,0.3496500929,0.0368096253,-0.0315377450,-0.0779098416,1.2860754654,0.7849665317,1.3854154592
178,1.2581333470,0.5019850017,0.5456067577,1.2069399403,-1.9367530970,-0.4619960186,0.6712042939,-1.3405975940,1.1447513368,0.0392761088,-0.7323441271,0.5203089568,-0.4510946007,1.7035665908,0.4340784582,-0.4372126379
179,1.3162904739,1.3040680853,-0.0994800373,-0.0942327691,-1.1752354947,-0.6988180682,0.8708329672,-0.1409937629,0.3049027180,0.0865736788,-1.3656743658,-0.8170203851,-0.7577809794,-0.8047640925,0.3463096019,-1.2909062167
180,0.8004117969,-1.3790214014,-0.1412380044,-1.5899919052,0.5757358651,-0.0709541453,1.6759491596,-1.4982490024,-0.6352851623,-0.7052635838,-1.5937573331,-1.1489386428,0.4251634061,-0.2568748095,1.8456389595,-0.1842981342
181,-0.5044718428,0.8970788875,1.7684210645,-1.1383047333,0.6505474780,1.2027287575,0.4696044848,2.0049480909,-2.6279764624,-1.5607704195,-1.1369993775,-1.0946246204,-1.0400590334,1.2795095084,0.5374138094,0.0269252163
182,-1.6048806219,0.9660959008,-0.0560275650,-1.8516289298,-0.0886065741,-0.7175800195,-2.1059972247,1.1181994892,-1.8538569100,-1.7873433176,-0.0816019185,-2.9194776402,0.6152706482,0.8136727382,0.3209226711,0.8793504325
183,-1.9471597085,1.2852645232,1.5986628186,-2.2334721262,0.9571104625,-1.3781723779,-0.3005694768,1.7577876133,-1.8750534034,-0.6085080927,0.5709373866,1.2125558377,-0.1868896535,1.3102128559,-0.3943232435,0.8528711427
184,-0.8562079103,-0.5740086675,0.3318494745,0.7053992158,1.1839260714,-0.1670987453,-3.0116392527,0.9642653690,-1.5684045644,-0.0245699515,-0.7356211807,-0.0481652668,-0.9189766540,1.8527257899,0.6242870537,0.3356443279
185,-1.7981432257,0.7482377965,1.7004074161,0.4748433673,-0.1100804443,-1.1510292520,-2.8722840812,1.7977004917,-0.2833420260,1.5702065174,-0.5285987026,-0.9898844780,-1.9021937777,1.3961624589,1.1496163904,-0.1963607799
186,-1.6589239336,0.6601798728,-0.0231180316,-1.0940940555,-1.2978895758,0.6331249582,-0.7927149981,-0.8459178921,1.2927876203,-0.4022081809,1.3392459359,-1.9855443642,-0.8218624600,-1.2356796289,1.0818235626,-1.4532034976
187,-0.8741630154,-2.1923486125,0.5778511023,-1.3549707001,-0.4441519976,-0.4613827250,-1.1165232990,-1.1161148823,-0.1272019289,0.2623251490,-0.1703437415,-1.1372702854,-0.2313356330,-1.7429510668,1.0698383947,-2.1517510429
188,-3.5070315884,-0.4754547130,-0.4844888901,-0.9301905631,-0.9105527674,1.6294596777,-0.9637783904,0.0597771817,-0.5276860845,-0.8326794770,-1.4391765383,-1.1995811648,0.1326343565,-0.0377931190,-0.6753264917,0.3996301481
189,-3.1463362929,-0.7253644035,-0.6728187252,-0.7862388916,-1.2490203005,1.8011366986,-0.5733895700,-2.8100100654,-1.1690114647,-0.8499569624,0.5608124621,0.2194910750,1.2986319580,-0.9798107218,-0.3901722425,1.8040883799
190,-1.8510140513,-1.1391732679,-0.6021458585,0.4905780634,1.1175267715,1.0913760046,-0.4524148043,-2.7737773400,0.3798613393,-1.7236343636,-0.5751156735,0.7929662121,0.0185941054,-1.1030565434,0.7679060931,-0.0696584239
191,0.0202294317,0.5383908289,1.0662768537,-0.4027634162,2.0350743539,0.8996712682,0.4630874921,-0.8709962552,-2.6432482292,-0.5845261607,0.7722587286,1.2342873272,2.7919808233,-1.0184781470,0.3649810226,-0.6273923338
192,0.0917380385,0.1805819535,-1.7408074854,0.2732641339,-1.6458781912,-2.4777478588,-0.9873493498,-0.7748870718,-0.1132168934,-1.1122338842,2.3389042268,-0.4873835855,-0.8413588543,0.1025158100,-0.5079826663,0.0059693715
193,2.0489411792,-0.3202427744,-1.5978148552,0.2499703354,-0.2348776140,-0.3656778595,-0.0953168370,0.4555218963,-0.4481761066,1.7760507323,1.6738266738,0.5916025690,1.2118533450,0.7126279525,0.3487733135,-1.6385445171
194,0.8045179764,-1.2353064428,0.1574759705,0.6553698271,0.2298174410,0.8700291620,-1.3933688811,-0.4859849483,-0.2491715871,1.6844992454,0.7070152013,2.2022168372,0.5618042356,-0.4290338356,-0.2700168620,-0.4511119151
195,-1.0704551280,-0.4765855632,-1.4304731210,0.4861662316,-1.4181937690,-1.6241512002,-1.5016726906,-1.1512245793,-0.9165936990,2.8259391463,-0.6587873455,0.5588477354,2.0864318486,-0.5117397396,2.2893705588,1.1619333010
196,-0.7017327497,0.4271058135,-0.1523625066,1.7021779865,0.2219250737,-0.8691118683,-1.3055697033,-0.4925814724,1.5933653383,1.5013880213,-0.6543260801,-0.0137998227,2.2427791302,0.3873126148,0.7529834999,-0.7074717793
197,2.4336117250,-1.1219195403,0.0425310299,1.7140911300,0.7121581950,1.9598578257,0.3967274976,2.0053099013,0.5265982649,-0.1650072279,-0.7159520501,-1.1774658506,1.2109953532,1.4446179883,1.6247246528,0.4350586806
198,-0.6649943279,-0.5794451991,-1.4116642136,2.4804109914,-0.7618438226,2.6626504017,-2.2329129631,1.8132858160,-2.1504681739,-0.1067664775,-0.1871724616,-1.4535026162,-0.3404912688,0.6375496838,0.6677105978,0.0561327570
199,-1.6025410117,0.0717679030,-0.6021039485,-0.1943928083,0.3826040428,-0.4405361144,-0.9683719754,0.5816598816,-1.5152761223,-0.0721479432,-0.5947374653,0.3824316811,-0.3425833987,-0.8109653107,1.4738833091,0.7574476505
200,-0.5552140584,0.6889335062,1.5604730343,0.6704861481,-0.4173992955,0.4084729346,0.7501188916,0.2657922437,-2.2734633990,0.4629021117,-0.9345161629,-0.2503079065,0.2739598267,-1.7139403768,1.3717358155,0.3137055170
201,-0.9081454290,0.6283167833,-0.9258469838,0.0036069874,-1.8355714551,-1.3076227619,0.0678152990,-0.3750421147,-0.7905905743,-1.6199875780,-0.9327764980,-0.4798159487,1.1472996829,-0.6148278306,1.0881663242,-0.1603936447
202,0.2244704323,1.2620578501,0.7831115705,0.2476623457,-0.0587200093,0.3425522408,0.3640241913,-1.8668858894,-0.0942788321,-0.0658926841,0.8354110194,-0.5954871019,-0.2510568148,-0.4459810576,-0.5660297023,0.8746677185
203,0.8773260654,0.3346626547,-0.5742120716,0.7786466751,0.2868495086,-1.8724345749,-0.5436257706,0.4655585461,0.8566611457,-0.8965867234,0.3885026338,-0.0118840877,-0.2940091422,-0.2381897598,-1.1455051079,-0.1182852107
204,1.9173458273,-0.3201886825,-1.2261790738,0.2157790775,0.1951033599,1.5256418289,0.0192472023,0.0400999528,-1.2950237889,0.1422533749,0.4312339003,-0.3199838568,-0.6937965477,0.7385649800,-0.9989804471,-1.6409353378
205,1.2905117738,0.7373857761,0.5661422947,-1.9291178236,-0.8471276474,0.4345881522,-0.2462669791,-1.2178974633,-0.6933630939,-0.0091825570,-0.7185705961,1.2690003168,0.3432040698,0.6304360336,0.2022662522,-1.3394624390
206,-1.1485408701,-1.6231692273,0.6993646830,-1.9728101898,1.5029337933,-0.7777830236,1.5587238282,-1.2123964724,-0.0309190591,-0.2900398540,0.2479374317,-0.2813362901,0.9842838917,0.5173104903,1.7343418763,-0.3709755071
207,-1.4528207487,-0.8452918231,-0.4504919102,-1.9210452812,-0.1168976460,-2.1729269069,-0.2836825861,-2.2544554811,-1.5528268895,-0.9665847602,0.1068428877,0.9546588334,1.0265876053,0.9557293682,0.2305349789,-0.2158449261
208,-0.9643189655,-1.2177651872,-0.1319124172,0.8782574131,0.6211775972,-0.5559041286,2.1743507582,-0.3446547213,-1.1525991833,-2.0252973634,0.3896643098,-0.0093595162,-0.1828430215,-0.3281707079,-1.6720436038,0.4488636481
209,1.1205799176,-1.1689655326,0.2660629476,-0.0696739848,0.6892053715,-0.6026808203,-0.8663011877,-0.6092601567,-1.9395057986,-1.4571743387,1.9201552497,0.6100468164,0.2328012063,1.3205608573,0.5475409611,0.0849278728
210,0.0645734589,1.5361390034,-0.1974860744,-1.6430073717,-0.6477039852,-0.0106028821,-0.8822420667,0.2120069035,-0.2533865889,-1.3693476175,1.6282792482,0.3160840845,0.5379851746,2.5332460772,-0.1348630980,-0.5535569834
211,-0.8815947973,-0.5389398570,0.6844519647,-1.5045339626,-0.3135923363,0.0802426264,-0.8526334666,1.5435546538,0.6286146744,-1.8033984798,1.1068443527,-0.5601229864,0.6874034283,0.0845907595,1.6083512112,-0.5273976603
212,-1.9046703567,-0.4989676338,0.9931672170,0.2279564789,0.2605705982,-0.5490707366,0.7358745191,0.5690435776,-0.3591765082,-2.3534810389,0.8585821600,-1.6592415743,-1.3222715516,0.7476352256,0.3956675420,0.7077659976
213,0.1624918797,0.3140521166,2.4755858871,-0.2215609122,-1.0811768703,-0.4908332496,-0.8009064802,1.1219878186,-0.0952242906,0.6525687062,-1.0240891632,-0.0422662886,-1.1995908668,-1.4316046307,1.3615686061,-1.3858113414
214,-2.5284900511,0.2126611937,0.9656403034,-1.0189538037,-0.1117735906,0.4773540866,-0.6331654678,0.3146885802,1.2941158025,1.1213961250,-1.3743110040,-0.8920371997,-1.8741912423,-1.0791034840,0.7920050670,-0.8561449911
215,-2.7082486252,1.7568552218,-0.5144067670,-0.8408623043,0.0173613708,1.7415498911,-0.1836386182,-2.3499615384,0.6397942011,1.1155931436,-1.6292716174,0.7307875835,0.0239997387,-0.7112602308,1.1952874548,0.9535692575
216,-0.2795077929,2.3299621908,-0.4077851743,0.4187979340,-1.0652973688,-0.8307881533,0.1684094674,-0.6721277307,0.4000711408,0.3297300045,2.0207983584,0.9265812734,1.3820914469,-0.3017115590,-1.2137755687,1.2217369534
217,2.8078737791,0.9963931034,0.7360393660,0.2568668842,-0.4847271272,-1.5762870234,0.2066309259,-0.4686866298,-1.5324612226,0.3275614769,0.4351688158,0.5827702260,0.8732011069,1.4334623322,0.0924348092,-0.2840600989
218,1.2655894866,0.0290282393,1.1530889275,0.4370820148,-1.2309939812,2.0080276768,0.3874855453,-0.2629159559,0.0359814657,0.7551523919,0.7294437836,1.4231014683,0.4819306034,0.5129800066,0.6394143221,-1.6918445359
219,-1.5686852249,-0.0226790488,1.2480954517,1.0696185801,-2.7897781121,-0.3019652083,-1.8297007454,0.3946564641,-1.6257570745,-0.6787782660,0.8889179627,-0.9431728715,-1.2395323189,-0.0310570185,0.6394302798,-0.6436738116
220,-2.6372395687,1.0170842741,-1.1305878213,0.5316893026,-0.1404340937,-2.5276699865,-0.4556556921,-0.1219417744,-1.0904289098,-0.0405874190,-0.3634916345,-0.2741510241,-1.6181416753,1.1917027143,1.4737461545,0.2717826177
221,1.1980153791,-0.0547660537,1.4705399686,0.0672624618,-2.4841665981,0.4108352273,-0.6156789672,-0.8579847085,-1.9929810045,-0.6566516283,0.5430174288,1.4811800026,-1.3268600312,1.1534649540,0.5221291362,-1.3170759985
222,-2.6122336921,-0.3411813780,-1.0112912555,-0.7583753041,-1.3949848200,1.5598322782,0.4414696581,0.1599240046,-0.1977661950,0.7964526216,-0.1402504178,1.0416473808,-1.8622923440,0.5698588682,0.1299426739,-0.7590968070
223,-1.7453871986,0.1465642311,-0.7768339038,-0.1199317993,-1.1113381393,0.4269370351,-1.6804922353,0.6425367107,-0.3128454314,-0.4440075097,-0.5229303708,-1.5163821319,-1.4258019406,0.3124962816,0.9007736858,-0.2411730948
224,-1.7245707794,-0.0720011278,-0.5936991312,1.2505359011,-1.3749782255,-0.1099191036,-0.1798695284,-0.6161735510,-0.4107544718,0.1053788490,0.5747367270,-0.5233778239,-0.7320328630,1.1224771127,0.7506810647,-0.0972877172
225,0.0841324370,0.5873285343,0.6773222609,-0.3431130940,-0.3066835671,-1.0817313963,-0.0315863765,0.0762877881,-0.1209778361,-2.4786268393,-2.3822436658,-1.8531028544,-0.2315491331,2.3253752619,1.0160183825,3.3276139546
226,0.7234144404,-0.8283132337,2.1154812836,1.1535457596,1.1232631749,0.0482658810,-0.7151404537,0.3687334862,1.6012185116,-0.3766361922,0.3528472044,-1.9940991096,-0.3706115895,0.4835803085,-0.6682416113,0.1527506822
227,-0.6988624320,0.7097129393,0.5384983532,0.8619719075,0.3484239681,1.0546911727,0.0156811223,-1.0246783916,0.4018891100,-1.3096099493,0.2027490422,0.2076901066,0.0416347269,-0.4795768809,-0.3778294986,0.7337201931
228,1.1459872068,-0.2037974160,-0.8517075424,-0.5119712020,0.6255481173,-1.3501292004,0.5022606091,-0.2075473637,-0.7013387069,-1.4064463205,0.6849696317,-0.3436469570,0.5781206648,-0.3042115160,0.7128003072,-0.1827131588
229,1.9928278160,-0.4537156209,0.6488974243,-0.9201509636,-1.0196018918,-1.6901814602,2.2694674642,0.4433380618,1.4828026884,-0.0209741587,0.5543430169,-1.5645102641,-1.3822821793,-1.8786960181,-0.4192294986,-0.7065503214
230,1.4891513245,-0.6931646776,0.1440073660,-0.9746155654,-0.9750503994,0.9897575646,-0.1437785107,2.4298648443,0.6727385991,-1.0657210228,0.0216402373,0.5118955013,-0.7013218355,-0.0338865013,-0.8871821814,1.3589356558
231,-2.3886601729,-0.1394759362,0.0487646318,-0.4940518886,-0.1267122509,0.6240280133,-0.3045239173,-0.1318834639,1.9305687852,-0.1715781891,-0.7025962138,0.8654525942,-0.5163639369,0.1148988867,-1.7998797779,-0.6068991252
232,-1.5417377798,-1.2083550576,0.7935299410,0.0183344043,1.4240714221,-1.1644667365,1.1597002101,0.5187674391,0.0183905993,-1.1985548619,1.0503821581,-1.5260449227,0.2934039483,0.2616002245,0.9086149109,0.3131020113
233,0.2463375692,0.9780895818,1.1864596855,-0.7932178693,-3.6330036125,0.1580139849,1.3277902989,1.5743140696,0.4740825561,-0.3469923017,0.6940642446,0.5660627897,0.4016516012,0.9682158392,0.3659921362,0.9101492741
234,-1.9281831366,0.0785474212,-0.5194948167,-0.9815201854,-1.6311663550,0.2604929282,0.1560712872,0.1815059177,1.0016253094,-0.7217324976,-1.9850814608,-0.7579125360,-0.5039140547,1.8453683209,-2.1935077927,0.3976859911
235,-0.9904335015,-0.1886175734,-1.4896736957,-0.9192688442,0.1172867880,0.7853164601,-0.8896092615,0.6794654831,0.1889224073,-0.7645321392,0.1568505666,-0.6860958776,-0.4660287122,1.0975913252,0.9366725885,0.4393002324
236,0.0487836767,0.8857699433,1.3747314689,0.4066755065,-0.1955813284,0.0800902069,0.0376655550,1.2613573738,0.1170962527,-0.3728829598,-0.5222113996,-0.0616684430,-0.3788721020,0.0069285580,-0.8448653772,1.4778903618
237,-1.1352392093,0.1274872790,1.1423492492,1.0654642969,0.2533654043,1.9073680237,1.5989854026,-0.3347491611,-0.8100840687,1.2534561737,0.2963232473,-0.6525347087,-1.2494052874,-1.1321090448,-0.2084785175,-0.2486844330
238,-1.0183767641,-0.5846445682,0.7251022413,-0.0350239807,2.0903794505,-0.3842740463,-0.4876411701,0.0296589766,-1.3524022426,0.2340878888,-0.2494381478,1.1900166944,-1.0989472290,0.0484372706,1.3482658703,0.9846949186
239,-0.9334682590,-0.4527041823,0.7949847460,-2.6578792186,0.7587226850,-0.9040857780,-0.4579550790,-0.2044871129,-1.4521250403,0.0002819919,0.4479088729,0.2233842431,-1.9376538247,0.7777446961,-2.2123316810,2.4210258440
240,-2.2646803612,0.0959446561,1.7005632567,-0.0099660275,0.1709349908,-0.8591527298,0.1903688807,0.2940242820,1.3001142589,-1.4026840506,-0.2296493929,0.3402249470,0.7762294849,-0.4897954059,-0.9282580699,2.0700648828
241,0.1170070036,0.1446301558,0.1656759436,1.4143366302,0.3711516528,0.3352027501,-0.0399709401,-0.4003033165,1.2135221658,0.5739081021,-1.2954952685,2.9667506746,-1.2025978320,0.0942815328,0.6461385926,0.5153029624
242,0.4562525418,-0.8246420029,-0.1114123792,0.2144717238,-0.1585186796,-0.4223630432,-0.1268599086,-0.6791885700,-1.8020052064,-0.6208038728,-2.0452714546,0.9621549799,0.4461028850,2.5874084344,-0.6311882415,-0.7123809075
243,-0.6933152523,0.3125140698,-0.5662104634,0.0456076548,-0.1828700037,-0.6470515544,-1.0955859099,-0.4514101109,-1.1786184052,-0.6392044085,-1.1098022045,0.3269598863,-0.5252432845,-0.1971610001,0.0103074396,0.0693490177
244,-0.1552026618,0.3366056232,-0.4548996514,0.0877499784,-0.9282436866,2.3114907687,0.9487101381,-0.3855403548,-1.5774159551,-0.2292552892,-0.4688083608,-0.3873394306,1.1075027973,1.2717851080,-2.1290428595,-1.2707430238
245,-0.8307977166,1.2132801621,-1.7861299218,0.2968162249,1.3079770662,0.4198973808,0.6868557845,1.9544684099,0.8816352276,2.0928281416,1.5217698766,-0.1281648844,-1.1538643608,-0.0788504195,-1.6150047740,0.0014413539
246,2.3685059847,1.2132369398,-1.4848638341,1.1069976907,0.8772418750,0.2019610788,-0.4210933893,-0.7314418251,2.0965574680,1.7417075522,-0.2505894096,-0.7184528177,-1.0193835165,-0.1553429663,-0.6175287274,-0.3750145015
247,3.7977154874,-1.0616336033,-1.8213132741,-0.2560911437,-1.2627155851,0.0593771637,0.3333060381,-0.2250053107,1.1262325375,1.2819998963,-0.4018126820,0.0586808013,1.4803090938,0.8200511064,-0.8137697648,0.5766693145
248,0.8230475937,-1.6094238549,-0.4980675924,-0.8993526442,-0.0582959866,-0.4820173105,0.0295892856,0.5641407027,-0.9851537629,0.9615507912,0.2993283695,-0.1266494105,0.3106037943,0.8563740232,-0.8197507764,-0.4589372852
249,-1.7014239722,1.2904111120,0.8255755400,0.8481967964,-1.1715155999,-0.9055491034,0.2690595119,1.2883196292,-1.1077793851,3.1458857918,-0.7217111734,0.2108379970,0.1022085736,1.8230003940,1.5016514078,-0.1373597848
250,-1.3723828264,0.5897021708,-0.5494433268,-0.8082670375,-0.6832457585,0.3493543850,1.6738001933,0.8222531478,-0.3000933203,1.8283112636,-0.0297762905,0.5943226223,-2.0576545332,0.4702097863,-0.0979260351,-1.0303895211
251,-0.4099221144,1.6683564182,-1.3937588853,-0.3044225278,-1.0002515502,0.9812182484,0.9224548109,2.3524754348,1.3013776555,1.5582952019,-0.0983312468,-0.7395861660,1.0409790669,-0.8539302562,0.3438699913,-1.3371706043
252,0.8710879877,-1.4344176742,-1.2347870962,-0.1887238096,0.5383249030,2.0547103010,1.3309575736,0.8261306637,1.5435810414,-1.3581039463,-1.1507756270,-0.7242512367,0.4059057040,0.0091464448,0.7313605057,-0.5181195117
253,0.3985620516,0.0076868465,1.9996753719,-0.1318038758,-0.3986727567,-0.7947160994,-0.3227039776,1.8235906016,0.2758797568,0.5688100405,0.3495737547,-1.2233247357,0.2745568424,0.9770739770,-0.0798992109,-0.7605936129
254,-1.7357409724,0.1691298995,0.5846450421,-0.1989690938,0.6415783008,-0.3327672192,0.0024225572,-0.6365797585,-0.3550238161,-0.4562461175,1.7660897498,0.3110739577,0.0962492603,-0.2678419065,0.4081460677,-0.0359270074
255,-0.7311080464,0.7193905506,0.0497346949,1.0687833217,-0.3677851153,1.4685162226,-1.2678594155,-0.8914856777,-1.6954528953,-0.2165228887,0.6905518681,1.2320879209,-0.1557642143,-0.6269906461,-0.6458452856,-0.1333415842
256,-1.0804469650,-0.9745751391,-0.2310611980,-1.3035171485,1.2378929240,0.7959611107,0.3812436107,-1.0352801024,-0.2692630878,-0.9617874740,0.2103395992,-0.6158292610,-0.4441415517,0.5941989469,-1.6115774530,-0.9724035336
257,-0.2333009386,-1.5389904575,-1.7978869785,1.0138692409,1.7505941092,1.3810116093,0.6537548609,-0.8219839673,0.3009688180,0.3776212550,1.5246550801,-0.3607041476,-2.0202660121,-0.8909092389,-0.1070422543,0.3873223901
258,0.8939480800,-0.7659254822,0.7527572140,1.0623908557,0.2962810819,-0.3657027486,0.8602430282,-0.1926709622,-0.0020581990,1.9952949315,-0.3745827995,0.0049048957,-1.6554341979,-0.8706946334,-1.1015690730,0.3560534359
259,0.3277955835,0.3058945481,1.4430622854,0.9170418199,-0.7167867089,-0.7967951837,1.9999801310,1.3101990768,-1.5517886227,0.4664959115,0.7713702012,-1.0777145425,0.4110645979,-0.9689855450,0.2277383403,1.3332040436
260,-0.1621946499,-0.2854894820,0.4371743695,-0.1549134933,0.1319087992,-2.0537442083,0.0661380543,1.0264996062,1.6844361929,0.4043539592,0.9745069717,-0.4869034903,0.6562564028,-2.9912305848,-0.8581301325,1.5599460941
261,0.6107126252,0.1679987093,1.1729225074,0.1123888634,0.5580394236,-1.2063907707,-0.0683922434,1.9604062406,0.9829722443,0.8863240768,2.1185372726,-0.1941552022,1.1219103588,-0.0507747944,0.5742894766,-1.8522066528
262,-0.1785699105,1.0236078427,-0.5482055075,0.2079182682,0.9741584628,-0.3299404607,0.1839237330,0.0584185114,-1.2889582855,-0.9303596614,1.4994025519,-0.1258289087,0.5386755746,0.0857308924,1.0603883337,0.6510699682
263,2.3395265004,-0.0339022769,0.5564688615,2.2856285009,-0.8954125611,-1.2151279026,2.4679230068,-0.2861873099,-0.6756644236,-0.6708200093,-1.0880770737,2.1830884753,-0.4659531013,0.1807087815,-2.0674843726,1.8172636086
264,1.7555369129,0.2261677666,0.7011303673,-0.6428541930,-0.3733805050,1.1547181438,1.2378090047,-0.3480353324,-2.0444783528,-1.5527113386,-0.0689824020,0.3594253493,1.1744431015,-0.7460669337,-0.0114668922,0.7084253291
265,0.1558400954,0.4484515407,0.1760292203,-1.5435572158,0.2553265290,-1.0499532617,-0.2396402019,-0.4287649587,-0.4620641653,-0.3496418926,0.3677530240,-0.7924160660,1.1137803531,-0.8743133585,-0.3894245990,1.1628719664
266,0.0896783115,2.2773893965,-0.4998281626,-2.2535079215,0.2878825843,0.8027415008,-1.0252713524,-0.9206152732,-0.8376794162,-1.4350155832,0.3317799083,0.3529959133,1.2565294675,0.7724047691,0.9261012889,-1.5393575074
267,0.8635010515,0.4978836694,1.8978344383,-0.8207581919,-0.3294364507,-0.4862163413,0.6902154520,0.4448911817,-0.4472334027,0.9032516969,0.4775707617,-1.6167242344,-0.0583219235,0.8062996210,0.9502739303,0.8196279617
268,-1.1591904453,-0.2257142269,1.0424503246,0.3296384629,-1.1202302636,0.0448504400,2.0100271567,1.1089771116,-1.4875636070,0.1919881399,-0.8915782865,-0.1101292636,-1.8003404480,0.1337175841,-0.8510673564,0.9245190778
269,-1.4572623085,-0.8263623456,0.8956446524,0.0520104523,-0.6802600484,0.3104439937,1.7373693913,1.8491156503,-1.2745809197,-1.8565050132,-1.2008669611,0.7424561020,-1.4092855298,-0.5012962001,2.0122075401,-0.5417227956
270,-2.0786159300,0.9948223324,0.7624720649,-0.2135898180,-1.0903246988,0.4946759090,0.0846512928,1.4908846509,-0.7165336155,-0.3195325434,-1.1939134521,-0.2916771216,0.3373992343,0.7874130001,0.1498390269,0.8290977425
271,-2.3304644299,0.1950700858,-1.1667917842,0.4925328956,-0.2789642534,-0.2977621190,-0.0039014855,2.1703762045,1.1107650397,0.1732767239,-0.3577595687,-0.6234678644,0.5110810451,0.8907465370,-0.7361569489,-0.7326932401
272,-0.2373890095,1.6941639531,1.6947960836,1.2904851893,-0.5225811453,-1.0978906570,0.7548240115,1.0569495243,-0.4974832042,0.5710737022,-0.3464604021,0.6823907680,-0.6633789910,1.6665679002,-0.4854164306,-0.4395157138
273,0.1600604146,-1.2385298202,0.4244194301,0.4670226164,-0.9306287756,0.7477916239,1.7598016617,-0.8713690263,-0.0406320052,-0.2721444561,-0.5728578781,1.6317983939,0.1456457071,1.7747770439,1.1536642476,-0.3531165320
274,-0.3199848812,1.0310087041,0.6215361299,1.5678611253,-1.4463677646,-0.2542607255,0.2963289365,0.6668871175,0.0879676210,0.1727219835,-0.4401376544,2.2435082648,-0.1844308017,1.8605567333,-0.4072961856,-0.5430032903
275,0.4616075738,1.5006596473,-0.0876073062,-0.4487672467,-0.4440535679,-0.7988781199,1.3502293469,-0.1735664857,-1.5065353821,0.2917408240,0.4789273325,0.4358394623,0.0617234514,1.2077956551,1.0963883267,0.2474812681
276,2.2954179342,0.1609788033,-1.4207243668,-0.6844636057,0.4747661972,-1.3545122622,0.2689418738,0.6711240289,0.1748590184,0.9690192593,-0.9937443880,-1.7960856023,-1.7281663184,-0.1189727737,0.0422277533,1.1916432458
277,2.0144848873,1.3088612958,1.1996837756,-1.4540339339,0.9926994884,0.5140143892,-0.0981993581,0.0666157169,-0.9329224424,2.4171572876,-1.0816852229,1.0080443112,0.6429165524,1.4369326509,0.3057819662,0.8104419761
278,-0.4560520936,0.2980640217,0.8538174799,0.9536420412,-0.6153223257,1.8815691226,-0.1396620525,-0.5896454732,-0.2380502667,-0.4606436732,1.8387032866,1.1265615460,0.8854903042,0.6684890973,-0.8134368362,0.1521537933
279,-0.8236634020,-1.2734736532,0.7927991492,-1.8522831802,-0.0417559570,0.6527533253,-0.8401416169,-0.7220702349,0.2150059911,0.7134120957,0.8741241806,1.0771901546,0.9572116495,1.2413348426,-0.5276754868,1.1790895000
280,-3.2078778278,0.2780567701,-0.4442831487,1.2928300499,0.4728167317,-0.4812514861,-0.7221083776,0.5396498245,0.3331355367,-1.1813533229,-0.4220000712,1.0318867658,-0.3805390952,0.1832425061,-0.4566447235,1.1194111880
281,-0.2151356206,0.3489936360,-1.4003583219,-0.6006799639,-0.1931796639,1.9630557608,-1.3794466965,1.4696224692,-1.2989469959,-1.4510566608,-0.2242815737,1.2595684114,0.1761365237,-0.4106210069,-0.8308341768,-0.1078366061
282,-1.3370214487,2.5090188928,-1.0790527784,0.2239070329,-0.3583485573,0.8364947931,-0.9840289842,-0.1753654568,-0.3121880123,-1.6149077886,-0.0945570215,0.0550605051,-1.1501100773,1.5611618298,0.2402847509,-0.2036199224
283,1.3352195632,0.8764177665,-1.2031923091,-0.2802567560,-0.7848758896,0.9899047203,0.8634287337,1.2746773857,-0.4263803733,-0.0011090893,0.1711363376,0.9123258581,0.1244336245,1.9917549771,0.3790715711,0.7481281442
284,0.6320316543,1.5806014822,-0.7335472267,1.2018424724,-0.4205131723,0.5519156575,-1.4863655071,0.9012999497,0.2231835376,-1.1387742584,0.1794387722,0.0274282978,-1.8425292355,1.1691186071,-0.0717312320,-1.3666410992
285,1.4421329739,-0.4924949520,-0.1369059955,0.9668557600,0.1647163559,-1.1337995824,-0.6411884008,-0.3480955775,0.8816714858,0.9614386095,1.8353358142,-1.1950709022,-2.1272660337,0.3404625310,1.6378930868,-0.2104517628
286,1.7140689678,-1.0802265385,-0.0628651027,0.0105284550,0.2203637070,-0.0100498254,0.5161314045,0.6950796533,1.1662423245,-0.8592795737,0.8660254456,-0.2736834917,-1.4152555427,-0.4957559279,0.4516453513,1.1174913172
287,-0.0064310924,-0.2892726943,-0.4732373139,-0.0451786128,-0.5189679772,1.7240627056,-0.6659919670,-1.1615763337,-0.3894061247,0.0066275108,-0.1858404892,1.9276221989,-0.1866876612,-2.0894094361,1.2836104258,-0.4268979671
288,-1.7255902537,-0.3482290461,-1.8244542618,-1.0836512811,0.9918123278,1.2788358519,0.4158202871,-1.0529554582,0.2452685887,-0.7864878303,-0.1963957490,-0.2663694733,0.2937465867,0.3020222016,0.6952116189,-1.1003492924
289,0.7144574144,0.8093578993,-0.8147370363,-0.5177685499,2.0993215053,1.8696775692,1.2834410801,-0.3519634295,1.4335592602,1.2291387694,0.3758688583,-0.2449946370,0.9614811885,0.8413575256,0.7126654693,0.9263558813
290,1.4979957731,0.6465974933,-1.0440918932,-0.1298659804,-0.2301124680,1.3234928497,1.2104871716,-0.3594137367,0.3833038217,1.0635070792,-0.2071999538,1.1233315620,-0.0099810188,-1.2058242662,-1.2576147742,-0.6636443143
291,1.4910555586,-0.0849717576,1.2702996057,-0.5840763287,-0.4206971402,-0.8104432060,0.9065715846,0.5006760337,-1.0549860645,0.2052356062,0.6750206725,0.6113992526,-0.2899362432,2.0427254837,-0.5219284666,-0.7262915368
292,-0.6035158302,0.0089736901,0.7044057839,0.3765795046,-0.3443772504,-0.7518317967,0.1185506357,-0.5421285226,-0.4775102118,1.3289025239,-0.8379218290,0.1808269249,2.2152930674,0.5762298385,0.0801190019,-1.2076666243
293,-0.2526760718,-2.3775942802,1.2070189490,-0.1615946506,-0.3245284013,1.3194278084,-1.2995425525,-0.4305363299,0.0246154946,-1.1408572399,-0.6004337027,0.0415664556,-0.2688170814,1.0804411100,0.2035522870,-0.4731811718
294,-3.7233544587,0.6931454180,-2.3175977876,-0.4121452572,-0.0464658602,0.8255385872,0.9680108276,-0.0656671759,0.9025980717,-0.2880352670,-0.8852081563,-3.1361240962,-1.1897632075,0.2151272362,1.2585624784,0.5735658558
295,1.4634522364,1.7631753621,0.3547870825,-1.1293403623,0.0170407168,1.1014078175,0.6182862290,2.0638625735,1.0069265543,0.0539633781,-2.1110691858,-1.4092420450,-0.5820484672,1.4540797685,-0.4502943612,1.1398146266
296,1.0614201955,0.3278598994,1.6543673769,-0.9245926045,1.2359251366,-1.9357827679,1.1887959540,2.9513228175,-0.6007089507,-0.6610178699,-0.2235034017,-2.0341515167,-2.0579209222,0.3934887873,0.3334414666,-1.5311124893
297,-0.0522317625,1.6536412021,2.4322801264,-0.3303843132,0.1012726810,0.2716876835,1.6650656230,1.6185492598,-1.1987480035,0.9257615891,-0.4861730450,1.2380486663,-1.1260462040,0.1247498651,0.6494107006,0.0678163137
298,-1.6673604384,0.5782942530,1.0492164682,-1.6685854354,-0.1602526018,0.8541523483,1.0333110500,-0.3216496332,0.5140735592,0.2853667933,0.9119554746,-0.5365250052,-1.3438091804,0.5238672589,-0.7587743906,-0.8369558094
299,-1.8526516770,0.6218223058,1.1931062894,-1.8782259668,-0.0740571038,0.3608761638,0.4898743927,0.7385597573,-0.5410760631,-0.8921207552,1.8918964237,-0.8281153871,-2.0474437704,-0.1423717110,-0.3853140768,-0.6670142353
300,-2.2098360865,1.3841503721,-0.7408390135,-0.0486640982,0.2872509897,0.3672393218,-1.8929474696,0.0615325312,-0.7767927784,-1.1880706681,-0.5727935202,-0.4462079117,1.5203123708,0.4240240976,-0.2036911706,-2.3755621219
301,0.0516958837,-0.4856578400,0.5397074152,-0.5972634604,0.4308175842,-0.1656718750,-0.8502312611,0.1326405722,-0.2541650348,1.1338305134,-0.1756894866,-0.1907970814,2.9131895077,-0.4461503730,-0.2902716943,-2.2256585934
302,-1.6997782118,0.5140616451,1.7539829396,-0.5766042750,-0.4797140504,-1.4920072935,1.2215721170,1.5495100402,0.5112562770,2.1348869279,1.1521231165,1.0060822711,1.2867976838,-1.5272672981,1.5248289686,0.4337523406
303,-0.3751543816,0.0937237628,0.2697304965,1.9602980231,0.8178948876,-0.1604696733,0.0321127094,2.2092059661,-2.0907256890,1.4721208877,1.1670541517,0.4964683790,0.7157219162,1.0652988559,0.9591313737,0.9833998384
304,-1.4928867248,0.4669610787,-0.2480063956,0.0002910834,-0.2689063352,-0.6094438658,1.5045210864,-0.4922232531,-1.1824007797,0.7990461214,0.4054296810,0.5266127908,0.1606443668,1.0414685149,0.2424049427,-0.0147984456
305,0.1108864972,-0.5892177020,-0.4653331608,0.5370902784,-0.0441359353,-1.0221959490,-1.1283284510,-0.2708085809,-0.6565359333,-0.4734756528,-0.1554745266,-0.3469453109,1.2557291988,0.2257197603,0.7324681132,-1.4532163792
306,0.6018157502,0.1503335204,-1.6593725565,-0.3180250327,0.7832329203,-0.5341074335,-2.2319879002,-0.0462169048,0.6053864371,-1.6178408878,-0.1309166810,1.0183758341,-0.7542930420,-0.7502659666,-0.6110738478,-0.3390027008
307,1.1830457618,0.0836189901,-0.8318240474,-2.3293017307,0.5830479843,0.7181321669,-0.6954400508,1.5905845965,-0.2123997029,-0.7781310246,0.2016438220,-0.1129662899,-0.8294199261,0.1037514887,0.3232124425,-0.6145338642
308,-1.0860095454,-0.3289550291,-0.2114460636,-1.1485225404,3.0715331206,2.0793254541,-1.2479479060,0.2632576677,-0.4102468399,-1.2402298108,-0.5380958724,-0.5863208100,-2.0267066816,0.3596921328,-0.2127953185,0.3699922902
309,-1.4521162368,-0.0381853356,-0.9116184280,0.0758492581,2.6988168916,1.0709181479,-1.1116082853,-1.4268980819,1.0582786253,1.4065095442,-0.8654143290,-0.2714049735,0.1768147244,-1.7648587911,-1.2510924262,0.2633768205
310,0.7259154616,-0.8780045391,-0.8361241847,-1.3525396843,0.9015685106,-0.1926444530,1.1961902316,-0.9655121076,0.5713722021,2.1167768361,0.0982751149,-1.4331766259,-0.2266170574,-0.1427000005,-0.4102154435,-1.3442878936
311,0.0580724850,-0.1877708570,-0.0079392675,-1.3727722506,1.7333670013,1.7428942862,0.6900363249,0.7348580973,-0.3133018383,2.4912381427,1.4260680281,0.7507613397,-0.4707966453,-1.4701140502,-0.5983953820,-0.4368692687
312,-0.5082825382,-1.1072691750,0.4456494723,0.4409996775,-0.6942675567,-0.3418922575,-0.4063174799,0.1085348804,0.5712046240,1.1162379255,1.5086174032,0.4172321018,0.9390760708,-1.2406775044,-1.2892563437,-0.0420099475
313,-1.2839715255,0.8674788691,1.2552736311,0.7428764771,-0.6722237278,0.1192945976,0.3079312264,1.6776000758,1.0858427879,-0.5512376164,-0.8171481992,-0.8324156877,-0.4122035538,0.0104352045,-1.4914964176,-0.8406322319
314,-0.4476161864,-0.3388337563,1.5916157583,-0.5086222061,0.6773479218,2.0243948228,-0.3200810683,1.0504653547,-0.4655419081,0.6009315203,-0.0718754450,-0.1480676753,-0.5138952927,-1.5036292639,-2.1258120881,0.5833732866
315,-3.0467586950,-1.7732917152,1.2535666908,-1.2045113839,1.5433533366,0.5391688509,-0.2387261428,1.8127233591,0.6034462588,-1.7946600751,1.2986351862,-0.2623475551,-0.1094519002,-0.9799740367,-0.9968644852,0.0145119280
316,-3.3984424870,-0.2377334841,0.1611239723,-1.1317057318,1.5342623407,0.0762466235,0.2175404990,-0.5807839508,-0.2622156510,-2.0043303344,0.2864232812,-1.4688056807,-0.6968054506,1.1117198378,1.3874275624,1.2839990417
317,0.0963256820,0.5467473505,1.2895750269,-0.8637732440,-1.2631944793,-0.7401068146,-0.5887668553,0.6041482764,-0.0105790213,0.3647088532,-0.5885891321,-1.8187962963,-0.6230409258,-0.6766004800,-0.8839532122,0.9407369647
318,-1.7516028643,-0.2292135481,1.3404309193,-1.2806746364,-2.5484701546,2.4360718776,0.1172193502,0.1144859560,0.6512309575,-1.1133243352,-0.0213557186,2.1418001652,0.3436257663,-0.1108577413,-0.0145660360,1.2876312020
319,-3.9538154587,0.6959921502,-0.6534443133,-1.1765753478,-1.6531500677,-0.3075004981,1.1558644079,-1.1293344273,0.6306466958,0.6931832714,0.3939896991,0.6386048113,0.6047810554,1.8850226632,-0.9867475571,0.1534418380
320,-0.4112463025,-0.1160022466,-1.1443758129,0.5324339617,0.6916582894,0.8574093985,1.2638253541,0.2901233259,-1.2174526964,-1.5612295102,0.3375635205,-0.3349855885,0.7524476774,-1.5021210236,0.2816308324,0.4046542639
321,0.6519144623,-1.2244047345,1.1911992424,-0.6409824770,0.5217035449,0.9532443552,1.4042634707,0.0258953837,-1.3048162687,-0.7856507859,-1.0999438132,-0.0334389478,0.4192392307,-0.3214854345,-0.7760101152,0.5152810666
322,-1.6277515222,-0.8127773957,0.2520964990,0.2606043615,-0.5963955610,-0.8254356259,0.6623336980,0.1793572572,0.7123492767,-1.3305846326,-2.9136609245,-0.0801316435,0.3753221625,-2.6930840479,-1.7750479438,0.7081654486
323,-0.5625158428,-1.2776723461,1.0938129044,-0.5626328713,0.3214518456,0.1918380761,-0.1126677866,-0.2443817193,-0.6102415705,-1.8133125515,-0.3826741202,1.5962710725,-1.3465465591,1.3141132633,-0.8973542119,2.9574676832
324,-1.6858945958,-0.5522091189,-0.3232102793,-0.3973314192,1.3880004104,2.3514568786,-0.6113594733,1.2490934129,-0.6377701707,0.3332507506,-0.2337793020,1.9706526316,-1.3688145628,0.0712190166,-0.0793826583,1.9301828913
325,-2.6938734897,1.3714750850,1.2435358156,0.3416896418,0.4181013983,-0.6976023668,-0.2958201864,-0.7571522350,-0.1219080469,-0.1121163667,-0.1045553711,0.2374879914,-1.1360155676,0.2336476713,2.1905475329,0.7219511440
326,0.0749171139,0.9709550351,0.8366174522,-0.7632284248,-1.5450089435,-2.2992565216,1.1722626647,0.6530590844,1.7949089061,-0.2799619838,-1.6792586115,-0.5372703170,1.4617687867,1.6887126397,-0.4433124281,1.6654589711
327,0.4936695016,-0.1913552383,0.8348035936,-0.8170746449,-0.2709946020,0.2581756683,-0.0787659974,-1.6228408575,0.7754092228,0.0708074619,-0.3602519276,-1.7561099395,2.9291451964,1.6882849481,0.8822365932,1.5091032192
328,-0.7813738360,1.2191865138,-0.1009736225,1.2644316357,-3.0698624532,-0.9050643127,-1.2435539163,0.3036008330,0.2796387649,-1.1616407768,-1.0701036055,-1.9981746368,0.8642574842,0.2841854146,-1.0733922333,0.3044467734
329,0.5518890261,0.6399764813,-0.0235917107,-1.0853800942,-1.7684947223,0.1287863953,-0.7447483036,0.8824010244,0.8622204917,-0.9313009858,0.0968034678,-0.8068080946,0.5948097513,-1.0776966900,1.0821318619,0.2395381421
330,-0.7698428058,1.7266098619,-0.0933427769,-1.3731382238,0.1507303115,-1.7255474071,-0.8952689322,-0.8393699301,0.4700373608,0.2296496943,0.8506667530,-0.0868095195,2.3829559297,0.6013438846,1.9067876973,0.6012534178
331,1.4252334405,0.2933506568,-1.0786771591,-2.5894555785,-1.0370882246,0.1994700649,-1.1083767010,0.4541092033,-0.7779321031,1.0131062664,-1.0016810525,0.7047504712,0.5215170727,2.4628897021,1.1527655275,0.1049185089
332,-1.9265826397,2.6354594027,0.6852386197,-1.7314230277,-0.1406196075,1.1439004486,0.2320167788,0.9794882680,-0.3038175961,2.4103316548,-0.5879187856,-0.3169758131,-0.6992530777,0.5247844683,-0.1995432857,-1.1658766825
333,-2.5839440704,1.0663817081,0.7493904393,-0.3316472305,-0.2293032971,-0.5108672739,0.5892623762,0.8378252717,-0.1180090307,0.2236185892,1.4621726342,-1.9320032371,-0.7566719209,-0.6458085415,-0.1987798422,-0.2347653454
334,-0.0309929396,0.5372306693,1.6854935879,0.8598563572,-0.8501944292,-1.0722929172,1.5268574124,-1.1135587117,-1.2136282589,-0.3794089762,1.3321216258,-2.3527831401,-0.7851762937,1.3378286281,2.3502982124,0.5178952414
335,1.2454628602,0.3214809680,0.7320752755,0.0648058089,-0.9604757681,-1.0226096707,0.1344442759,-2.1813791507,-2.2191906336,0.0401237564,1.1508961840,-1.9465328357,0.9684565623,1.3001533570,0.9736659343,0.1080237629
336,-0.0973243857,-0.5595593789,-0.4644901648,-1.5002372244,-1.1711593795,-0.0314638743,0.8341123747,-1.8108976866,-0.8489857679,2.1556549053,-1.3140369875,-1.9495014206,0.9298603673,-0.9628997771,0.9170133620,-1.2523421080
337,-1.0414194079,-0.4228123417,0.5460779835,-1.4765612602,-1.1879029803,0.1538679289,-0.2863169225,-1.0490084803,-1.5022034556,-0.2588395802,-2.6685678164,-0.2433382871,2.2642888054,0.4979760263,-0.1546512555,-0.2706211180
338,-3.3996711243,0.4367761113,1.9834968118,-0.8837187135,0.2134882604,2.3092189567,0.4625174002,0.9481693687,-0.4229599443,-0.5889167108,-1.7371210942,1.6603412479,0.7377627653,0.4469598185,-3.0045237859,0.5062213576
339,-4.0385345634,-1.5690485834,-0.7056195678,-1.1088278300,0.8196498644,0.5458118042,0.7460226536,-1.5076221697,0.8230125001,2.6235546768,-0.4189019343,-0.2243098270,-0.3131792567,1.7181504897,0.2799075281,-0.9491607089
340,-2.7176684442,1.5191431937,-1.4722483042,-0.3602542900,0.4457263538,0.6146731334,-0.4154778505,-2.9434356099,1.2511477155,0.9235001665,1.2006015641,-0.2404988587,-0.9739426581,-0.0158754788,-0.8591346658,0.0819857587
341,2.7333496530,2.0478457625,-0.5441513219,2.1065799038,-0.9828653415,1.6113646868,-0.6510578812,-0.8181363583,1.8072848882,-1.3498603321,0.9289983463,-1.4667590541,-0.4384402514,0.0538647554,-1.5403209797,-1.1083719607
342,2.8052398798,1.6477283008,-0.3442979567,1.4289031475,-0.1406993044,-0.4196462227,0.8844230492,0.1281745765,0.9179303529,0.3935049919,0.7303593703,-1.0321045572,-0.7632030336,0.9134936362,-0.0066568286,-0.0041066499
343,3.8185502184,-0.8666020837,-1.3386082543,1.9451022675,-0.5630287896,-1.1242672127,0.4794839554,-2.5045993410,-1.4404668722,0.4607714245,1.6813532883,-1.0337108164,-0.7024233080,-1.1291370478,-0.8504548855,0.4071732234
344,3.8434722509,-1.3367118970,-0.3056902760,0.9849181815,0.3826663654,-0.3669655211,-0.6225848281,-1.9703583928,-0.5402500722,0.6043355520,0.5016983070,-0.1146924403,0.2625953196,1.8061249162,-0.5180861921,0.1794801686
345,1.5306479185,-1.5835098712,0.9356138193,1.2443418760,-1.1157323958,-1.6996394075,-1.0683300900,1.1965453727,0.5508329524,-1.8763077857,1.4140355601,-0.4519007665,-1.8379282325,-0.2180784242,-0.0548435674,0.5615273739
346,-0.5048195832,-1.0070951759,-0.9868654601,-0.0633163981,0.9312760751,-0.1209635717,-0.6951388368,1.3214152758,1.6286831938,-1.6987304382,-0.1803371672,-0.7323732439,-0.8652901146,0.6862045761,0.1147943288,-1.9404682967
347,-0.1573261058,-0.8073242904,-0.5859177688,-0.0712513901,0.7299895601,-0.9153782196,0.0062350703,-0.9987322304,-0.1955119540,1.6110787796,0.0045417822,-0.6636385423,0.8111960430,0.4773919609,0.9812044682,-0.9287853536
348,0.2249308514,1.0111374642,0.3718619196,1.1484783446,0.9135999607,-0.4519230285,1.0835438056,-0.2186616631,2.1007504561,-0.0333543573,-0.1017443682,-0.4855938010,0.8146984074,0.0941210394,0.4411671368,1.1502795145
349,2.4558165881,-0.0040668934,1.4975909183,0.3161684998,1.4979743207,-0.3601760165,0.3164757603,0.0526145627,0.9945135478,0.7050744797,-0.7444815790,0.2300705933,2.1660062017,-0.5571977615,0.7006147192,0.9587774389
350,1.5417239969,-0.1543521386,0.8669314339,0.3282858124,-0.0198063749,1.2053714584,-0.3734738838,0.7264383179,0.9933125639,-1.1520571755,-0.0613878886,0.1062972503,0.6577845419,0.2715255842,-1.6007163412,0.3584445098
351,-1.5924045820,0.4415523457,0.7434976498,1.1419447639,0.6664197283,0.3265292177,0.3158069360,0.2101188675,-0.3136516109,0.1645707919,0.7638167837,0.5826178036,1.1783805072,-1.0015900727,-0.2631625187,-1.2327016156
352,0.0489077549,-1.5279496872,0.5590268769,-0.5960989297,1.0261243356,1.3194651265,0.0730898081,-0.4314621206,-0.8657704703,0.7758352969,0.3451463232,1.2268221931,0.1237187195,0.1456676535,1.2213930680,-0.0214208395
353,-2.1017526732,1.3518971457,0.1018796319,1.3295996823,-0.1594948205,0.1147988245,0.3630067495,0.2221762639,-0.2212602502,0.7194852166,-1.0082560550,0.8289064441,0.8978017731,0.6296089970,-0.4605250524,0.8571378747
354,0.3086957068,-0.8641351323,-1.1290837867,1.2231083252,0.9898745278,-0.2160468192,-0.2162247360,-0.7359962529,1.3646045033,-0.1628040507,-0.3983485862,0.5265279900,-0.2924731735,-0.4176084135,-0.7829806230,1.4957047177
355,1.8861479120,0.0719925906,-0.9777740678,1.6696038136,0.7361646811,-1.4165514933,1.6929693253,-0.3373171129,0.6623862397,2.4781516791,-0.7320482809,1.2260112575,1.3338981255,2.4226823663,-0.1263613537,0.4789053823
356,2.5486894411,1.7360842861,0.6492197456,2.5579477102,-0.5088074813,-1.9675894498,-0.1551073838,-0.2874545134,1.4425659752,0.6830007415,-1.8790135745,0.1427048520,0.0959692943,1.2540011681,-1.1268067402,-1.6248644482
357,3.5264072945,-1.1939470235,-0.6943730394,0.8939788746,-0.7612100822,-0.7500624106,0.2813013372,-0.4670755423,-0.5444223717,0.5045373852,-2.3981713453,-1.4872763257,0.1209179703,0.8047824143,-1.3396408153,-1.8470235955
358,0.2151411091,0.0823177336,-0.8680244579,1.3778480155,-0.9348366628,-0.3016281948,0.6919334605,0.0671624584,2.0214274398,-1.4037122385,0.5495398309,-0.3016259733,-0.8193465106,0.1194469451,-1.4009505978,-1.7301163154
359,2.0369951399,-0.2821655952,0.4281685654,0.7159447139,-0.8377769217,-0.0002515762,-0.6867074202,1.0052712882,-0.0027769864,-0.6790693433,-0.9185383424,-0.0590465552,-1.5298110356,-0.9615489239,-1.2318323078,-0.4191239960
360,-0.4756255750,-1.5097882258,0.2681123128,-0.1315346503,-0.8617279338,-0.0313507764,0.6546047409,2.1306523761,0.0190672412,-0.7343349815,-0.8844646113,0.0366066727,-1.4549679470,-0.1249627763,1.5113612543,0.7256212461
361,-2.6200638092,1.3809899638,0.4950911548,1.6792143350,-0.5507379793,-0.5337598507,0.1462615852,-0.1935623769,0.2142411087,-0.9200123805,-0.3243038295,-0.7086188082,-1.2902206060,0.1252412095,-0.3679126751,0.7955457921
362,1.6819883829,-0.5543270735,-0.6559803467,-0.1319448524,0.6740816864,0.1803694523,0.1597937186,0.5206310307,-0.1715849863,1.9159405647,0.6418971537,0.6837678263,-0.6297168750,2.9585205226,0.9993431810,0.1218382006
363,0.6368628428,0.4219022425,0.7654344927,-0.5370679463,-1.0733565829,0.6831183807,1.1988910060,-0.4348044151,-0.5264500277,0.8288751069,0.8349280588,0.3647641882,-0.3777696563,0.7799129020,1.4129344412,1.6380987570
364,-0.8357602118,0.0568640136,0.3176461068,-0.4944323088,0.0485705388,-2.2178260638,-0.9775532392,0.4338781654,-1.1490628372,0.6464952905,-1.2294233040,-1.7454457915,-0.4048500352,-0.4859933786,0.1223055192,0.8907357110
365,-0.8127526155,2.8794100898,-0.1931705877,-1.2942489914,1.1394632468,-1.1501787131,-1.5258893571,0.8813356508,-0.4663185502,1.4689585311,0.4653143488,-0.8907661679,0.6246477203,0.0648679408,-1.5012850264,-0.5999631034
366,1.7728486047,0.6907556185,-0.4211151931,-0.2900573677,0.4163258466,1.1334163339,0.2247864915,-1.0280828938,0.2708651893,1.1803380135,-0.4125081315,1.4099628225,-1.0771503938,-0.8648330720,-1.9361578946,0.0943708848
367,0.9428605996,0.2390586452,-0.3140488131,-0.8380306646,0.8370547769,0.4436365725,0.0562754180,0.7008080430,-0.5546959070,-0.5595771946,0.7035139928,2.6760016566,2.2109491259,-0.3815301874,-1.8682832432,-0.2693487461
368,0.3634495341,-1.8692686904,0.4237346748,-0.4261034110,-0.3028066056,0.0794267714,1.2260396647,-0.9388059051,1.5853003753,-0.4786690480,-0.9091978229,2.4579130265,0.0079486870,-1.4539697366,-0.5058950277,-1.2806120443
369,-1.6214747471,-1.0103511252,-0.1087647369,-0.3557628965,0.4991520890,-1.9258764804,-0.2927687156,-0.5056887346,0.2618863626,-0.4415667771,-0.6568611790,-0.2201408692,2.0813634415,-1.0391976596,-1.1313277324,0.3968410664
370,-0.2762454993,1.2915677775,-0.0543198434,0.3500158276,0.5853251661,2.4106380693,-0.6733571841,0.4843943855,-0.2797176200,-2.0256147386,0.3136894529,0.0443036491,1.2212595982,-0.5652125613,1.2800096017,-1.3250609856
371,0.3928495492,-0.5338898602,-0.2167550548,-0.0387810854,0.0319276528,1.2199910762,-0.8328983661,-0.8031342989,-0.2339291656,-0.3005796404,1.6767827482,-0.0075551312,0.0178309548,-0.4069739249,0.3170996182,-1.2431466204
372,-0.4694739489,-2.9677569775,-0.0938224302,1.3213756083,-1.7550016571,-1.7401579117,0.9841708019,0.6483108950,-1.4848871648,-0.2490508015,0.4578677737,-0.2355780850,-1.7810996498,0.9204106158,0.0005002197,-0.4791881890
373,-1.2403008120,-1.6231598449,-0.4114115872,0.7991869837,0.3205076576,-0.7541743789,-0.2348248102,-0.9470922556,0.2008249218,-1.4400584415,0.3423754322,-0.4686743480,0.6270644083,1.3965130147,0.0776140123,0.1918874257
374,0.8603911758,-0.1810261012,-1.0059792198,0.7870539243,-0.4732536840,-0.5895213088,0.2322601044,-0.9929431068,-0.1419209598,0.4071308847,0.7434192175,-1.3401035819,-1.2867475525,-1.2715468658,0.9083127139,0.0220418202
375,2.6565390758,1.0952158286,-0.6859572747,0.4653025556,-0.3479513841,0.2157561528,0.5885591007,-0.3715870220,1.0180851931,-1.2131387350,-0.2529092799,-2.0422655288,-0.2993363448,0.1076173350,-0.3377188319,-0.1138953831
376,3.2054337530,1.5922292594,-0.4068943813,-0.2330587457,0.7197077101,-0.4348788939,1.3810500248,0.0571860614,0.9179870458,0.5882903182,-0.7830207676,-0.3548962892,0.4941832434,-0.9794941734,-0.2937463298,0.0188654211
377,3.0414508760,0.2255520023,0.1243840873,-2.3030567445,-0.7624663807,-0.6030440162,-0.5927272250,0.0709153947,1.4951105975,-0.1294754326,-0.8591596552,0.0323534327,0.4743562694,-1.7820654173,-0.8410215915,0.0936422206
378,-0.5518552903,0.3289036474,0.9391566920,0.0060985100,1.2876821481,-1.3379160189,0.0979917712,0.2960551687,-1.0603454038,0.2372745266,0.7078538603,-0.5377566336,1.1208555813,-1.9919832735,-0.9305975843,0.2423536147
379,-0.0243520884,0.9867455540,1.2058423758,-1.9312218625,-1.9734704422,0.6884893751,-0.7807782869,1.7265897703,0.2849195810,0.1175437439,-2.0589823493,-1.6686065940,1.0773326401,0.0235657841,-1.3304717206,0.0460604272
380,-2.6555025928,-0.3411403833,1.2765906722,-2.0725985018,0.1104940868,-0.0268599179,-0.1934945755,0.6438775911,-0.3929225765,0.2488178312,0.5846089655,0.3835616366,1.0316949615,0.0812730510,0.3017347749,-0.0026035117
381,-3.3012981515,2.0728796174,0.6653448504,-1.5127689588,1.3513917979,0.8493064263,0.5189637296,0.4382429703,0.1431870700,0.6399136673,-0.2662592935,-1.5406790904,0.2596863986,0.4305694537,-0.2202331164,0.8656034746
382,-0.3354907529,0.8941749430,0.5623475683,-0.0395519204,-0.4612459490,-1.1464747249,1.0252526795,-0.9450824556,-0.5129232064,-1.1698712908,1.4839864596,-0.6237596994,-1.2533669127,0.1924509927,1.3924819483,1.2177436840
383,1.6192172129,-1.1704857272,-1.0167704359,-0.8645647723,0.3659083086,-0.9293321548,1.6456796634,-0.3675983218,-1.2499571409,0.1136646323,-0.5392918753,1.0618375175,-1.6461841445,-0.1551698127,2.2048629810,0.5697420086
384,0.5782028468,-1.1429144125,0.5240835778,0.6303696212,-0.9674788422,-0.3838293118,1.4649088367,1.2270271151,-0.0113587848,0.5899610595,0.0207406144,1.5397149931,-0.8298995547,0.9646392576,1.1921233616,0.9880006485
385,-1.2634804709,-0.1234843652,2.3880828742,0.7325383074,-0.7511674560,0.1520117635,-0.1940073819,1.3948272643,1.6726492424,-0.3317276333,1.2115739218,0.8002630368,0.0889530983,0.7231006866,1.0749707750,0.5938703354
386,-1.9821252520,1.2123662142,0.9143335271,2.1264980357,0.4749628327,0.5747151154,-0.3735251763,0.3421734437,-0.7072143341,-1.8994104580,-0.3957891049,-0.7925153188,-0.0730074902,1.3243122677,0.3799241485,1.5119971513
387,1.5346889799,0.8623915559,-0.7947008369,-0.5168009194,-0.7694902051,1.3972001642,-0.5310774401,-0.0065901662,0.7831157980,-0.2201915825,1.3505818833,-0.8485045138,-1.2925217604,-1.0394533053,-1.0494670679,2.3842571939
388,0.7084979759,2.3176284405,-0.5034774728,-0.8062672116,-1.6691950134,-0.1695644428,-1.4319775744,0.0746528723,0.9232419735,0.5269970480,1.0083729865,0.4471617851,0.1926892484,-0.8349196867,-1.6113651987,1.9802469441
389,-0.2267066240,-1.3241151872,-0.9843904764,-1.9470874439,0.6154025084,-0.7325945155,0.4238699509,0.1346455604,-0.7192966482,0.3077244252,1.2329230090,-1.6027072091,-2.3381744840,0.4363876152,-1.2933654555,2.5213708518
390,-0.9652753877,0.7949776293,-1.7871005932,-1.8007873722,1.3523647881,0.5702021727,1.1901606620,-1.7954400176,-1.7502202576,-1.2925773075,-0.2414764890,0.8769397138,0.7491148159,0.9803992110,-1.3548172873,0.3592755370
391,1.3778244458,-1.4468433798,0.1602766756,-0.7613171604,-1.1547685644,-0.8812093975,2.4331775237,-0.8886250683,0.0355539427,-0.3046668056,1.3860929928,0.5643107705,0.0338980366,-1.4235854192,0.2207605496,1.4524937541
392,0.3227240787,0.2119854509,-0.7234777925,-1.3727889263,-0.5458915381,-0.2510259222,0.3161320131,-0.2592183987,0.8326116755,0.4118055585,0.2856594069,-0.1970865462,0.1479468206,-1.0130814642,0.8726433496,0.5544582024
393,0.5205116814,0.8765091061,1.6106510845,-0.5524228354,1.9669848336,-1.9666976600,-1.6302703631,0.7211620080,-0.0060354961,0.9520007337,-2.4458738404,1.6676004960,-1.0856910945,1.0822547755,0.3954383921,-0.2464761416
394,-0.6210840613,1.4872575540,0.4933824261,0.0524441804,-0.6938690497,-0.2915795651,1.2192780646,0.4881417624,-0.1018606813,0.0203401242,-1.8385963088,0.8802151003,0.0388139429,2.9205917365,0.2628836675,-0.4436367996
395,0.2236687333,0.0879257481,0.0201849377,1.5226434825,-0.9434907163,0.2581017403,-0.5373741789,-0.0557370730,-0.7137869153,1.8156987130,0.7132210099,-1.3063220419,1.5414723614,0.7575718743,1.8957062366,0.2522433461
396,0.8263003944,2.8865468019,-0.8541157853,1.6853437356,-1.0984534160,0.6605338099,-0.0104213886,-1.3411341958,-1.5168664778,0.4636567236,1.4148414932,0.9735018149,-0.1073005499,1.0798546508,1.0089549786,-0.3096533234
397,4.1551016631,2.9890243600,-1.5656449286,0.1045438116,-0.1404677523,0.2164491521,-0.8154238729,-2.1256844913,0.1537982693,-1.0741259768,1.2492739121,-0.3999318191,-2.1177102209,0.8945929257,1.5326386591,-0.0818257344
398,5.7759007866,-0.7046845470,-1.6601194657,-0.8504782383,-0.7580598756,-0.7222222019,-1.6281196948,-0.1899532297,-1.4967729994,-0.9529643494,0.7343257992,-1.6763298824,0.2233890782,-1.2313746246,-0.9883835486,-0.3301400402
399,1.5501142428,-0.3126279082,-1.0914579031,0.3741127627,-0.2151531997,0.1875220667,0.4850364008,0.2044120056,0.1176933639,-0.3120022792,0.3785494676,-1.0989774199,-1.2019152724,-3.0485364718,0.8020896717,0.5620442444
400,2.2353809094,-1.2168246133,-1.6708193995,0.6859136960,-0.4226642850,-1.3322637981,0.6736401672,0.2352283875,1.2441130755,1.4763504032,1.8748006188,-0.4395796597,-0.0746126503,-1.2487096570,0.4909930446,0.5528492244
401,2.7049496006,0.2658674734,0.8215583116,0.1547238623,-0.4275901131,0.4576608900,-1.4101785535,0.7682870678,0.6361459912,1.7097120722,0.6005209099,-0.9680897416,-0.6077033861,-0.9075871067,-0.6174068023,-0.2312000906
402,-0.2852997286,-2.1531822565,2.1955396539,1.4885264586,0.6206958099,0.6163868199,0.8015249719,-0.0813114908,0.5372513954,-0.4607845563,-0.2148544443,0.6637369757,-0.8798963552,-0.3214682646,-0.7397629054,-0.4805315328
403,-1.8520000224,0.3497711518,1.7005761116,-1.4386660656,1.5604052539,0.9014698928,-0.9768521288,-1.5604439520,1.4493178759,1.2392667627,1.4736319073,0.3125597307,0.6684954110,0.2561132080,0.9391348603,-0.4484950408
404,-0.9827754399,-0.9616624167,0.3590684299,1.0457531346,0.2393517666,-0.0138982368,1.2480476235,-1.4745798912,1.2871393124,-0.5190397220,0.5004506086,1.0956430240,0.3839804832,-0.4821505290,0.5538811690,1.6447443022
405,-0.0820587267,-0.9327219681,-0.8125729057,-1.0992122943,-0.7192530755,-1.1018332887,0.0776105698,2.4300130083,0.8303203096,0.1467837157,1.1304900276,-0.7777511740,1.5993239345,-0.9480946926,-0.0374503167,-1.0416874293
406,-1.0950620634,-0.8653321177,-1.2131695771,-1.5676055641,-0.9116030609,-0.3713315979,0.3388645549,2.6444680755,-0.0668913171,-1.5499653412,-0.2817245308,-0.2664100103,1.4099445885,-0.7273993983,0.9933490996,-0.6739904410
407,-1.4933549320,0.6054374277,-0.9531282130,-0.7703898773,0.5717624406,-0.3449174229,0.0349770781,0.6498845612,1.5885283982,0.3954424167,-1.5853075544,-0.7624315156,0.9982861093,0.4761352781,0.0556285184,-1.6833697981
408,-0.3733815024,-0.0862626391,1.7347647941,0.1544266930,1.5779104511,-0.1360080040,0.8124354504,-0.8264578067,0.3271306831,1.1656245410,-0.6570507737,0.1010665821,0.6103273901,0.9519418334,0.4262427463,-2.1185078552
409,0.0638251323,-0.0582097463,1.6181984389,-0.6518080355,-0.8717613905,-0.1313958488,0.9415267624,-2.0122410930,-1.1248103821,-0.3589817002,1.3531391707,0.7975123274,0.0576727511,1.0645354076,-2.3300743550,-0.8217661366
410,-1.2585594144,-0.4096563809,1.6923450604,0.2064998431,0.1940542805,-0.9748852814,2.4174150985,-1.0693472102,-0.8178232090,-0.1375335350,-1.5777263121,1.1462668987,-0.7656350311,-0.1143558857,1.1196901333,0.6518544889
411,-0.7217742643,-1.2600819929,-0.9509334723,-0.3981514162,0.0278774279,-0.7281603157,-0.1420436761,-0.2479545034,0.1014114454,0.9620368504,-1.4309267837,0.0190224549,-0.0368605681,1.5254002548,1.1544549206,1.2042591500
412,-1.2645357591,0.5972240890,0.0371035257,0.1769397078,-1.6353025723,-1.0802423814,0.5373472329,-0.8695425976,-0.7453868517,-0.9058395245,0.0080323490,-0.3218571155,0.4974328610,-0.8917833960,2.1259460634,0.3902535864
413,0.5004783559,-0.4029594851,0.0899608789,1.0875495503,-0.9599301844,-1.4038832097,-0.1921757714,0.2478095629,-0.3998030648,-0.4556131365,-1.1376487252,0.5122051695,-0.6196391987,-1.2142693714,0.6593933319,0.3102364573
414,0.4549131793,-0.8369240620,-0.6693874093,0.3797651613,0.8547879184,-0.4694666851,-0.1487777983,0.8407803156,2.3841758492,-1.5701576659,0.4737809561,-2.3107262063,0.5928192326,-1.8890301707,-1.3437383079,1.4419031455
415,1.7439251625,-0.8923045991,-0.8681240228,-0.4332081540,-1.2956979296,-1.2303782049,-0.8584702963,-0.0858211374,1.2892352639,-0.4561036776,-0.6042717004,-0.9950537932,-2.2365519818,-0.6087733948,-1.9319021400,0.8265687474
416,0.3449983951,-0.3524758163,-0.2831966507,-1.5149071089,0.6358275301,-1.5005994267,0.0047676467,-1.9234990450,0.8526915659,-0.8577401230,0.6257699522,-0.8582065417,0.3453985490,-2.0111158455,-0.7401921130,-2.2672170257
417,0.8220744898,-0.4646678967,-0.2488726085,-1.2255086430,0.7341097056,-1.6819331046,1.6300865515,-0.0776253668,1.2519876629,-0.0357807536,0.2905427124,-0.4384900772,-0.0303249104,0.4558534255,-1.1643310594,-1.6119107427
418,1.8352627840,-1.2693768511,-1.1576069142,0.1257212794,0.8586363452,-1.9458888242,-0.0733623029,0.8286602579,0.9993845139,0.4739782471,0.2832312849,-1.6404091166,-0.6987619029,0.3940373369,-1.4725578943,-0.3611958749
419,1.5652267450,1.2571309466,1.0577935444,-1.0660970937,1.0204012895,-0.4243327781,-0.5122634967,-0.3952532749,3.2448195368,1.3868887313,1.0106783318,-1.2378132191,0.6969761926,-0.2121573075,1.0134298788,1.2575393531
420,1.0903534091,-1.0328225264,1.7125926393,-0.8968037749,-2.8731541485,-0.2763367246,-2.0247332448,0.4167745215,1.4676869696,0.5966533156,-0.6597929645,0.9318218304,-0.1398241520,-1.2117704252,0.1192678157,-1.7929987926
421,-4.3501608745,0.8339246970,-1.4363200175,1.6653758394,-3.2848877881,1.1141894550,0.1864316127,1.2352372789,-0.8427364137,0.0230225385,1.1650183903,0.9089958558,1.5582517764,-0.2877910048,-0.5984862716,0.2317066017
422,-1.3522718299,-0.3959325356,-0.3746904415,-0.3325473089,-0.3198283899,0.5289211773,-0.5656859254,1.4261274375,1.0816870322,-1.3276245778,-0.6947480047,0.9517471520,1.6768310286,0.1505551859,-0.2878625557,-0.1344806740
423,-0.9780405681,-0.9531368388,0.8468122362,-0.7827076169,-0.5979299269,-2.1805412291,0.5399130658,1.1509140690,-0.2935764798,0.4978356707,0.4902480324,0.8824456784,1.0758447106,-0.9010009838,0.3604381799,0.7260436465
424,-1.2739996287,0.0031092326,-0.6956840360,0.0810728560,-0.2059374501,-0.9852962797,-0.7122597292,-0.3867986978,0.2996673110,1.5526258223,1.6435218134,1.5626259832,-0.7088501281,0.1272123578,-0.0404676215,0.9686217447
425,0.4181139780,1.8573012779,-0.3190532586,0.6816797624,-0.4049331770,-0.7507557768,-1.4435177756,1.5041026634,0.1490071280,-3.2139843937,-0.6021032293,-1.2307567499,0.8590834230,-0.1414088194,0.9794428926,0.1751158269
426,2.4250242537,-0.5290463776,-0.5243880174,1.3996723823,-1.3010750871,-1.2592055587,-1.2543188578,0.3741240303,0.2029324820,-0.8329743107,-1.9267201430,1.4301352986,0.2675694741,-0.2726019669,1.0210608457,0.8367507543
427,0.5100642357,0.0833870037,-2.6329245904,0.8184193327,-1.3395397523,-0.3370029722,-1.2734666974,0.2275540823,-2.1024233871,-1.3009655765,-0.1573915861,-1.0537979458,0.9904413162,-0.0047694426,0.7025126833,0.9273713957
428,1.3622846127,0.8382118667,0.0260733318,-0.3223001365,-0.3233692283,-0.1146010023,-1.1882914482,0.8797295651,-1.0724816131,0.6541397983,-0.4241074600,-0.9944053197,-0.4920953874,0.9750226790,-1.3492774208,0.5661650484
429,-0.6020779643,-0.2629337574,1.6380581541,-0.2603686748,-0.5825834547,1.5103033728,-1.4657219077,-0.0090265911,-0.7225947682,-1.8719963018,-0.0480594146,-1.2227393099,-0.0150817775,-1.4024329219,0.1197101865,0.4523782754
430,-2.2107403376,-1.2578890024,1.1738243698,-2.1203574512,-2.0235265378,-0.2738999499,0.0951492607,1.2541946237,-0.2989541198,0.7009123294,-0.1223899258,-0.5273905662,2.0095361492,0.6365487028,0.0754853323,-0.8227243816
431,-5.2398580073,-0.6823830977,0.0509232539,0.8405935707,-0.6503912501,0.1052348148,0.2151724245,1.6499706264,-0.4201236771,-1.2517227495,0.4193295281,0.7228739157,0.1881031513,-0.1139155302,-0.0791367636,-0.9863197030
432,-2.0063451137,0.3375995544,0.2346965875,-1.4566094839,-1.8867562813,-0.5527815266,0.2078764755,1.5369045255,-1.0555052953,-1.4432117715,-0.4594864874,1.5795227398,-0.1923411930,0.0181672355,-1.2083970019,-0.2439604295
433,-2.5705622960,-0.6795050514,1.4345556513,-0.5031043259,-0.1572564531,-0.5991507541,-1.5396657310,-0.4372451750,-2.2831522739,-0.5672583999,-0.1127103862,1.8326690819,-0.5479523685,-1.8141450705,-0.2724629162,-0.4035616904
434,-3.5878514533,-1.2470569644,-0.6551157839,1.7554053586,-0.3967902917,-0.6161663524,0.5282249970,0.0909547198,-0.3274643675,0.3013305871,0.0819069487,0.7861530599,-1.2190109473,-0.5615210001,-1.0760399619,-0.4653374266
435,-0.8692706794,0.4903514836,-1.3517569900,-0.4611798205,1.7350390135,0.6620052609,1.2375120988,1.6881358773,-0.5837174230,1.1460316421,-1.1811225241,1.0866971348,-1.5034988633,1.7660904775,-0.6020699975,1.2079038740
436,-0.3070808827,2.1758330232,-0.8994988176,-0.2419288822,0.7679911652,0.3521575627,1.5847012414,0.6780242200,0.1360616042,0.2096245450,-1.9053932889,1.0874252467,0.2472260046,0.5805974015,0.7324072164,0.5806558107
437,2.3350999388,-0.7763894500,-0.4389709405,-0.1219800842,-0.5884520503,1.8278038558,0.4566035824,-0.8015513797,-1.4165861986,0.0593240493,1.3185966838,2.0055366419,0.9438582531,-0.7966536454,0.1943897586,-0.7336136680
438,0.0026919506,0.8620894836,0.2610952820,1.2953615134,-0.1254711983,0.4919198203,0.5384786939,-0.9044199198,-0.9355429855,-1.5599038571,0.1941223264,2.0493506927,1.5408221008,-0.4175701435,0.6843592972,0.5276968727
439,1.5535069858,1.0208453790,0.1825187209,0.1588205864,-1.1841953724,0.0038868439,0.5271482439,-1.9705532994,-0.0353210935,0.4270873394,0.8922015408,1.1039949409,0.5052808079,-0.6489584988,-0.3700801345,0.2780477980
440,1.0139336332,-1.5579033372,1.5522976368,-0.0217928917,-0.6128762098,0.8527133387,1.3225966660,0.0150058139,0.5515065270,-1.3681140172,1.1058148555,-0.2644883398,-0.0706183777,-1.0360970275,-0.5893515745,-0.8772416864
441,-1.3586507261,1.1069731728,-1.0359252473,0.9186310423,1.0527577124,1.1572623213,-0.3902284568,-1.2297276122,-0.5419826202,-1.7358089399,1.2996063997,2.2572784264,0.6432045755,-1.9950563078,1.2624341393,-1.7041530917
442,1.7817185805,-0.1403395886,-0.9624141278,-0.9067692925,1.3202416820,1.5358236287,0.1672373676,-2.6761689362,-0.4527253920,0.0783825869,0.9501105800,-2.6488334673,0.9614595374,-1.2204830930,0.8029650973,-0.3745040301
443,1.9794929629,-0.5544737625,-0.0939918439,-1.0752766031,-0.0538291702,1.4071024486,1.4748153138,0.5108770506,0.3566800043,0.3315399492,-0.0479943883,-1.9706357357,-0.2936727159,-0.2424291248,-0.4448420141,-0.1029693611
444,-0.2543712072,-0.4816858941,-0.1430039763,-0.0441596810,1.3911674019,0.6560834212,0.5146197985,0.1757257556,-0.8083440496,-1.1442752142,0.6742954235,-0.4906682584,0.8769092985,1.4569044961,0.1513581886,-1.0189558284
445,0.2591075030,1.9253919497,-0.1469172313,0.9573311903,0.7523340245,0.6498718529,-1.1476742612,-0.9141356211,0.7540800763,-0.4812267119,-1.2449685474,0.4212704062,-0.1902089220,-0.2746902280,-1.1440651250,0.7810041168
446,2.9996444905,0.7521825552,-0.5842443806,-0.5096022961,0.2563143078,1.1197617310,0.8811312991,0.0741402034,1.4535155243,-1.0540943726,-0.5994302426,-1.5260754020,-0.8305800265,-0.1556140371,-1.5630256440,1.1988954019
447,2.1948164063,0.6027055781,0.6672131361,2.3784875140,-0.1598093216,0.1395567419,-1.0154841430,-0.3236323087,-0.8805726969,-0.3893434272,1.2068702223,-1.1724717053,-0.5192411451,0.7507290924,-1.0058845055,0.9228823668
448,0.7867204680,0.0778634129,1.8085941154,1.3668692725,-0.5380601537,0.2599713278,0.7469243516,0.2852374889,-0.0395430107,2.7290922804,-1.3687803577,-1.5894978544,1.2725310453,0.7389323742,-0.8771114866,0.7820863013
449,-1.3869751795,0.5787893797,-0.0300763017,-0.0768993159,1.3269711693,0.6089835317,-1.1567316582,-1.2091539136,1.3675577409,1.3827836044,-0.3412480073,0.2296234802,-0.7952765420,-0.0449765146,-0.8629479551,0.1116696215
450,0.4388912149,1.5252852530,-1.1016780943,-1.0553906739,0.1731061696,1.9451233804,-0.7558365068,-0.4079887988,0.5425892506,1.0976024830,0.1352275896,-0.6910053447,0.6691569698,0.4077352397,-2.3228396976,-0.9797665444
451,-0.2886923732,0.4670291847,1.2307275844,1.0669252728,1.2358659289,0.2768975438,0.6071881285,2.1536882154,-0.7928994540,-0.2185385841,-1.6066412535,1.5819621208,0.5826229054,0.1581790195,0.2328960642,0.3061370204
452,-0.2238972567,0.4860163860,1.3976902965,1.6522661352,2.1566765446,0.6787933653,-0.6370743978,0.5469792427,-0.4827178606,-0.7530522926,0.7491746119,0.9355112792,1.2009778269,1.1288967509,0.5238233033,0.1041871564
453,0.1027971414,1.0146671471,-0.9752853820,0.6418684531,-0.3731288049,-0.3435387342,-0.8869253411,-1.5611065855,-0.2542972085,0.3154235780,-0.6820869636,0.7953540908,-1.5010991954,-0.3672176341,-2.3224296108,0.5934574482
454,2.2263533002,0.7397847569,0.3177009072,0.0156672762,-0.8614288752,-0.4146119174,-1.2640177163,-0.4861222020,-0.2098513100,-1.3121076908,-1.0692082367,0.7717523433,-1.1567460700,-0.1311474644,-0.7343578247,-0.1929852877
455,-0.3654353972,-0.2423799590,-0.8783372480,-1.9942483330,1.8396137324,-1.0418371466,-1.8397527008,1.2444558341,-1.2556914496,-0.4702505932,-0.1918814713,0.5062047666,0.4769362100,1.4173807027,-0.4836285876,-0.5584113908
456,-0.7124504925,-1.4032493587,0.5801010679,-1.3214304426,0.8411279394,-0.9230816697,-0.3149493118,0.4523059096,0.4714704301,0.3146507761,0.2559834517,1.9652865225,-0.4265788095,0.9319288414,0.7031764789,1.3355662022
457,-1.2489620490,-1.4395673195,-1.1638681262,-0.4568834741,-1.2935234762,-0.0524204433,0.1958961786,-1.2005919149,-0.3574268387,-0.1513407387,0.5921469485,2.1028967060,0.7810112682,0.2177176130,1.0442209187,-0.2941675964
458,-1.6993452218,-0.3772292463,0.5415804304,0.0655765955,0.2122626147,-0.2013995943,1.1429986416,-2.7184666677,1.7392769474,-0.8966081535,-1.7519517656,2.9096444305,-0.8789862225,0.8904235961,-0.1199813510,1.0325028155
459,0.1541446757,2.7650205247,1.1404300025,1.6271654960,1.5804825741,0.5104502383,2.1589566416,-1.8832403011,0.9473205312,-1.8964036905,0.3174025134,-1.9350607372,-1.0465023021,0.5900407652,0.8030191640,0.1741936410
460,5.3782854778,1.4261109714,1.2651734420,-1.0816020347,0.3861075428,0.4209246535,1.4899209185,-0.3663895887,0.3636914856,-3.3005555063,-0.7449668041,-1.5697906833,-2.1316182726,-1.5364399572,0.5725371681,-0.7864802382
461,2.4490181923,-1.5283249942,-1.3179960491,0.2177702154,1.2300179496,-0.4261150931,-0.0452764466,-1.8614473320,-1.1748828054,-0.6329883557,0.4823456536,-1.6319056603,-1.5434166573,-1.2013037995,0.8878427443,0.9672009474
462,1.8800066664,-1.2274420688,-1.5617961276,0.7689659521,0.1448591452,0.3199777288,0.6752960850,-0.7812607173,0.1716982027,0.1090922985,0.9518232598,-1.1495873861,-0.9198496914,-1.8591882810,1.2954439367,0.9534849891
463,1.8571814088,-0.5154373102,-0.5192978352,-0.3796891767,1.1253393076,0.2799011061,0.9695430208,-1.1675712997,0.4189870026,-0.6028688664,1.7532475865,-0.6960056578,1.1661759996,0.0966786699,2.0585898499,-1.1582717990
464,2.2993410461,0.7911813337,-0.0115184362,-0.0802766206,0.2285999806,1.1008573241,0.2865753827,-0.5065636589,0.8316028819,2.0179014571,1.4765601902,-1.0695987901,-0.2279148587,-1.7887750943,1.7269846021,-1.0741855080
465,1.0077238779,-0.2377971307,-1.4454124971,0.4652038512,-2.0258224146,-0.9511602006,-0.2384726573,-0.9604202947,1.7206709980,-0.1117933319,1.7911556614,-0.5816626018,-0.9123982277,-1.2886078623,1.5136618705,-0.8065351845
466,1.7947915199,-1.2288850788,-1.1790001265,0.5402157337,-1.7309352514,1.0012670709,-0.0754212581,0.4271281072,-0.2177045534,-0.6537908971,0.8358023726,-1.5645681627,-0.1192842788,1.5024743802,0.3292937872,0.8383235850
467,-0.5768796640,0.7175849212,-0.3434804610,1.3661833866,0.2386534950,-1.4628640427,-0.2766284735,-1.6260806525,0.8975544413,-0.1331981799,-0.4088751576,0.4261934121,-0.4557455689,-0.8248992631,0.1261906122,0.2744301642
468,2.4575715159,-2.1865817819,0.3111230685,1.5141158963,-0.4568063855,0.3373416519,0.4183382824,0.0741577983,0.5009727639,1.4822888590,-0.2862844643,0.2600576089,0.0111136254,0.3102899034,0.9868554784,-0.6759650614
469,-0.7704527540,-1.7235522186,-0.3704850176,-0.2097071730,-1.4754798127,-0.1246804700,-0.8974659135,-0.0557964923,0.0355490801,-0.0939486893,-1.0975311863,2.2390488867,-0.1100228694,-0.3947072091,-1.3097485299,-0.5324182877
470,-2.2869438157,-0.7771689080,1.5277777887,0.2947999245,-1.6454859546,1.4770599587,-0.3761480529,1.3882199534,0.1719505929,0.1201049294,1.3174500105,2.2703885533,0.6027212727,0.6483814322,-1.8171311456,-1.0107967537
471,-4.3775224085,0.1951012718,0.2698976253,-0.5668579566,-0.4917476874,-0.2087704687,-0.5844194048,-0.0258554239,0.5929213468,0.1625573258,1.9452372275,0.6368650811,-0.6537315710,0.1408828370,-2.7083494950,0.7483644076
472,-1.0232485596,0.0650352490,2.4678035020,1.0232567262,0.3180919942,-1.7107015529,0.1478212859,-1.6738374899,-0.5467494768,-0.3998385334,-0.3044837871,-0.0707347324,-1.9999533045,-0.1039347807,-2.3150668577,0.6647685548
473,0.5230595645,-2.2478638443,0.0042308218,0.5232729429,0.8588319672,0.5164663700,0.3027051567,0.1358185327,0.1282350864,0.0268918237,0.8540936725,0.5195326067,-0.6477052771,0.6988743233,-2.7240918221,-1.6281410030
474,-1.0693214247,1.0412420704,1.8241903144,-0.4979211125,0.0715445141,1.2241842376,1.0931089802,0.4439399068,-0.6762029808,-1.0410630408,-1.2285575043,-0.2964157094,-0.0955854358,0.9032788988,-2.0790117156,-0.7214056577
475,-2.0308676436,1.7287003427,-0.1123447990,0.9012861771,1.2335588609,-0.2209282767,-1.6768169116,0.5371311851,-0.8479622262,1.9862598262,-0.8865776434,-0.3815762332,-1.2493318837,-1.4555867651,0.7139359781,0.0656720756
476,0.8275764068,-0.1835446180,0.1214087869,-0.0973692698,0.1309925171,-0.4089178815,0.2742486411,0.4402804115,-0.9087724062,0.3192370001,0.4175802295,0.5283264534,-1.9780686721,-1.0327671920,0.2359221728,1.2815336702
477,0.3775441820,0.5977195935,-1.1042951461,-0.2461372303,-1.3220340529,0.5592865625,-1.1210852882,1.7786634621,-1.1142632905,0.2816384680,0.2784590041,0.3824523021,0.2997582844,0.0650623202,0.5636339588,-0.1973423051
478,-1.1096534673,0.4027935686,-0.2984718824,0.8852119811,-0.0433425774,0.2811514050,-0.0903659372,1.5485122694,-0.8883483081,-0.4196112019,-0.2169537910,0.3865147547,-0.8377855787,-0.9009835883,0.9419524063,0.3283512247
479,0.5378240356,-0.4324548473,-2.4824340858,0.5998834072,-0.5000075502,0.8258934102,0.2251511479,2.4644312175,0.1338190670,1.0785112553,2.2332936325,0.3401866742,-1.0167715542,-0.8002115617,0.9969700612,0.7494714123
480,-0.2184831673,-0.0507827229,-1.5694864352,0.6729373226,0.1687727431,0.7468260791,0.4518318915,0.3667480666,0.6896865512,-0.8711903320,2.1117166492,1.5100960228,0.6034223310,1.6088003325,1.7128881076,1.1872096019
481,0.9842610994,1.4812514824,-0.6425450110,-1.3465910105,0.2148542495,0.8825139703,-0.5266576357,-0.1952972052,0.0406914430,-1.8538067241,0.6412643145,0.0968118431,-0.1303796387,-0.7000861740,1.0368960103,1.0463409157
482,0.3190059668,-1.0877467709,-1.1844788491,0.6148165494,-0.5288941180,1.1560838754,0.5204893760,1.2770911400,-1.0038610183,-1.9299003619,-0.4379957197,0.2922712145,0.2196269492,-1.3266143796,0.3440052371,0.1831121728
483,-0.5799340541,-0.5903928201,-0.5499307185,-0.5095597274,-1.0973306859,-0.6261510833,-1.0977400780,0.4889574740,1.0885881412,-1.5070864896,1.0147989708,0.0708474565,0.8557415402,-2.5924564074,0.1419287114,0.2430447539
484,-0.2601008668,-0.3825578421,0.7958347259,0.8160326585,-0.0763272754,0.6471620139,-0.2773035053,0.3086971216,-0.6386851296,0.1068367573,1.5332007390,0.5860653520,-0.6618019696,0.6257008078,0.3682518755,0.5837418339
485,-0.8527541254,0.9361965353,0.5581417920,0.0559682197,0.9180793520,0.7721122748,0.0785213174,-2.6665293211,0.5689257788,-0.0324804216,-0.3874976561,0.0288921766,-1.0406846425,2.3470395707,0.2680096340,-0.2363963566
486,1.2056127441,0.9744761364,1.5828291698,-0.3747662884,0.0546591140,0.5001295415,0.8272203860,-1.1738808950,0.7261419210,-1.5048043518,1.5442984389,1.5570203041,0.0249639589,-0.0051683396,1.6187998921,0.8372519545
487,1.0824573000,-0.8637689342,0.6562484403,-0.2147511489,-0.4091578379,-1.4205193951,1.5813686957,-1.4438918298,0.2610169782,-0.6122274665,0.8062497725,0.9949775287,0.5007256932,-1.7413787928,0.3972175685,-0.4188680280
488,1.2172523998,-0.7014766355,1.9068464222,1.1822329291,-0.6444379225,0.6032231585,0.2385937484,-1.8388002534,-0.9533787983,-0.4335037056,-1.3146233666,-1.6673549987,0.3743930056,0.4661970769,-0.6165363667,0.6312215031
489,-1.2364960863,2.7022358731,1.4265678767,1.1624998500,0.5655253010,1.7046003512,0.4900073980,-1.0767940946,0.4481508149,0.0247469554,2.2576440919,-1.6359032445,0.9276525108,-0.3138621980,0.0407218301,-0.7092205001
490,1.3943130789,-0.3716199126,0.1626481939,0.4156896175,0.9567683014,0.5359760687,0.4458881850,-0.5652385677,-0.2780460713,-1.5764087366,-0.3984237024,-0.7256332350,-0.2009755370,-0.3228474363,0.1277054673,-0.0209046098
491,0.6898813310,0.2944316056,-0.4692476658,-0.1835950965,0.3290304562,-1.4132991957,0.6568692330,-2.1085719539,0.9350949383,-1.2789000363,-0.5230579256,-1.5717704746,-0.5997229663,0.2140054425,-0.4237801790,1.0448466044
492,3.6279025773,0.0657384841,-0.9381134784,-0.3728036794,-1.2355453567,0.6821660805,1.1321667666,-0.0739601414,1.1918020504,-0.7491990600,-0.5851594287,-0.3376338413,0.0858876034,-1.3696482582,0.9065194855,1.2760075299
493,2.0022732809,-1.8502602748,-0.3151346815,1.0837241774,0.5483506377,0.1697025762,0.9258719507,0.0292238339,1.5395769166,0.7436382264,-0.1945170164,1.5259493164,0.5255350698,-0.2121820149,-1.2134869241,-0.3096954919
494,0.3303933362,-0.4737843283,0.2858249174,0.6298271433,0.1428280519,1.7970680360,-1.3469185398,0.5256635789,1.3300867435,0.6331485784,-2.3118295290,0.7247077414,-0.8649137055,-1.1518275036,-0.4957865658,-0.1967490614
495,-0.4661030847,0.0244029648,-0.7329745518,1.5579853287,0.0751362658,0.2411207154,-0.2291081780,-0.2621346989,0.2170333128,-0.1900991420,-0.7064577277,-1.3882052418,0.4869136603,-0.2409118962,-1.9907397160,-2.2941260302
496,2.4554806977,-0.2758546497,-0.4251371030,0.9106216593,-1.0681711176,-0.8614338213,1.6282337173,1.6454413577,0.8873579731,-0.1986878164,-1.0639265728,-0.7089605367,-0.4697949929,-1.3268905839,-0.5404877407,-0.9281249058
497,1.4804463908,-1.3171065892,-1.5789167583,-0.8244356965,-0.1925785425,-0.4149315601,0.7208039385,0.5489232729,0.2288761004,0.5822683858,0.3221831868,1.0685311103,-0.1347273245,-0.4961909109,0.4293530070,-0.8059250398
498,0.0122712060,0.2402120435,-1.0492510279,-1.8086112235,-0.9261777893,0.5076146807,0.1663148975,-0.1817989998,-1.0141332879,0.6430504640,0.3085015729,2.1766849407,0.3117296651,1.6639556608,0.6292176459,-0.1823703187
499,-0.8812177640,-0.4832975572,-0.1438760325,1.0446273826,-0.2028639982,0.4503425701,0.1789591601,-0.7014214665,0.8038556703,-0.3514963778,-0.8894693608,-0.3640172391,-1.1054399536,0.8749708668,-0.7705950541,-0.5926225558
500,0.1305065386,-1.7880991325,0.6663005150,2.2576259233,-0.3542771146,1.5064020455,-0.8700896570,0.5881325827,0.8547653191,0.6086465227,0.2802297585,-0.8832977189,-0.5308442999,-0.6548138895,-0.3581938853,-1.6396065048
501,-1.5132166165,0.5437774615,0.4388676609,0.3790751777,-1.5439635946,0.1488230087,-0.3425859785,0.2121287473,0.5088104590,-0.2510545639,2.8620769598,-0.6125436313,0.2084210742,-0.2266273217,-0.8094142700,0.6565677546
502,0.0336936515,-0.1111011790,-0.7112060630,0.6050939494,-0.5658809699,-0.5553388041,-0.1519967359,1.1160286249,0.7409533212,-1.0694530580,1.3736537811,0.0817771071,1.0883743776,1.2540614296,-1.9334840557,1.2791680602
503,0.7658460732,0.6890545376,-0.5916925456,-0.2588246048,-1.4251188010,0.2241193783,0.6855969225,-1.0713310825,-0.6893448234,-0.7437381574,0.4609203173,-0.1769865716,0.8660746941,0.4984201203,-1.7149951466,0.3563634189
504,0.5195988637,0.0615312497,0.0042486271,-0.0532201398,-0.9892869140,-0.4167249767,0.8781113625,0.6527246979,-0.1486891677,-0.0671507136,0.4581764036,-0.6427916640,0.9401219919,1.9890453971,-0.7526014655,-0.2153577077
505,0.3864208706,1.4496458883,0.4324973617,-1.0401360860,0.9157234776,0.4930040021,0.8300664554,-0.6441816206,0.0208235342,-1.4587505251,0.3786355851,-0.3259497565,0.1343406911,1.0280172572,-2.7069380178,0.8322830991
506,1.7082322686,0.7502207333,1.3175127296,-0.0353423320,0.9308239541,-1.5692651304,-0.1127631977,-0.0156947640,0.3656013682,-0.0976191416,-1.1676773978,-0.6776249222,1.5026240730,-0.0457487749,-2.9788181968,0.4831326330
507,2.7254896288,0.9172767109,-1.7876501569,-1.5582650862,-1.5894487591,-1.2256906313,-2.4084603408,1.1174898684,0.6613726102,1.4903431258,0.1930513552,-0.4752915407,1.7877849625,-0.5465691616,0.0066008399,-1.1224218023
508,-0.3198760181,-0.8635563946,-0.2218971646,-1.4249012788,-0.1991574199,-1.0655237503,0.3933004669,-0.6678493193,-0.5453703708,-0.2155956804,1.0003045801,1.0174784909,1.3295177338,-0.1606867589,-0.7335764298,-1.0923357812
509,-0.5665147247,1.6754640587,0.5508753285,-0.5598628157,-0.4134150922,-0.2599957395,1.2639093914,1.4330376407,0.5630380810,-0.9370285597,0.2828627715,0.3570329310,1.0209546528,-0.1569911879,-1.7358683600,-0.8499991429
510,0.0564234102,0.2904304860,-0.1349980803,-0.3489562975,-0.2242141707,-0.6519031699,0.5907809767,-0.3728459244,1.8520664704,-1.1731310437,0.3420875974,0.4190158732,1.1608648654,-2.5872196515,-0.1577506591,0.6667979724
511,0.7160089742,-1.6628510591,0.4138080471,0.8164934491,-0.4430292457,0.1466448412,-0.8812185453,1.1788573672,0.0065826341,-0.1123802416,-0.3498748013,1.2350147894,-0.3904259206,-2.0961459771,-1.9495695190,-1.5149214791
512,-1.5385130698,-1.1926129942,0.3582792702,-1.0581795126,0.7607609364,0.5473964673,1.8887474106,-1.5289735516,0.0960076942,-1.1046411349,1.0150711094,1.1393092557,-2.1974229716,0.7145118289,0.4259443997,-0.2731264448
513,-0.2678898017,0.1871733215,-1.4316150287,-2.4464853012,1.2267256983,1.0746756194,0.7320435806,-0.0386400094,-2.6255985954,0.4277984309,-0.5976651415,1.2605086081,-0.0989381891,0.7386251463,0.4416306627,-0.5031136525
514,-0.9661360473,-0.3659245111,-0.6127368891,1.1695209755,1.3511838072,0.2416066533,1.5369743503,-1.7088521998,-0.4511541175,-0.8193679092,0.8043352573,-1.7856917336,-2.8449574291,0.6272957310,-0.6485489834,0.1860899405
515,2.5132435465,-0.8750352268,-0.5024119423,0.1207611908,1.9819442818,-0.8471805495,0.1505179531,0.8318222553,0.7660580302,0.1638861512,0.6901711070,1.7086167360,-0.3154978855,0.7089980308,-0.4115378991,0.8956568133
516,1.6144090544,0.8887364894,0.6519318374,0.2401021918,1.6497694935,-0.4151498223,0.3045106223,-0.3895014572,1.6439214964,-0.6978696300,0.1001747254,1.1212877423,0.3339268295,-0.5499513922,0.2082317235,0.4311856087
517,2.7388332485,0.6927925764,0.3321977558,-0.6658645350,0.7154003402,-0.0224889383,0.9647019329,-0.5454684493,0.4869609525,-1.1631107103,-0.6819563807,1.5899219606,0.1920920186,0.8944880989,1.4365965243,-0.6621929630
518,1.9172276120,1.6886785966,-0.1500133279,-0.8315156242,-0.1819109521,0.2154483374,2.2705247921,0.4653479076,-0.3902707300,-0.0330991476,-0.1819248293,2.5630270318,-0.7166889837,-1.8435096554,0.0987668549,0.1925234892
519,1.2271319045,-0.0133837487,-1.0067989075,-1.0244372393,1.1930359952,1.3251769563,0.2212808022,-0.8195610829,-0.6107436694,-0.8431406489,-0.2033418357,-0.1589348184,-1.3713659286,-0.5040779420,-0.7900697156,-1.8860611021
520,1.1638435842,-1.5540993823,2.5877350424,-0.4687904913,0.3515315269,-0.0196608400,0.1319747098,-0.1408816178,-1.0280189390,0.7322238547,-0.1085339149,1.5482428967,0.1866719673,0.3502651505,-0.4705469332,-0.4146320326
521,-2.7812540942,0.9573488665,0.8315625604,-0.6204756715,-0.6809106470,2.1988995013,-0.4259021933,-1.4226934598,-1.0243645762,0.6833722043,-0.9683119859,2.1977798648,-1.4020829908,-1.6016478703,-1.7166977261,-1.7691809445
522,-2.3951340997,-0.1005435034,-0.9252892657,0.6020253339,-0.2724490764,-1.1679111762,-1.5448374442,-1.4685462077,-0.1802658200,-0.8008341678,0.6905536243,-0.7461414855,-0.6752085382,0.0957932619,-1.5206060193,-0.1023902472
523,0.4176388106,0.6060449377,0.7735769795,-0.6003650842,1.4105331653,-1.3003674189,-0.1807676930,-0.8669859998,1.6076985469,-0.7263769875,0.4158959995,0.3960984745,0.9879190086,-1.7685152301,-0.1451976743,-0.5760024723
524,0.9442380867,1.4527770087,-0.3577460016,-0.0284412481,0.8995174848,-1.1580693740,0.3716350306,-0.9969774849,0.5664525477,0.4711118581,-2.3799234185,-0.5184103641,-0.1642984138,-0.0766840249,0.3588887681,0.8133625905
525,2.2131693749,-0.6003614739,1.3290063132,1.1943492256,-1.5363500807,0.1750499095,1.3270252035,-0.7788481635,0.1345447738,1.2159782055,0.3255112804,-1.9632830131,0.1933191754,2.1002343996,1.0119431992,-0.1855113095
526,-0.6620286025,0.2494346533,1.7838941156,2.0037464861,-1.0632518971,-1.0179055561,0.1001774736,-0.3170965616,-0.6579549052,1.0307988224,1.1527968725,-1.1243929589,0.1103207754,0.4890426397,0.6418187483,0.3329768570
527,-0.3362881583,-1.8551233201,1.3943083177,1.7705222363,-0.4208111380,0.0534537302,0.4227255494,0.1261715071,-1.2089618175,-0.7443497627,-0.4771619569,-1.0017402409,2.2429846308,-0.2475795606,0.3830254747,0.0550438368
528,-1.1441286637,-0.2816290956,0.0878765092,-0.3176584978,-1.0304508465,0.2584883027,-0.6317697244,0.4098459728,-0.4769671132,-0.6130091761,0.1995561006,-3.6027917067,-0.0209625217,0.5704410597,-0.2837180842,-1.0538553060
529,-0.6504067266,-0.2269143674,1.7805506035,0.1826288015,1.4165781969,-0.8225928191,0.4524509961,-0.1284646397,-0.3682674775,-0.7269195132,-0.6897995459,0.5875006216,2.2259948483,-0.4305135900,1.2729440990,-0.8086630427
530,-0.4889161030,1.1220038173,1.5870748841,-0.4686844884,0.4936729262,0.9279655791,0.9773656947,0.6569361753,1.1802707368,-0.3375559713,-0.9507756545,1.4000994247,0.4013796551,-2.4430890341,1.0063284365,1.4348806490
531,-1.1961192685,-1.2168187007,-0.0737324937,0.4176866976,1.6537315901,0.4281024783,1.5079581575,-0.3788027875,-0.8445820797,-0.2976520977,-0.5796126364,0.9033263689,-0.7922547789,0.1014810374,-0.5121444973,3.0383715492
532,0.3838866803,-1.2246046032,-1.5570864105,-1.2802005589,2.4628171130,-1.0569339702,0.8059527805,0.7959308631,-0.8537094533,-0.8887783131,0.7056981171,-0.6290797099,2.4154453041,0.2035981274,-0.3376450521,-0.3375285305
533,1.2063195103,-0.6159242148,0.2705409940,-0.7384330611,2.1368265154,-0.2896625596,1.8160188751,-0.8548661369,0.9631830145,0.2035221083,2.1976215717,0.6300376291,0.8168347694,-1.6564555276,-0.6359053760,-2.7879707673
534,1.7475245775,-1.0330578619,-0.6420553937,-0.1215716553,1.3980813202,0.2138964050,1.2718761101,0.9912011654,-0.5614256222,1.2024018029,0.8648593326,-3.1637263925,-0.0541948493,0.8324689538,-0.7848851911,-1.4529822126
535,1.2036576425,-0.0518681591,-0.0518795625,-0.0711778950,0.0465230631,-1.8619684603,0.7582289018,0.6383983337,1.8126220338,-1.6141848519,-0.0316469672,-0.4905186888,1.1705747892,-1.4540389441,-0.3035378505,-1.8261854913
536,2.6219631676,-0.5065120139,0.4189397588,0.3236304505,-1.4886832276,-0.0591217594,0.6083997984,1.5608493531,0.7057772964,-0.5636994799,-0.6846520490,-1.2027208294,0.5926145052,-2.4411261564,-0.4472151153,-1.5022330605
537,0.0541361804,-0.1305314158,1.6003877228,1.8882365321,-2.0609188766,0.9126287268,-0.3056668895,-0.8887083747,0.8041348874,-0.1368261857,1.4715283482,1.4071951390,0.3945308911,-0.7921855155,0.0726454778,-0.8889796776
538,-1.0382464743,1.2223537789,-0.8059646408,-1.5864476050,-2.9338105621,0.1646895698,-1.2509918909,0.0071803692,1.5979646714,-0.8628422434,-0.5739211871,1.3121624628,0.7851146741,-0.3819805559,-0.1220782036,0.4132323227
539,-0.9452735910,0.0382806864,0.6369670639,0.0787454207,-0.5775824263,-0.0417675601,-1.6289589008,1.8757633828,-0.8829191753,-0.4352200303,0.2945565455,0.5352070972,1.4254639765,-1.4199679465,0.1842984010,0.6857911486
540,-2.8634365822,-1.3800201592,-0.0589827643,1.0236439822,1.9296043115,-0.4458833618,1.3310968029,1.0235940070,0.8518850809,-1.3232639172,-0.6154731042,-0.3105221278,1.1033813254,0.2488445976,0.8664071768,2.9021136138
541,0.1630660129,0.0769219332,-0.5144895469,-0.8324273221,1.0242005535,0.9085136463,-1.2205394487,-0.4290063681,-0.4142606911,-1.2832804116,0.0629671416,-0.5906812768,0.4268692890,0.4495567797,0.7704458549,1.7099700492
542,0.3119870009,-0.8201439265,1.2741857070,-0.5796286638,1.0716586342,-1.2889804784,-1.7074456380,0.2508610096,-0.9534970825,-0.4720059763,-1.0341897467,-1.1059673449,0.6121574944,0.3878558481,1.3577983846,-0.4552797368
543,-1.9787634726,0.0918284796,-1.0038825911,0.8867044634,1.1371389358,-0.9394505554,-0.1505945705,-0.5696439008,-0.0337487450,-0.2360995481,-0.1660714256,0.0975437763,0.8969151859,0.8696389917,0.7835978821,0.3556797211
544,1.5724847575,-0.6448836974,-0.4558132282,1.8218568286,1.8246873428,0.3152630990,-0.5857904204,-0.3292115072,-0.5998534527,-0.0584166302,-1.4530068530,-0.4250216790,0.6390199100,0.1704630031,-0.4084450879,-0.5052406240
545,1.1169204852,1.4854501242,0.3727591895,0.5970390706,0.5210131889,0.7974821372,0.0895718713,0.3483874656,0.7605240613,-1.6507417143,-0.1285702205,-1.6063673241,0.1767393612,-1.1371713991,1.3574582688,-0.1107394634
546,2.3452903362,-0.5637731746,-0.9671032048,-0.4240295413,0.3128590800,0.2128850182,-0.0547561547,1.2544382243,-0.4656731437,0.5373087291,-0.6838951218,2.1065544053,1.4023485475,-0.3835758267,0.3504289243,0.2519661046
547,-0.2282438112,-2.1846559193,-0.5765119716,-0.9804656958,0.2780493748,2.3548805141,-0.1403134929,-0.5154970936,0.7257625787,0.7912991446,-0.7161475567,2.8461435829,1.0449707706,0.6086774682,-0.9626185277,-0.9876736037
548,-3.6650853043,-1.5709668026,-2.0493259530,-1.2184150406,0.2315600887,-1.3744609293,-1.3093907975,-0.7165574659,-0.0763934900,-0.3350384610,0.6643165603,-0.0050497394,-0.1760556544,-0.2545283107,-0.1094017139,1.1558905222
549,-1.4738762486,-2.3926660509,-0.0825850345,-0.3420281438,-0.7558430862,0.7200357116,1.1801898129,-1.2854466755,-0.9622511277,-0.6035686390,-2.4328948469,-1.3275127645,-1.3063229252,0.4661345552,-1.3960487559,-0.6222515012
550,-2.3304359352,0.0081958313,1.0140218854,0.9377973918,-0.1463962094,2.2024940794,0.9860981649,-3.7787000044,0.4623741424,-0.3004548358,-1.2250789358,0.9657621406,-1.5644179115,0.9567953807,-0.3176617301,-1.6634673203
551,-1.4892352676,-1.5513434513,0.8798095068,0.8318219217,0.1143936979,1.6687405998,0.3861750093,-0.0084819556,-1.2967340230,-0.0591774871,-1.2091373547,0.9156908881,0.6863546315,0.4136741150,0.1028175241,1.6543276950
552,-2.5575247799,-1.0022875565,0.0357835871,-0.2690020099,1.1838667488,1.1105387207,-0.9062475632,-0.3663227884,-0.1673991627,-0.7448708416,-0.5668993882,-0.8760126667,-0.2116876045,-0.2040535114,2.7249290691,0.9441607037
553,-1.9353345821,-0.1291171853,2.1041528040,1.2348357130,-1.4008121141,0.6340211885,-0.1988612924,-0.3828174466,-1.0107630753,-0.3801396073,-1.4194111782,-0.7284552436,1.4592976610,1.6337992935,1.0910921432,-1.0788774474
554,-2.6197425881,-1.3474598043,0.0944814853,3.3836815929,-1.5512441126,0.2870610966,-1.9755279066,-0.2643730406,-0.0376970807,-1.1285355943,-1.3314047435,0.2857352828,0.1683023975,0.4004846787,1.5077635399,0.8030123712
555,-1.5038328568,-0.7026719815,-0.8948140467,1.2844300811,-0.6283751639,-0.8795983696,-0.5998142494,0.1897602176,1.0743318096,-0.6034151667,2.1032044630,0.4310257201,-0.2041298784,1.0591166730,-0.2706658640,0.6133380575
556,1.5425041612,-1.0293173436,0.8583671084,0.2617624558,0.9426636507,0.0379385196,0.5497039420,0.2868289407,0.8507189037,-0.1952837195,1.4084752996,0.6253620093,2.6540950214,-1.4751061536,0.1967391485,-0.9088658074
557,0.2698570011,1.4809987473,0.8482120415,0.4490785690,0.6971870405,-0.7931274896,-0.2454897906,0.9019222541,-0.3393850563,-0.2416388799,2.0763333547,-0.1652433101,0.1271207635,-0.8968611911,1.3703149020,1.6486100147
558,1.3071854726,0.7356443397,-0.6289483428,-0.0907495990,1.0061019816,-1.5621589434,-1.2371059800,0.4300654075,1.0649193810,-1.0886853831,0.3425806932,-1.6430006419,-1.0254245637,-0.3042833180,-0.1589295517,-1.0127869717
559,2.4156273152,0.4730491236,0.2942668514,0.4977984803,-0.4053696906,0.5501327812,1.4032239947,0.6338313777,-0.8599473070,-2.3481734294,-1.0414644980,-1.5045204142,0.6444392830,0.7787310889,-0.7491832420,0.9075645196
560,1.7460593571,-0.2018072580,0.7834109416,1.5888754489,-0.5007011129,0.6867584096,1.7082033803,1.2436983514,-0.7991436870,-2.8834390804,-0.9445949583,0.4253822676,0.3657551809,-1.5538697512,0.9873648719,-0.1603124872
561,0.2274879198,0.2903676338,-0.1620140517,0.0795057332,0.8038371532,1.9653030330,-0.2249337232,-0.8821351751,-0.6281279154,0.5426620474,0.6217030706,1.6795492532,0.4894295245,-2.0604788136,1.4737130498,-1.0447459778
562,-0.6144141984,-2.0572869032,-0.6358141057,-1.8302803790,-0.9109421745,0.5301026686,-1.8959273481,-1.3245191208,-3.1851305070,-0.6475133000,0.6171876979,-0.1617639810,-0.1625814266,-1.0833536826,-0.5611988323,-0.4299331381
563,-4.1533755847,0.2932827991,0.9025724248,-0.3319785052,-0.9667033755,-0.0223503186,0.3079923079,0.8944373828,-1.0509613539,-1.8774947903,0.1585402421,0.4089395314,-0.4263142158,0.4331278794,1.5231043769,-0.0420421915
564,-1.3814544086,0.5609548232,1.2198751193,-0.7811891345,0.5605706481,-0.8335052010,0.2003953599,0.0514287557,-1.0190397959,-1.7066380478,-0.4810972074,-0.5457468217,1.6383498563,0.7986879243,0.8858662284,-0.8096479781
565,-0.0403095858,-0.2263052560,-1.2061956737,-0.1175844313,0.1434429769,1.3569013717,-0.8287774434,-0.7593418864,1.4124327771,-1.1050902784,-1.9524397591,1.4794547589,1.2894976700,-0.2690711631,0.1519957933,-0.1439666241
566,0.9840578109,-0.0880810640,0.4359078526,0.6364494875,-0.2904537621,1.5657235233,-0.7054035149,-1.7946950744,0.1345932207,1.5825123410,-2.6778370703,-0.4438296307,1.1324248228,-2.2615610338,-1.6614011531,0.1517561797
567,-1.1664684507,0.3354918086,0.5625400305,0.9370302417,-0.8415023046,0.5220935641,-0.6785908598,-1.2152519677,-0.7386702213,-0.8403911357,-1.2722788343,0.5094878659,-0.1067866620,-1.0508920252,0.8182482230,0.3471548596
568,-1.2530975572,-1.4858833728,-0.5243093719,-0.5016878594,-1.3803015388,-0.1138432180,1.8483453043,-1.1966601755,-0.1856143363,2.1644754350,-0.7302844678,0.7017820107,-2.0693895839,-2.2555199132,-0.6221540358,1.8604960565
569,-1.2237910852,-0.8662492067,-0.0136164126,1.3793268821,-1.8322395211,-2.3154631191,0.2998822076,-0.7153216885,-1.2795785437,0.7952632241,0.1747488161,-0.4167518270,-2.3567563450,-1.4339217098,-0.3291146055,-2.3645089579
570,-0.9264733692,-0.5380998583,0.4350172939,-0.0567453438,-0.8507026382,-1.4646603322,-0.0151089244,-0.3151583454,0.4075812097,0.7774993533,-0.5229784644,-0.0403165903,-0.5220797472,0.1736276302,0.3831452335,-0.3429648800
571,-0.8392826766,-3.1151460787,-0.3617266923,-0.7400552461,0.9446945525,-2.1867494610,1.1514070959,0.9797465083,-0.4578460931,0.9597180007,-0.8894421760,0.5207604223,0.0370213852,0.5533703533,-1.1415168574,1.0822275689
572,-1.5673594602,0.3422766287,-0.8208458167,-0.8875750784,-2.9553190694,1.3846831267,-0.2591691596,-0.8537366912,-0.7229055175,1.3726091984,0.4073780122,1.5208869491,-0.2935701306,-2.2757398097,-0.2380260740,-1.0088831637
573,-2.2983123423,0.5949302620,0.3833897192,1.0129521311,0.2230080652,1.0724489144,-1.0800870970,-1.6375714541,0.7594390591,-0.8444072803,0.2815204590,0.9370195979,0.6093055704,-0.0288686087,1.9586187361,-0.0529465545
574,-0.2830323815,0.4533861694,0.5857004417,1.5723930886,0.0539622322,-0.0132415799,-0.7344764151,0.0884589104,-0.4609485664,-1.2413145480,-0.8239559286,-1.2157984317,-0.0369908714,2.5106178411,1.7839677085,0.3731773616
575,0.3953942498,-1.0841412141,0.1014127637,1.3991947177,2.4604905803,0.2808967135,-1.0944263325,0.9145032880,0.4373899204,0.4501979025,-1.0784081588,0.0732515925,0.0858145431,1.0790164287,1.3576761273,1.0506074173
576,0.5458528787,-2.6716645723,-0.1635477800,-0.0369325044,0.1439878786,-1.6031736777,1.3650207802,1.5811139442,-0.1362794183,1.0803355941,-0.9023693294,0.7047829813,1.0970830266,0.6871683599,1.1825318368,0.5876982706
577,-0.6539458516,1.6497560984,-0.9065641586,0.0768854385,-0.4783996982,0.4506186243,0.2122872368,0.0559140876,-0.8505102822,1.4152462514,-0.7532796332,-0.3831151444,2.9007610078,-1.1929079675,-1.0487310598,0.4827112624
578,0.0070970057,0.4431784097,-0.7803097413,1.2056070300,-1.6577427583,1.0879610081,-2.4867299110,-0.9972146870,0.5896553318,-0.9443827247,-2.2142437565,-1.8908104811,1.8345408966,0.2600439704,0.6907204945,-0.4786309725
579,-0.0000127169,0.4699073370,-0.7613498243,-0.5606384942,0.2140234494,0.8227381014,0.7898964933,-0.9341632911,-0.1073107597,2.2031696684,0.0249023043,-0.0703391968,-0.9695404006,-1.0269862955,1.5340514963,-0.8428237200
580,0.5053699177,0.5455201092,-0.3901116837,0.0258343982,0.1601299493,0.4012241592,0.7062525029,-0.7780627379,-0.3691112488,0.3539672691,-0.6811817890,-0.5125744479,-2.0097171628,-2.8455476237,-1.0736575461,-0.2313954940
581,1.1771346432,0.7123767538,0.7022381964,-0.5518419464,-0.1681716245,-0.3699674225,-0.4727269970,-1.1708159845,2.9665209545,-1.0899516589,0.8462962271,0.4852968021,-0.1411473251,0.9598587120,-0.7410293562,-0.8767598754
582,1.2922079882,0.2261289184,0.6331856076,0.0880923346,-0.2733546283,-1.1485475569,-0.6387331277,-1.3709298348,1.3174660501,0.5516333031,0.1828202259,0.8029426601,1.6037143684,-0.6645614701,-0.0318813679,-0.5135543538
583,0.2891408870,-0.3081420439,-0.0335862736,0.5354965061,-0.8284408692,0.6022304995,0.3439098634,1.2932566068,-0.2242437809,0.1707733567,-0.1467762021,-0.7498621058,0.3251346371,-2.8896619966,0.9506782691,-1.4456906360
584,-0.8114509990,-1.2344134964,-0.6162260321,1.3634752176,-0.5695244060,0.1808719035,0.5112108210,-1.1112988953,-2.4113299400,0.7045775756,0.8868094667,1.0741344788,-0.3379616990,-1.7193463655,0.7039713898,0.7320358843
585,-0.6223408779,-0.3731680032,-0.2625321026,0.1809750294,-0.6773456764,-1.2463996772,0.2477284626,0.5409129992,-1.5991965833,0.3122872140,-0.1569615409,-0.8554179457,-0.6884073308,-0.5541036725,1.3891589001,-0.2850436697
586,0.0608494557,0.0234164325,-0.3474736841,1.4929506063,-0.1273992846,-0.8387146866,0.1301323135,0.0291502730,-0.1647986429,-1.5946360752,-2.0752189031,2.4429316648,1.2174684106,0.0556805152,0.5872077380,-1.4411593133
587,1.3944337613,0.7559870273,-0.3131914185,0.9236583006,-0.4820090090,-0.9285803121,0.6126451254,-0.0701902892,-1.0387324809,-1.2450527254,1.8185833741,1.1107425239,0.1534872842,-0.3632018833,0.0646248507,0.8896711167
588,2.4659238926,0.2335886396,-0.4631598699,-0.4114809324,0.0304947421,1.0256777339,1.5900819759,0.8884723899,-1.1064091338,-0.7467570129,-0.6091626955,-0.9026228298,0.5494650492,0.1562378014,-0.8073292804,0.5946347556
589,0.9656624228,0.1219414698,-0.1752874373,-0.8614000477,2.5197471502,1.0169045621,-0.7107576855,1.8120094278,-1.9581079964,0.4135835579,-0.5892935457,0.7538136051,-0.4385733240,-0.6987348696,0.2731400308,-0.3668578848
590,-0.7701992955,-0.1795757557,-0.5482040576,0.3578988575,0.5140381326,1.0946810445,-0.9746342629,0.4108960735,1.2577486473,0.8494491336,1.0843059326,0.6008121674,1.1542954271,0.9911012044,1.3848541163,-1.4966480375
591,-0.6065677809,0.6356276805,-1.3235916587,-1.1382584382,0.1427422039,-0.6093198199,1.9842463937,1.7394219843,0.4427904465,1.4727484997,2.7695050254,2.0770157534,0.6138389276,0.1102075739,0.3091251441,-1.5610812094
592,0.6261820927,1.1298142496,0.3580597009,-1.2771478533,-0.5858566147,-0.0189146335,-0.8997949708,2.1448280263,1.2304770976,1.4937648320,0.8089943029,0.8859335382,2.4526045348,1.9628665389,-0.9029166637,-1.6006638879
593,-1.1121290663,-0.2891071831,-0.4853306547,-1.4071466115,0.3799969352,-0.1183349538,-1.1254600685,1.2376503139,-0.7737453467,-0.0567972678,0.8601997491,0.5121110434,0.5041302777,-0.2980076428,0.6733409469,0.0343458286
594,-2.5704710651,-0.2204056160,-1.1896646136,-0.2426298573,-0.3832362186,0.7513555061,-0.8213007814,0.1065766037,-0.0400746577,0.7831471626,-0.6540516767,-0.6615568210,0.6062278856,-1.4707581658,-1.0259648079,-1.5673062416
595,-0.8412421821,-1.1370804968,-2.1031933344,-0.0414123330,-0.7033073983,-0.9947074834,0.6606466112,-0.1483167436,-0.0559610524,-0.1686004132,0.0405618329,0.0904947069,1.1788759392,0.9057354905,-1.0663872685,0.0247396065
596,1.1027134774,-0.9610645265,-1.0300558788,0.4406215864,-0.3446999049,0.1773997121,0.2860577868,-0.1134806098,-0.7420479168,-0.0821057875,-0.8821935562,0.1728575792,0.5046151222,1.0724552597,0.4594713703,-0.6316885057
597,0.1032968930,0.2752580079,-0.1124237469,1.2859547308,0.7889548804,-0.1296782598,-0.2502763428,0.1031554894,-1.2012221447,-0.5878374437,1.0150850952,-0.3560986987,0.8592351953,-0.0339614673,-0.6515604906,-0.0264803412
598,1.9134424091,1.9662431375,-0.3103709764,0.6198528263,0.5191717380,-1.4180770708,-0.7230011983,0.0092136424,-0.3568526410,1.7977760383,-0.0464889075,0.1133004366,1.3312081955,0.9296550915,-0.3931467361,-1.7400948443
599,2.9032875906,0.2276563943,-0.3587060852,-1.0275966681,2.1651221896,0.0572936583,-1.2158595035,-1.0966898650,-1.0457134354,0.9375565406,1.9441499740,1.6543645514,-0.1149929770,-0.8110930632,-0.3178451235,0.7183697351
